datetime,pred_KW,pred_GHI,pred_OT
2019-08-01 00:00:00,612.7103,0.0,29.003407
2019-08-01 01:00:00,574.5269,0.0,28.90182
2019-08-01 02:00:00,526.5691,0.0,28.891932
2019-08-01 03:00:00,482.56348,0.0,28.805862
2019-08-01 04:00:00,458.41473,0.0,28.811005
2019-08-01 05:00:00,437.47104,0.0,28.99956
2019-08-01 06:00:00,420.12347,72.14679,29.437523
2019-08-01 07:00:00,429.60327,207.71878,30.06447
2019-08-01 08:00:00,478.3113,445.441,30.680178
2019-08-01 09:00:00,592.77136,673.57733,31.2567
2019-08-01 10:00:00,714.79834,753.22754,31.448282
2019-08-01 11:00:00,757.88324,807.6765,31.339098
2019-08-01 12:00:00,769.03503,836.40186,31.172691
2019-08-01 13:00:00,755.3773,804.2081,31.059774
2019-08-01 14:00:00,753.0811,728.2318,30.977982
2019-08-01 15:00:00,753.0919,613.15436,30.8643
2019-08-01 16:00:00,758.10156,459.4364,30.642292
2019-08-01 17:00:00,714.5035,236.97583,30.42587
2019-08-01 18:00:00,644.3394,0.0,29.907671
2019-08-01 19:00:00,602.7855,0.0,29.646093
2019-08-01 20:00:00,574.77106,0.0,29.449959
2019-08-01 21:00:00,591.03986,0.0,29.410044
2019-08-01 22:00:00,592.97406,0.0,29.372076
2019-08-01 23:00:00,601.725,0.0,29.258123
2019-08-02 00:00:00,576.824,0.0,29.059116
2019-08-02 01:00:00,549.1503,0.0,29.002583
2019-08-02 02:00:00,506.98816,0.0,28.799673
2019-08-02 03:00:00,470.01355,0.0,28.593725
2019-08-02 04:00:00,438.51947,0.0,28.694984
2019-08-02 05:00:00,427.32437,0.0,28.879705
2019-08-02 06:00:00,416.15732,70.47823,29.27984
2019-08-02 07:00:00,442.417,256.9621,29.901474
2019-08-02 08:00:00,501.78522,503.23657,30.367477
2019-08-02 09:00:00,567.1512,678.04297,30.467064
2019-08-02 10:00:00,642.61786,783.90094,30.35929
2019-08-02 11:00:00,672.7578,693.3677,30.397255
2019-08-02 12:00:00,680.6924,842.03,30.314072
2019-08-02 13:00:00,673.38,745.62787,30.411459
2019-08-02 14:00:00,676.2623,757.7446,30.350306
2019-08-02 15:00:00,676.5434,650.45575,30.464195
2019-08-02 16:00:00,678.6443,500.74557,30.346785
2019-08-02 17:00:00,650.44574,262.01935,30.171932
2019-08-02 18:00:00,600.17175,0.0,29.590832
2019-08-02 19:00:00,564.68585,0.0,29.04451
2019-08-02 20:00:00,557.3581,0.0,28.921656
2019-08-02 21:00:00,549.54004,0.0,28.80238
2019-08-02 22:00:00,547.1789,0.0,28.671595
2019-08-02 23:00:00,564.75525,0.0,28.665136
2019-08-03 00:00:00,575.6834,0.0,28.494492
2019-08-03 01:00:00,547.5576,0.0,28.470024
2019-08-03 02:00:00,505.68857,0.0,28.382208
2019-08-03 03:00:00,458.15277,0.0,28.199873
2019-08-03 04:00:00,433.29263,0.0,28.099478
2019-08-03 05:00:00,416.18573,0.0,28.4141
2019-08-03 06:00:00,415.46133,74.79217,28.971134
2019-08-03 07:00:00,428.53247,225.09183,29.803621
2019-08-03 08:00:00,485.88998,515.6045,30.238672
2019-08-03 09:00:00,519.15234,678.13403,30.38242
2019-08-03 10:00:00,514.4614,776.89545,30.552835
2019-08-03 11:00:00,503.1634,902.68866,30.769463
2019-08-03 12:00:00,523.6996,908.46014,30.794506
2019-08-03 13:00:00,539.85547,874.6464,30.65795
2019-08-03 14:00:00,554.2836,783.3177,30.626001
2019-08-03 15:00:00,549.7425,643.549,30.477343
2019-08-03 16:00:00,553.6856,477.4206,30.08122
2019-08-03 17:00:00,545.52234,271.3008,29.832098
2019-08-03 18:00:00,510.65292,0.0,29.335262
2019-08-03 19:00:00,492.41153,0.0,29.07644
2019-08-03 20:00:00,493.156,0.0,29.066275
2019-08-03 21:00:00,501.14517,0.0,29.051691
2019-08-03 22:00:00,516.72754,0.0,29.04086
2019-08-03 23:00:00,542.14087,0.0,28.973825
2019-08-04 00:00:00,551.10236,0.0,28.852434
2019-08-04 01:00:00,527.2283,0.0,28.861916
2019-08-04 02:00:00,507.16846,0.0,28.903835
2019-08-04 03:00:00,480.06796,0.0,28.901133
2019-08-04 04:00:00,460.51782,0.0,29.018192
2019-08-04 05:00:00,440.8216,0.0,29.245518
2019-08-04 06:00:00,427.44418,69.06232,29.681656
2019-08-04 07:00:00,423.73846,182.91077,30.222918
2019-08-04 08:00:00,431.04025,395.32864,30.70537
2019-08-04 09:00:00,449.11157,634.33105,31.340895
2019-08-04 10:00:00,469.41772,803.7108,31.678097
2019-08-04 11:00:00,457.46616,742.77734,31.644953
2019-08-04 12:00:00,455.81766,892.8641,31.776424
2019-08-04 13:00:00,469.55115,737.2161,31.67597
2019-08-04 14:00:00,496.03098,623.48145,31.648478
2019-08-04 15:00:00,506.6192,604.14746,31.26302
2019-08-04 16:00:00,522.01166,504.95386,30.876404
2019-08-04 17:00:00,503.51556,229.1685,30.558369
2019-08-04 18:00:00,479.98398,0.0,30.038397
2019-08-04 19:00:00,455.62833,0.0,29.648628
2019-08-04 20:00:00,480.3553,0.0,29.587578
2019-08-04 21:00:00,490.07336,0.0,29.540474
2019-08-04 22:00:00,519.12024,0.0,29.58278
2019-08-04 23:00:00,559.8095,0.0,29.529108
2019-08-05 00:00:00,583.7084,0.0,29.382523
2019-08-05 01:00:00,556.89594,0.0,29.026373
2019-08-05 02:00:00,503.68216,0.0,28.88965
2019-08-05 03:00:00,465.52383,0.0,28.787628
2019-08-05 04:00:00,447.9854,0.0,28.834614
2019-08-05 05:00:00,434.77432,0.0,29.049742
2019-08-05 06:00:00,427.81384,64.75666,29.479607
2019-08-05 07:00:00,438.01614,191.8357,30.212856
2019-08-05 08:00:00,480.629,456.92142,30.659363
2019-08-05 09:00:00,575.5784,673.0357,30.810232
2019-08-05 10:00:00,663.3716,787.2788,31.241148
2019-08-05 11:00:00,725.4691,758.3776,31.563473
2019-08-05 12:00:00,742.5354,737.89557,31.51359
2019-08-05 13:00:00,732.56134,721.8543,31.396713
2019-08-05 14:00:00,732.04663,727.5076,31.210443
2019-08-05 15:00:00,746.4241,611.29156,31.28629
2019-08-05 16:00:00,712.27435,336.24225,30.929398
2019-08-05 17:00:00,698.36316,240.19588,30.33595
2019-08-05 18:00:00,652.9433,0.0,29.867958
2019-08-05 19:00:00,628.34296,0.0,29.54742
2019-08-05 20:00:00,606.7481,0.0,29.550684
2019-08-05 21:00:00,600.4091,0.0,29.481672
2019-08-05 22:00:00,605.5949,0.0,29.380863
2019-08-05 23:00:00,621.5579,0.0,29.40496
2019-08-06 00:00:00,615.39856,0.0,29.315973
2019-08-06 01:00:00,573.3487,0.0,29.26862
2019-08-06 02:00:00,532.3178,0.0,29.127052
2019-08-06 03:00:00,498.9845,0.0,28.93881
2019-08-06 04:00:00,473.782,0.0,28.858627
2019-08-06 05:00:00,453.51007,0.0,29.116081
2019-08-06 06:00:00,457.12396,83.457954,29.574314
2019-08-06 07:00:00,468.71732,241.8299,30.070787
2019-08-06 08:00:00,520.0424,527.35095,30.334768
2019-08-06 09:00:00,598.2918,724.456,30.440506
2019-08-06 10:00:00,679.61444,770.24316,30.661661
2019-08-06 11:00:00,722.324,844.3414,30.804771
2019-08-06 12:00:00,749.0453,878.0528,30.913525
2019-08-06 13:00:00,747.29877,879.21063,30.86831
2019-08-06 14:00:00,760.33826,757.93805,30.932138
2019-08-06 15:00:00,760.6513,643.5894,30.856953
2019-08-06 16:00:00,744.20386,484.31088,30.457691
2019-08-06 17:00:00,689.16504,261.91428,30.072683
2019-08-06 18:00:00,635.437,0.0,29.444674
2019-08-06 19:00:00,578.66943,0.0,29.022856
2019-08-06 20:00:00,560.69336,0.0,28.852757
2019-08-06 21:00:00,565.148,0.0,28.81747
2019-08-06 22:00:00,580.5955,0.0,28.782839
2019-08-06 23:00:00,599.2404,0.0,28.691307
2019-08-07 00:00:00,588.9761,0.0,28.623041
2019-08-07 01:00:00,565.326,0.0,28.651678
2019-08-07 02:00:00,527.4149,0.0,28.533054
2019-08-07 03:00:00,503.50916,0.0,28.433374
2019-08-07 04:00:00,471.71252,0.0,28.512482
2019-08-07 05:00:00,460.61026,0.0,28.75182
2019-08-07 06:00:00,451.51367,100.87192,29.265543
2019-08-07 07:00:00,465.2988,267.93832,29.951696
2019-08-07 08:00:00,488.86642,488.6087,30.573137
2019-08-07 09:00:00,559.3529,695.5096,30.953407
2019-08-07 10:00:00,641.86316,498.894,31.160528
2019-08-07 11:00:00,684.3727,455.8552,31.269688
2019-08-07 12:00:00,697.4927,501.3487,31.243229
2019-08-07 13:00:00,685.22174,377.94183,30.909489
2019-08-07 14:00:00,669.09424,398.69125,30.937008
2019-08-07 15:00:00,674.3003,369.9257,30.57348
2019-08-07 16:00:00,662.1685,336.41437,30.233768
2019-08-07 17:00:00,671.7046,251.80302,29.90913
2019-08-07 18:00:00,621.4441,0.0,29.64368
2019-08-07 19:00:00,554.2937,0.0,29.271288
2019-08-07 20:00:00,543.38763,0.0,29.355488
2019-08-07 21:00:00,546.8112,0.0,29.231821
2019-08-07 22:00:00,562.28253,0.0,29.19304
2019-08-07 23:00:00,582.2903,0.0,29.156128
2019-08-08 00:00:00,601.9199,0.0,29.181005
2019-08-08 01:00:00,557.9454,0.0,29.503832
2019-08-08 02:00:00,501.93698,0.0,29.574625
2019-08-08 03:00:00,466.03424,0.0,29.587517
2019-08-08 04:00:00,445.18906,0.0,29.205795
2019-08-08 05:00:00,429.8285,0.0,29.444014
2019-08-08 06:00:00,439.27313,36.735245,29.725908
2019-08-08 07:00:00,443.88727,202.7025,30.272005
2019-08-08 08:00:00,476.78598,348.4328,30.42555
2019-08-08 09:00:00,536.734,300.46292,30.25628
2019-08-08 10:00:00,615.36694,556.805,30.372864
2019-08-08 11:00:00,685.6504,534.14276,30.335726
2019-08-08 12:00:00,711.4553,552.198,30.424314
2019-08-08 13:00:00,709.9354,621.4597,30.138021
2019-08-08 14:00:00,668.61,361.2492,30.116447
2019-08-08 15:00:00,653.3559,223.01175,29.828638
2019-08-08 16:00:00,670.18646,158.98825,29.89783
2019-08-08 17:00:00,669.68774,133.54012,29.82758
2019-08-08 18:00:00,585.6011,0.0,29.436514
2019-08-08 19:00:00,512.42426,0.0,29.35962
2019-08-08 20:00:00,480.95795,0.0,29.312223
2019-08-08 21:00:00,477.45212,0.0,29.207323
2019-08-08 22:00:00,503.11334,0.0,29.191368
2019-08-08 23:00:00,521.8731,0.0,29.11432
2019-08-09 00:00:00,522.641,0.0,29.228668
2019-08-09 01:00:00,502.32733,0.0,29.249435
2019-08-09 02:00:00,524.854,0.0,29.086586
2019-08-09 03:00:00,493.43045,0.0,28.985378
2019-08-09 04:00:00,464.7811,0.0,28.6321
2019-08-09 05:00:00,440.44275,0.0,28.623323
2019-08-09 06:00:00,432.7844,62.04119,28.765642
2019-08-09 07:00:00,450.249,98.088776,28.697603
2019-08-09 08:00:00,470.07135,184.1834,28.601875
2019-08-09 09:00:00,461.73096,144.08977,28.604132
2019-08-09 10:00:00,344.8056,328.58124,30.02328
2019-08-09 11:00:00,345.65668,359.08688,30.260918
2019-08-09 12:00:00,348.57642,213.07735,30.811808
2019-08-09 13:00:00,396.3439,320.9799,30.965366
2019-08-09 14:00:00,399.17062,329.7203,31.488445
2019-08-09 15:00:00,372.77274,194.54013,31.530048
2019-08-09 16:00:00,423.2156,239.86366,31.49736
2019-08-09 17:00:00,412.69995,202.63918,31.18142
2019-08-09 18:00:00,396.7338,0.0,30.34187
2019-08-09 19:00:00,396.83633,0.0,30.147356
2019-08-09 20:00:00,401.6971,0.0,30.206236
2019-08-09 21:00:00,425.64468,0.0,30.201742
2019-08-09 22:00:00,443.26413,0.0,30.161898
2019-08-09 23:00:00,461.14722,0.0,30.203255
2019-08-10 00:00:00,499.2484,0.0,30.335833
2019-08-10 01:00:00,473.9449,0.0,30.829062
2019-08-10 02:00:00,466.7023,0.0,30.920164
2019-08-10 03:00:00,428.47586,0.0,30.737963
2019-08-10 04:00:00,421.3556,0.0,30.586336
2019-08-10 05:00:00,404.09207,0.0,30.4778
2019-08-10 06:00:00,387.7966,22.587664,31.063845
2019-08-10 07:00:00,378.33856,78.376434,31.64861
2019-08-10 08:00:00,379.2267,115.573975,31.866535
2019-08-10 09:00:00,387.36435,344.98904,32.946163
2019-08-10 10:00:00,435.08636,614.1789,33.011356
2019-08-10 11:00:00,478.24536,736.9219,32.86294
2019-08-10 12:00:00,486.9028,745.76355,32.755665
2019-08-10 13:00:00,463.11276,830.79205,32.759937
2019-08-10 14:00:00,495.61603,724.732,32.700146
2019-08-10 15:00:00,493.79126,603.7129,32.565628
2019-08-10 16:00:00,516.82715,449.71893,32.33216
2019-08-10 17:00:00,501.57742,242.91374,31.617872
2019-08-10 18:00:00,466.87686,0.0,30.981693
2019-08-10 19:00:00,452.03134,0.0,30.661177
2019-08-10 20:00:00,454.36243,0.0,30.63095
2019-08-10 21:00:00,485.88715,0.0,30.6774
2019-08-10 22:00:00,496.2875,0.0,30.71711
2019-08-10 23:00:00,524.77844,0.0,30.671774
2019-08-11 00:00:00,527.815,0.0,30.588566
2019-08-11 01:00:00,503.2416,0.0,30.403368
2019-08-11 02:00:00,446.1691,0.0,30.505507
2019-08-11 03:00:00,416.56158,0.0,30.205057
2019-08-11 04:00:00,394.09592,0.0,29.929281
2019-08-11 05:00:00,385.5405,0.0,30.024231
2019-08-11 06:00:00,375.31247,31.122911,30.490719
2019-08-11 07:00:00,375.9385,125.420105,30.929354
2019-08-11 08:00:00,401.2752,286.80695,31.4264
2019-08-11 09:00:00,432.86972,552.98346,31.839167
2019-08-11 10:00:00,448.6393,737.42084,32.053192
2019-08-11 11:00:00,456.24997,802.11206,32.157448
2019-08-11 12:00:00,453.3523,859.0195,32.061077
2019-08-11 13:00:00,456.6415,784.3302,31.977009
2019-08-11 14:00:00,478.91956,763.8824,31.928669
2019-08-11 15:00:00,507.07562,614.41437,31.972124
2019-08-11 16:00:00,523.93994,440.36514,31.719086
2019-08-11 17:00:00,505.4355,227.19527,31.080732
2019-08-11 18:00:00,474.49542,0.0,30.437122
2019-08-11 19:00:00,464.7349,0.0,30.125757
2019-08-11 20:00:00,474.62576,0.0,29.970787
2019-08-11 21:00:00,483.1894,0.0,29.881193
2019-08-11 22:00:00,499.1949,0.0,29.81086
2019-08-11 23:00:00,541.18286,0.0,29.652151
2019-08-12 00:00:00,559.7384,0.0,29.514751
2019-08-12 01:00:00,526.82947,0.0,29.235035
2019-08-12 02:00:00,475.66132,0.0,29.030163
2019-08-12 03:00:00,448.099,0.0,28.82546
2019-08-12 04:00:00,436.70883,0.0,28.789345
2019-08-12 05:00:00,415.7667,0.0,29.012835
2019-08-12 06:00:00,408.35254,54.91973,29.391138
2019-08-12 07:00:00,408.74286,130.51596,29.950174
2019-08-12 08:00:00,445.22113,282.0198,30.756971
2019-08-12 09:00:00,529.4542,329.33994,31.408682
2019-08-12 10:00:00,625.42285,462.6173,31.532803
2019-08-12 11:00:00,685.44653,484.86172,31.418451
2019-08-12 12:00:00,695.6636,384.90323,31.26584
2019-08-12 13:00:00,686.65485,398.03586,31.169958
2019-08-12 14:00:00,693.8094,497.5334,30.949652
2019-08-12 15:00:00,689.17053,316.17175,30.481863
2019-08-12 16:00:00,657.5382,193.30728,30.344006
2019-08-12 17:00:00,639.1801,175.75833,30.140108
2019-08-12 18:00:00,595.5567,0.0,29.687323
2019-08-12 19:00:00,569.05,0.0,29.535904
2019-08-12 20:00:00,569.0932,0.0,29.534359
2019-08-12 21:00:00,575.568,0.0,29.373238
2019-08-12 22:00:00,577.51337,0.0,29.210169
2019-08-12 23:00:00,588.5217,0.0,29.111725
2019-08-13 00:00:00,594.5438,0.0,29.121159
2019-08-13 01:00:00,580.67114,0.0,29.236912
2019-08-13 02:00:00,508.7904,0.0,29.233564
2019-08-13 03:00:00,468.31424,0.0,28.917786
2019-08-13 04:00:00,437.7618,0.0,28.352242
2019-08-13 05:00:00,418.12192,0.0,28.274199
2019-08-13 06:00:00,408.82083,15.81804,28.620586
2019-08-13 07:00:00,420.46176,237.42123,29.625145
2019-08-13 08:00:00,485.21252,501.18747,30.54228
2019-08-13 09:00:00,586.2352,711.2062,31.460262
2019-08-13 10:00:00,642.1667,825.4639,31.892601
2019-08-13 11:00:00,692.1806,821.1127,32.043484
2019-08-13 12:00:00,711.31146,917.35565,32.056866
2019-08-13 13:00:00,706.96533,849.5971,31.956184
2019-08-13 14:00:00,705.588,722.32056,32.003872
2019-08-13 15:00:00,713.968,611.9367,31.692799
2019-08-13 16:00:00,705.8656,394.03265,31.15862
2019-08-13 17:00:00,673.7564,214.92192,30.530306
2019-08-13 18:00:00,630.4562,0.0,30.132051
2019-08-13 19:00:00,588.4314,0.0,29.594252
2019-08-13 20:00:00,588.3295,0.0,29.318426
2019-08-13 21:00:00,583.3956,0.0,29.17751
2019-08-13 22:00:00,588.59894,0.0,29.04397
2019-08-13 23:00:00,603.40436,0.0,28.815153
2019-08-14 00:00:00,597.30634,0.0,28.738848
2019-08-14 01:00:00,540.90936,0.0,28.725252
2019-08-14 02:00:00,500.1832,0.0,28.621607
2019-08-14 03:00:00,456.86942,0.0,28.347149
2019-08-14 04:00:00,434.0798,0.0,28.300865
2019-08-14 05:00:00,419.6186,0.0,28.493605
2019-08-14 06:00:00,408.0403,81.24131,28.94149
2019-08-14 07:00:00,424.52777,236.92216,29.905346
2019-08-14 08:00:00,478.6216,470.0585,30.837496
2019-08-14 09:00:00,605.2914,668.69714,31.42107
2019-08-14 10:00:00,660.4718,787.23566,31.785942
2019-08-14 11:00:00,718.2713,859.49713,32.030823
2019-08-14 12:00:00,736.154,874.0711,32.107452
2019-08-14 13:00:00,724.1395,845.2603,32.098057
2019-08-14 14:00:00,729.3265,753.21,32.092014
2019-08-14 15:00:00,747.82764,538.9066,31.93153
2019-08-14 16:00:00,724.3582,393.4251,31.728754
2019-08-14 17:00:00,684.3446,218.1629,30.978312
2019-08-14 18:00:00,619.20233,0.0,30.33664
2019-08-14 19:00:00,589.01794,0.0,29.75472
2019-08-14 20:00:00,593.81287,0.0,29.582373
2019-08-14 21:00:00,600.1805,0.0,29.517155
2019-08-14 22:00:00,606.69464,0.0,29.369253
2019-08-14 23:00:00,642.6185,0.0,29.338875
2019-08-15 00:00:00,647.89905,0.0,29.222916
2019-08-15 01:00:00,593.337,0.0,29.010767
2019-08-15 02:00:00,538.68353,0.0,28.770786
2019-08-15 03:00:00,500.67453,0.0,28.56916
2019-08-15 04:00:00,470.7991,0.0,28.509298
2019-08-15 05:00:00,445.78293,0.0,28.68806
2019-08-15 06:00:00,433.7394,71.69023,28.944971
2019-08-15 07:00:00,451.51807,234.34505,29.870762
2019-08-15 08:00:00,546.7748,397.97226,30.883846
2019-08-15 09:00:00,608.89703,673.78357,31.7683
2019-08-15 10:00:00,645.82166,515.46277,32.043568
2019-08-15 11:00:00,706.9559,610.985,32.221294
2019-08-15 12:00:00,744.71204,584.81976,32.311295
2019-08-15 13:00:00,725.0212,368.973,32.23135
2019-08-15 14:00:00,718.8238,391.15338,32.26805
2019-08-15 15:00:00,731.9709,443.8199,31.718552
2019-08-15 16:00:00,732.10236,317.7109,31.227158
2019-08-15 17:00:00,676.83044,94.98941,30.905535
2019-08-15 18:00:00,617.9785,0.0,30.364206
2019-08-15 19:00:00,595.3406,0.0,29.89701
2019-08-15 20:00:00,594.3278,0.0,29.810543
2019-08-15 21:00:00,580.5639,0.0,29.659073
2019-08-15 22:00:00,591.87366,0.0,29.504139
2019-08-15 23:00:00,614.5372,0.0,29.206846
2019-08-16 00:00:00,615.70593,0.0,29.025248
2019-08-16 01:00:00,557.1744,0.0,29.078262
2019-08-16 02:00:00,503.62115,0.0,28.901798
2019-08-16 03:00:00,465.82904,0.0,28.650408
2019-08-16 04:00:00,445.65192,0.0,28.70871
2019-08-16 05:00:00,435.20462,0.0,28.73952
2019-08-16 06:00:00,439.13544,84.5396,29.024557
2019-08-16 07:00:00,448.45444,156.69568,29.557215
2019-08-16 08:00:00,481.88477,443.33002,29.917767
2019-08-16 09:00:00,562.4398,642.44934,30.453188
2019-08-16 10:00:00,580.39496,572.235,31.145771
2019-08-16 11:00:00,640.2622,733.19904,31.541842
2019-08-16 12:00:00,663.48065,575.8672,31.535957
2019-08-16 13:00:00,655.7091,602.43304,31.318008
2019-08-16 14:00:00,658.37854,589.6173,31.21824
2019-08-16 15:00:00,674.1646,515.7148,31.073347
2019-08-16 16:00:00,661.4166,291.22012,30.710337
2019-08-16 17:00:00,637.34485,148.6579,30.425478
2019-08-16 18:00:00,598.54944,0.0,30.011475
2019-08-16 19:00:00,570.83026,0.0,29.67249
2019-08-16 20:00:00,576.2155,0.0,29.56177
2019-08-16 21:00:00,550.33234,0.0,29.43394
2019-08-16 22:00:00,561.06165,0.0,29.277475
2019-08-16 23:00:00,571.70184,0.0,28.98934
2019-08-17 00:00:00,603.032,0.0,28.914011
2019-08-17 01:00:00,564.24347,0.0,28.804178
2019-08-17 02:00:00,505.10284,0.0,28.750286
2019-08-17 03:00:00,466.81448,0.0,28.530201
2019-08-17 04:00:00,440.15244,0.0,28.52711
2019-08-17 05:00:00,418.3843,0.0,28.781822
2019-08-17 06:00:00,409.40836,47.334717,29.266785
2019-08-17 07:00:00,406.05664,194.96623,30.069567
2019-08-17 08:00:00,457.15552,435.41672,30.513655
2019-08-17 09:00:00,514.87836,620.6401,30.949196
2019-08-17 10:00:00,510.28503,672.47125,31.586235
2019-08-17 11:00:00,524.5425,838.5584,31.897497
2019-08-17 12:00:00,550.60077,898.75104,31.893213
2019-08-17 13:00:00,558.3063,856.5936,31.713694
2019-08-17 14:00:00,576.91455,732.67114,31.662773
2019-08-17 15:00:00,585.22687,588.2023,31.507292
2019-08-17 16:00:00,563.5642,345.67932,30.80506
2019-08-17 17:00:00,536.90234,182.22758,30.378408
2019-08-17 18:00:00,524.9465,0.0,29.807777
2019-08-17 19:00:00,487.44925,0.0,29.327358
2019-08-17 20:00:00,514.4379,0.0,29.203146
2019-08-17 21:00:00,526.9224,0.0,29.095598
2019-08-17 22:00:00,551.5006,0.0,29.067726
2019-08-17 23:00:00,578.1143,0.0,28.859188
2019-08-18 00:00:00,577.1226,0.0,28.508823
2019-08-18 01:00:00,540.4673,0.0,28.221193
2019-08-18 02:00:00,503.805,0.0,27.904882
2019-08-18 03:00:00,463.52036,0.0,27.729301
2019-08-18 04:00:00,436.08597,0.0,27.789747
2019-08-18 05:00:00,418.53378,0.0,27.917341
2019-08-18 06:00:00,400.1128,60.645363,28.4547
2019-08-18 07:00:00,404.0902,193.57953,29.240479
2019-08-18 08:00:00,421.4951,385.799,30.060463
2019-08-18 09:00:00,447.41733,583.92365,30.967371
2019-08-18 10:00:00,452.24783,754.3777,31.434677
2019-08-18 11:00:00,458.89014,575.7992,30.962173
2019-08-18 12:00:00,453.95645,585.4865,30.405516
2019-08-18 13:00:00,475.9382,360.2227,30.32305
2019-08-18 14:00:00,486.85638,342.26126,30.119576
2019-08-18 15:00:00,511.12262,297.07947,29.885687
2019-08-18 16:00:00,506.74338,206.18925,29.61598
2019-08-18 17:00:00,498.50552,114.42463,28.839708
2019-08-18 18:00:00,495.24942,0.0,28.639227
2019-08-18 19:00:00,495.42828,0.0,28.370108
2019-08-18 20:00:00,518.5848,0.0,28.312296
2019-08-18 21:00:00,549.5234,0.0,28.171534
2019-08-18 22:00:00,583.47546,0.0,28.035185
2019-08-18 23:00:00,597.2863,0.0,27.973377
2019-08-19 00:00:00,588.0424,0.0,27.821411
2019-08-19 01:00:00,544.08765,0.0,27.757643
2019-08-19 02:00:00,510.16794,0.0,27.66507
2019-08-19 03:00:00,478.96707,0.0,27.892187
2019-08-19 04:00:00,463.14084,0.0,27.850819
2019-08-19 05:00:00,440.0058,0.0,27.914309
2019-08-19 06:00:00,434.53583,43.65428,28.056479
2019-08-19 07:00:00,435.62357,78.47039,28.423214
2019-08-19 08:00:00,488.3794,252.29594,28.803099
2019-08-19 09:00:00,563.72375,175.6433,28.800493
2019-08-19 10:00:00,650.5189,482.94058,29.350382
2019-08-19 11:00:00,699.26355,574.1968,29.468645
2019-08-19 12:00:00,711.19794,566.74225,29.374815
2019-08-19 13:00:00,711.05396,521.4317,29.159348
2019-08-19 14:00:00,708.9418,481.39392,29.001259
2019-08-19 15:00:00,704.5434,329.84573,28.711254
2019-08-19 16:00:00,683.2263,169.77419,28.452875
2019-08-19 17:00:00,652.02423,14.963075,28.190668
2019-08-19 18:00:00,645.3419,0.0,27.8826
2019-08-19 19:00:00,623.6855,0.0,27.777784
2019-08-19 20:00:00,607.49207,0.0,27.859377
2019-08-19 21:00:00,604.7187,0.0,27.840017
2019-08-19 22:00:00,613.90906,0.0,27.794287
2019-08-19 23:00:00,623.3707,0.0,27.693312
2019-08-20 00:00:00,608.433,0.0,27.607061
2019-08-20 01:00:00,575.5507,0.0,27.586895
2019-08-20 02:00:00,527.11035,0.0,27.226559
2019-08-20 03:00:00,491.27692,0.0,27.142853
2019-08-20 04:00:00,459.8659,0.0,27.100325
2019-08-20 05:00:00,440.1757,0.0,27.27479
2019-08-20 06:00:00,426.4988,51.064392,27.546793
2019-08-20 07:00:00,432.26398,159.17131,28.20683
2019-08-20 08:00:00,483.92035,287.0204,28.81649
2019-08-20 09:00:00,578.3451,553.0864,29.072262
2019-08-20 10:00:00,659.82104,728.3056,29.38861
2019-08-20 11:00:00,661.7015,350.05637,29.656588
2019-08-20 12:00:00,686.60406,403.4514,29.654734
2019-08-20 13:00:00,710.1256,557.2502,29.535812
2019-08-20 14:00:00,712.3191,424.1064,29.170135
2019-08-20 15:00:00,690.9806,208.93477,29.033178
2019-08-20 16:00:00,688.8409,293.23398,29.082817
2019-08-20 17:00:00,677.19574,176.79587,28.531528
2019-08-20 18:00:00,635.47394,0.0,28.21686
2019-08-20 19:00:00,602.1353,0.0,28.144278
2019-08-20 20:00:00,598.25116,0.0,28.071344
2019-08-20 21:00:00,605.6792,0.0,27.958153
2019-08-20 22:00:00,607.4148,0.0,27.773384
2019-08-20 23:00:00,621.37,0.0,27.773895
2019-08-21 00:00:00,610.7945,0.0,27.594862
2019-08-21 01:00:00,556.70087,0.0,27.560047
2019-08-21 02:00:00,511.77234,0.0,27.469597
2019-08-21 03:00:00,475.5312,0.0,27.17919
2019-08-21 04:00:00,444.4766,0.0,27.077515
2019-08-21 05:00:00,421.063,0.0,27.360743
2019-08-21 06:00:00,413.68222,85.57249,27.82809
2019-08-21 07:00:00,432.03375,163.70528,28.476114
2019-08-21 08:00:00,503.23865,476.32584,28.842844
2019-08-21 09:00:00,583.21063,599.5455,28.56765
2019-08-21 10:00:00,644.7051,618.5357,28.749264
2019-08-21 11:00:00,704.54926,665.5789,28.856241
2019-08-21 12:00:00,726.3198,726.8476,28.848837
2019-08-21 13:00:00,710.30945,434.19418,29.04692
2019-08-21 14:00:00,716.6985,507.8153,29.099056
2019-08-21 15:00:00,720.3585,344.0784,28.772255
2019-08-21 16:00:00,703.0959,281.9084,28.996302
2019-08-21 17:00:00,681.02625,208.91136,28.580267
2019-08-21 18:00:00,634.74695,0.0,28.334784
2019-08-21 19:00:00,598.7397,0.0,28.055964
2019-08-21 20:00:00,593.039,0.0,28.270094
2019-08-21 21:00:00,596.41724,0.0,28.210785
2019-08-21 22:00:00,604.669,0.0,28.140419
2019-08-21 23:00:00,622.3903,0.0,27.984749
2019-08-22 00:00:00,618.1324,0.0,27.969671
2019-08-22 01:00:00,575.3285,0.0,28.13986
2019-08-22 02:00:00,530.5128,0.0,28.100243
2019-08-22 03:00:00,484.49762,0.0,28.051025
2019-08-22 04:00:00,458.43106,0.0,27.93736
2019-08-22 05:00:00,426.2637,0.0,28.132957
2019-08-22 06:00:00,426.0075,46.669548,28.47256
2019-08-22 07:00:00,432.95193,199.53316,29.357601
2019-08-22 08:00:00,508.77716,474.59323,30.223768
2019-08-22 09:00:00,590.9871,645.4408,30.536354
2019-08-22 10:00:00,675.82477,807.70984,30.665554
2019-08-22 11:00:00,723.3612,820.9146,30.922968
2019-08-22 12:00:00,723.5335,890.27954,30.951485
2019-08-22 13:00:00,727.8534,819.20856,30.856829
2019-08-22 14:00:00,730.72107,702.927,30.864882
2019-08-22 15:00:00,742.1458,596.05774,30.460943
2019-08-22 16:00:00,713.2321,276.6895,29.956043
2019-08-22 17:00:00,688.5129,189.74336,29.409603
2019-08-22 18:00:00,640.1047,0.0,28.962614
2019-08-22 19:00:00,602.5333,0.0,28.637533
2019-08-22 20:00:00,571.59106,0.0,28.558146
2019-08-22 21:00:00,553.1972,0.0,28.619143
2019-08-22 22:00:00,566.8553,0.0,28.48867
2019-08-22 23:00:00,572.3327,0.0,28.45967
2019-08-23 00:00:00,550.91376,0.0,28.448305
2019-08-23 01:00:00,506.63672,0.0,28.394588
2019-08-23 02:00:00,464.5797,0.0,28.072088
2019-08-23 03:00:00,424.6439,0.0,27.943367
2019-08-23 04:00:00,425.06894,0.0,28.199072
2019-08-23 05:00:00,412.40805,0.0,28.378532
2019-08-23 06:00:00,414.9657,88.163345,28.715368
2019-08-23 07:00:00,436.16156,255.23424,29.687477
2019-08-23 08:00:00,486.27338,503.9296,30.398296
2019-08-23 09:00:00,550.4411,662.75507,30.743677
2019-08-23 10:00:00,583.2822,798.7867,31.02465
2019-08-23 11:00:00,650.3652,863.5092,31.063528
2019-08-23 12:00:00,679.7076,835.4685,30.930784
2019-08-23 13:00:00,666.8835,830.5454,30.76595
2019-08-23 14:00:00,652.8278,693.2451,30.595106
2019-08-23 15:00:00,635.4243,346.72925,30.273043
2019-08-23 16:00:00,650.18726,369.0603,30.484837
2019-08-23 17:00:00,618.4343,166.16138,30.004759
2019-08-23 18:00:00,584.63055,0.0,29.465117
2019-08-23 19:00:00,548.9789,0.0,29.099037
2019-08-23 20:00:00,537.1428,0.0,29.089499
2019-08-23 21:00:00,538.2768,0.0,29.006592
2019-08-23 22:00:00,534.74005,0.0,29.024923
2019-08-23 23:00:00,552.501,0.0,28.818712
2019-08-24 00:00:00,556.88336,0.0,28.728445
2019-08-24 01:00:00,526.4467,0.0,28.70305
2019-08-24 02:00:00,493.56024,0.0,28.621359
2019-08-24 03:00:00,467.23288,0.0,28.489567
2019-08-24 04:00:00,446.69223,0.0,28.619139
2019-08-24 05:00:00,421.90564,0.0,28.93299
2019-08-24 06:00:00,410.31204,78.09173,29.34098
2019-08-24 07:00:00,409.37405,181.13892,29.661926
2019-08-24 08:00:00,459.7759,353.04272,29.804237
2019-08-24 09:00:00,491.61816,525.06287,29.993484
2019-08-24 10:00:00,501.0747,714.1406,30.142338
2019-08-24 11:00:00,493.56882,451.16794,30.186502
2019-08-24 12:00:00,513.8145,596.86127,29.805428
2019-08-24 13:00:00,536.1843,657.2293,29.883514
2019-08-24 14:00:00,554.48267,533.2451,30.139685
2019-08-24 15:00:00,538.9963,404.3219,29.797396
2019-08-24 16:00:00,546.46893,284.0505,29.54468
2019-08-24 17:00:00,528.931,119.72759,29.417126
2019-08-24 18:00:00,509.3167,0.0,29.185698
2019-08-24 19:00:00,498.0383,0.0,29.124584
2019-08-24 20:00:00,510.8323,0.0,29.106886
2019-08-24 21:00:00,526.8173,0.0,29.116617
2019-08-24 22:00:00,539.0786,0.0,28.995998
2019-08-24 23:00:00,566.2513,0.0,28.95832
2019-08-25 00:00:00,574.32776,0.0,28.805876
2019-08-25 01:00:00,548.5146,0.0,28.834076
2019-08-25 02:00:00,515.81024,0.0,28.694605
2019-08-25 03:00:00,475.19196,0.0,28.727343
2019-08-25 04:00:00,450.10806,0.0,28.838013
2019-08-25 05:00:00,424.4143,0.0,28.868586
2019-08-25 06:00:00,401.3712,40.803574,28.96572
2019-08-25 07:00:00,404.7206,141.66177,29.484514
2019-08-25 08:00:00,423.55966,303.35895,30.13634
2019-08-25 09:00:00,447.74698,446.97842,30.770151
2019-08-25 10:00:00,455.49875,595.3421,31.279573
2019-08-25 11:00:00,459.6415,559.68915,31.269983
2019-08-25 12:00:00,454.2464,557.39166,30.886795
2019-08-25 13:00:00,493.86377,674.3457,30.406517
2019-08-25 14:00:00,519.9181,536.79254,30.565565
2019-08-25 15:00:00,536.0288,511.7995,30.379942
2019-08-25 16:00:00,538.6713,348.74033,30.147081
2019-08-25 17:00:00,519.1565,209.05017,29.610048
2019-08-25 18:00:00,505.73093,0.0,29.23491
2019-08-25 19:00:00,498.438,0.0,29.062479
2019-08-25 20:00:00,519.8651,0.0,29.023035
2019-08-25 21:00:00,547.1334,0.0,29.015566
2019-08-25 22:00:00,576.7598,0.0,28.976854
2019-08-25 23:00:00,600.51416,0.0,28.980621
2019-08-26 00:00:00,612.2147,0.0,28.923712
2019-08-26 01:00:00,580.8362,0.0,28.574837
2019-08-26 02:00:00,521.9949,0.0,28.502625
2019-08-26 03:00:00,480.03473,0.0,28.360231
2019-08-26 04:00:00,452.61136,0.0,28.273634
2019-08-26 05:00:00,434.91782,0.0,28.300001
2019-08-26 06:00:00,424.07602,41.520416,28.5734
2019-08-26 07:00:00,435.48907,140.76593,29.198906
2019-08-26 08:00:00,479.42245,369.2036,29.977657
2019-08-26 09:00:00,569.9892,617.18976,30.453056
2019-08-26 10:00:00,646.66003,728.2627,30.664936
2019-08-26 11:00:00,700.6763,779.17285,30.707554
2019-08-26 12:00:00,724.25183,804.03174,30.68406
2019-08-26 13:00:00,718.2691,614.7993,30.829762
2019-08-26 14:00:00,720.62225,447.83395,30.878218
2019-08-26 15:00:00,730.26294,499.63028,30.836845
2019-08-26 16:00:00,723.23615,419.33755,30.462133
2019-08-26 17:00:00,668.6532,185.5308,29.746708
2019-08-26 18:00:00,629.2367,0.0,29.279818
2019-08-26 19:00:00,609.914,0.0,29.097795
2019-08-26 20:00:00,610.85455,0.0,28.994356
2019-08-26 21:00:00,616.4861,0.0,28.960302
2019-08-26 22:00:00,630.5271,0.0,28.875275
2019-08-26 23:00:00,641.03564,0.0,28.732584
2019-08-27 00:00:00,618.28125,0.0,28.46591
2019-08-27 01:00:00,574.5747,0.0,28.222202
2019-08-27 02:00:00,521.2689,0.0,28.081665
2019-08-27 03:00:00,477.8335,0.0,27.886902
2019-08-27 04:00:00,444.9183,0.0,27.909214
2019-08-27 05:00:00,430.47708,0.0,28.020588
2019-08-27 06:00:00,421.06934,66.1539,28.166029
2019-08-27 07:00:00,436.65268,196.36432,29.037241
2019-08-27 08:00:00,486.39972,473.6141,29.832117
2019-08-27 09:00:00,575.49634,719.1349,30.351093
2019-08-27 10:00:00,661.5482,834.2732,30.780483
2019-08-27 11:00:00,708.40485,934.4735,31.05366
2019-08-27 12:00:00,719.64844,894.45026,31.133842
2019-08-27 13:00:00,718.9377,850.9087,31.112368
2019-08-27 14:00:00,729.3536,758.74084,30.736067
2019-08-27 15:00:00,729.75116,611.7587,30.4138
2019-08-27 16:00:00,712.98535,419.6762,29.87069
2019-08-27 17:00:00,673.1431,214.18877,29.318653
2019-08-27 18:00:00,635.8563,0.0,28.71645
2019-08-27 19:00:00,608.45496,0.0,28.347393
2019-08-27 20:00:00,604.90826,0.0,28.282358
2019-08-27 21:00:00,608.71356,0.0,28.261822
2019-08-27 22:00:00,619.50726,0.0,28.223145
2019-08-27 23:00:00,629.779,0.0,28.075174
2019-08-28 00:00:00,608.37177,0.0,28.011822
2019-08-28 01:00:00,554.1712,0.0,27.998709
2019-08-28 02:00:00,510.38953,0.0,27.951782
2019-08-28 03:00:00,475.50717,0.0,27.848543
2019-08-28 04:00:00,445.6535,0.0,27.831161
2019-08-28 05:00:00,428.10773,0.0,28.051039
2019-08-28 06:00:00,418.7988,67.09496,28.532757
2019-08-28 07:00:00,430.7797,215.2015,29.364527
2019-08-28 08:00:00,486.25833,460.94098,30.225897
2019-08-28 09:00:00,581.2089,665.1861,30.61602
2019-08-28 10:00:00,655.92096,797.5655,30.941591
2019-08-28 11:00:00,712.5988,864.9274,31.179178
2019-08-28 12:00:00,731.3718,880.632,31.256388
2019-08-28 13:00:00,735.44305,830.08154,31.139881
2019-08-28 14:00:00,738.0488,730.1468,31.015951
2019-08-28 15:00:00,743.1836,604.07874,30.885506
2019-08-28 16:00:00,725.7382,409.06628,30.57601
2019-08-28 17:00:00,685.7375,201.9029,30.020864
2019-08-28 18:00:00,640.58734,0.0,29.288218
2019-08-28 19:00:00,611.4801,0.0,28.877293
2019-08-28 20:00:00,610.9867,0.0,28.75242
2019-08-28 21:00:00,613.1139,0.0,28.708866
2019-08-28 22:00:00,619.8074,0.0,28.647415
2019-08-28 23:00:00,632.9703,0.0,28.567314
2019-08-29 00:00:00,625.9185,0.0,28.482796
2019-08-29 01:00:00,577.51154,0.0,28.464989
2019-08-29 02:00:00,528.3204,0.0,28.35264
2019-08-29 03:00:00,486.52847,0.0,28.198448
2019-08-29 04:00:00,455.3786,0.0,28.266188
2019-08-29 05:00:00,433.17007,0.0,28.466953
2019-08-29 06:00:00,425.34085,70.609116,28.999573
2019-08-29 07:00:00,438.28113,211.4179,29.854513
2019-08-29 08:00:00,497.8145,449.91248,30.886284
2019-08-29 09:00:00,588.7402,654.99445,31.23636
2019-08-29 10:00:00,667.5294,767.59686,31.222393
2019-08-29 11:00:00,705.2552,635.8797,31.527021
2019-08-29 12:00:00,734.30396,795.0193,31.500483
2019-08-29 13:00:00,744.2254,714.2774,31.550665
2019-08-29 14:00:00,737.1379,554.5039,31.382788
2019-08-29 15:00:00,730.2978,378.7159,30.997248
2019-08-29 16:00:00,712.6144,169.61127,30.731606
2019-08-29 17:00:00,683.9009,16.985537,30.247871
2019-08-29 18:00:00,650.36163,0.0,29.569729
2019-08-29 19:00:00,606.50885,0.0,29.252434
2019-08-29 20:00:00,589.0719,0.0,29.20939
2019-08-29 21:00:00,591.568,0.0,29.218792
2019-08-29 22:00:00,603.9496,0.0,29.094568
2019-08-29 23:00:00,617.1266,0.0,28.947826
2019-08-30 00:00:00,606.4486,0.0,28.842682
2019-08-30 01:00:00,567.46716,0.0,28.761852
2019-08-30 02:00:00,535.9036,0.0,28.565218
2019-08-30 03:00:00,491.18625,0.0,28.512926
2019-08-30 04:00:00,465.61948,0.0,28.738703
2019-08-30 05:00:00,441.0755,0.0,28.840038
2019-08-30 06:00:00,431.1155,66.34278,28.988297
2019-08-30 07:00:00,435.1912,158.89145,29.309393
2019-08-30 08:00:00,471.41168,182.77277,29.597876
2019-08-30 09:00:00,537.0143,165.47772,29.661098
2019-08-30 10:00:00,578.2044,101.4076,30.076561
2019-08-30 11:00:00,592.0171,144.7106,30.174992
2019-08-30 12:00:00,659.528,561.62775,29.977156
2019-08-30 13:00:00,625.0348,581.2476,29.44747
2019-08-30 14:00:00,587.9444,236.9306,29.373686
2019-08-30 15:00:00,565.5612,134.48761,29.493837
2019-08-30 16:00:00,567.869,155.25957,29.190466
2019-08-30 17:00:00,552.4009,28.983538,29.091597
2019-08-30 18:00:00,525.9439,0.0,28.86181
2019-08-30 19:00:00,495.1956,0.0,28.792454
2019-08-30 20:00:00,479.2478,0.0,28.578716
2019-08-30 21:00:00,461.6995,0.0,28.39073
2019-08-30 22:00:00,448.12634,0.0,28.269028
2019-08-30 23:00:00,465.13876,0.0,28.151806
2019-08-31 00:00:00,455.6299,0.0,28.075554
2019-08-31 01:00:00,424.57663,0.0,28.026611
2019-08-31 02:00:00,421.3521,0.0,28.00084
2019-08-31 03:00:00,421.51233,0.0,27.79561
2019-08-31 04:00:00,394.77103,0.0,27.73835
2019-08-31 05:00:00,366.90814,0.0,27.921991
2019-08-31 06:00:00,364.79367,113.4961,28.00048
2019-08-31 07:00:00,385.53217,207.53178,28.491081
2019-08-31 08:00:00,427.9421,496.56415,29.138514
2019-08-31 09:00:00,429.76523,590.6639,29.219196
2019-08-31 10:00:00,464.6352,664.1911,29.343958
2019-08-31 11:00:00,470.5223,899.60376,30.071554
2019-08-31 12:00:00,511.50415,929.9056,30.200508
2019-08-31 13:00:00,527.83356,803.57806,30.184937
2019-08-31 14:00:00,535.7822,677.0755,30.168907
2019-08-31 15:00:00,538.4358,530.0291,30.109844
2019-08-31 16:00:00,544.2627,369.29312,29.60848
2019-08-31 17:00:00,516.576,202.02226,29.283323
2019-08-31 18:00:00,496.6227,0.0,28.944242
2019-08-31 19:00:00,478.97562,0.0,28.71229
2019-08-31 20:00:00,481.88162,0.0,28.61691
2019-08-31 21:00:00,493.3921,0.0,28.606071
2019-08-31 22:00:00,515.44073,0.0,28.52509
2019-08-31 23:00:00,551.60986,0.0,28.39577
