datetime,kw_pred,datetime_temp,temp_pred,datetime_ghi,ghi_pred
2019-08-01 00:00:00,637.1866,2019-08-01 00:00:00,28.778616,2019-08-01 00:00:00,34.62799
2019-08-01 01:00:00,583.32086,2019-08-01 01:00:00,28.798132,2019-08-01 01:00:00,30.19266
2019-08-01 02:00:00,531.1656,2019-08-01 02:00:00,28.781013,2019-08-01 02:00:00,15.181123
2019-08-01 03:00:00,499.7724,,,,
2019-08-01 04:00:00,465.63425,,,,
2019-08-01 05:00:00,424.672,,,,
2019-08-01 06:00:00,420.14334,,,,
2019-08-01 07:00:00,445.03055,,,,
2019-08-01 08:00:00,504.77832,,,,
2019-08-01 09:00:00,572.68805,2019-08-01 09:00:00,30.537397,2019-08-01 09:00:00,560.9708
2019-08-01 10:00:00,649.61017,,,,
2019-08-01 12:00:00,697.88464,,,,
2019-08-01 13:00:00,717.0604,,,,
2019-08-01 14:00:00,744.74664,,,2019-08-01 14:00:00,670.78796
2019-08-01 15:00:00,766.5027,,,,
2019-08-01 16:00:00,739.78064,,,,
2019-08-01 17:00:00,663.1927,,,,
2019-08-01 18:00:00,636.9746,,,,
2019-08-01 19:00:00,575.9806,,,,
2019-08-01 20:00:00,583.1723,,,,
2019-08-01 21:00:00,569.5689,,,,
2019-08-01 22:00:00,590.8226,,,,
2019-08-01 23:00:00,611.47906,,,,
2019-08-02 00:00:00,604.076,2019-08-02 00:00:00,29.07547,,
2019-08-02 01:00:00,568.54456,,,,
2019-08-02 02:00:00,511.06955,,,,
2019-08-02 03:00:00,481.20294,,,,
2019-08-02 04:00:00,464.50378,,,,
2019-08-02 05:00:00,433.93332,,,,
2019-08-02 06:00:00,431.37527,,,,
2019-08-02 07:00:00,447.05774,,,,
2019-08-02 08:00:00,499.5915,,,,
2019-08-02 09:00:00,598.52576,,,2019-08-02 09:00:00,677.2784
2019-08-02 10:00:00,634.78253,,,,
2019-08-02 11:00:00,624.0634,,,,
2019-08-02 12:00:00,625.41364,,,,
2019-08-02 13:00:00,655.5723,,,,
2019-08-02 14:00:00,668.9079,,,,
2019-08-02 15:00:00,684.2854,,,,
2019-08-02 16:00:00,668.7484,,,,
2019-08-02 17:00:00,634.833,,,,
2019-08-02 18:00:00,592.637,,,,
2019-08-02 19:00:00,567.6476,,,,
2019-08-02 20:00:00,532.7885,,,,
2019-08-02 21:00:00,542.6976,,,,
2019-08-02 22:00:00,569.48303,,,,
2019-08-02 23:00:00,582.334,,,,
2019-08-03 00:00:00,591.4674,,,,
2019-08-03 01:00:00,554.1374,,,,
2019-08-03 02:00:00,499.33032,,,,
2019-08-03 04:00:00,455.63257,,,,
2019-08-03 05:00:00,438.10907,,,,
2019-08-03 06:00:00,418.2366,,,,
2019-08-03 07:00:00,442.83365,,,2019-08-03 07:00:00,260.67575
2019-08-03 08:00:00,458.9644,,,,
2019-08-03 09:00:00,486.11725,,,,
2019-08-03 10:00:00,522.60614,,,,
2019-08-03 12:00:00,556.2853,,,,
2019-08-03 13:00:00,563.4916,,,,
2019-08-03 14:00:00,579.78046,,,,
2019-08-03 15:00:00,582.91626,,,,
2019-08-03 16:00:00,567.5264,,,,
2019-08-03 17:00:00,541.66327,,,,
2019-08-03 18:00:00,517.5646,2019-08-03 18:00:00,29.858072,,
2019-08-03 19:00:00,504.9904,,,,
2019-08-03 20:00:00,507.11832,,,,
2019-08-03 21:00:00,525.2018,,,,
2019-08-03 22:00:00,529.4826,,,,
2019-08-03 23:00:00,548.89355,,,,
2019-08-04 00:00:00,549.26154,,,,
2019-08-04 01:00:00,547.50183,,,,
2019-08-04 02:00:00,510.9153,,,2019-08-04 02:00:00,-0.023436494
2019-08-04 03:00:00,490.1623,,,,
2019-08-04 04:00:00,463.3766,,,,
2019-08-04 05:00:00,453.30585,,,,
2019-08-04 06:00:00,423.48724,,,,
2019-08-04 07:00:00,412.91626,,,,
2019-08-04 08:00:00,431.40747,,,,
2019-08-04 09:00:00,451.5029,,,,
2019-08-04 10:00:00,449.71582,,,,
2019-08-04 11:00:00,474.02756,2019-08-04 11:00:00,31.60694,,
2019-08-04 12:00:00,484.1812,,,,
2019-08-04 13:00:00,503.92484,,,,
2019-08-04 14:00:00,498.5702,,,,
2019-08-04 15:00:00,502.4332,,,,
2019-08-04 16:00:00,508.60153,,,,
2019-08-04 17:00:00,501.292,2019-08-04 17:00:00,30.814507,,
2019-08-04 19:00:00,483.6157,,,,
2019-08-04 20:00:00,495.845,,,,
2019-08-04 21:00:00,515.4274,2019-08-04 21:00:00,29.809914,2019-08-04 21:00:00,-0.6827535
2019-08-04 22:00:00,532.25775,2019-08-04 22:00:00,29.560205,,
2019-08-05 00:00:00,586.36694,,,,
2019-08-05 01:00:00,544.2697,,,,
2019-08-05 02:00:00,505.38684,,,,
2019-08-05 04:00:00,456.03543,,,,
2019-08-05 05:00:00,434.09055,,,,
2019-08-05 06:00:00,425.30798,,,,
2019-08-05 07:00:00,449.74536,2019-08-05 07:00:00,29.789042,,
2019-08-05 08:00:00,535.5215,,,2019-08-05 08:00:00,449.7091
2019-08-05 09:00:00,585.0037,,,,
2019-08-05 10:00:00,646.09424,,,,
2019-08-05 11:00:00,686.46356,,,2019-08-05 11:00:00,763.46936
2019-08-05 12:00:00,702.9376,,,,
2019-08-05 13:00:00,722.882,2019-08-05 13:00:00,31.49442,,
2019-08-05 14:00:00,727.7579,,,,
2019-08-05 15:00:00,726.4343,,,,
2019-08-05 16:00:00,717.9396,2019-08-05 16:00:00,30.687344,,
2019-08-05 17:00:00,694.5085,,,,
2019-08-05 18:00:00,661.80725,,,,
2019-08-05 19:00:00,615.9004,,,,
2019-08-05 20:00:00,574.72345,,,,
2019-08-05 21:00:00,572.72363,,,,
2019-08-05 22:00:00,595.04706,,,,
2019-08-05 23:00:00,625.0192,,,,
2019-08-06 00:00:00,610.0672,,,,
2019-08-06 01:00:00,590.9651,,,2019-08-06 01:00:00,-0.24897665
2019-08-06 02:00:00,555.4167,,,,
2019-08-06 03:00:00,512.9238,,,,
2019-08-06 04:00:00,493.978,,,,
2019-08-06 05:00:00,481.85474,,,,
2019-08-06 06:00:00,448.15314,,,,
2019-08-06 07:00:00,455.63257,,,,
2019-08-06 08:00:00,532.6566,,,,
2019-08-06 09:00:00,625.4644,,,,
2019-08-06 10:00:00,674.4471,,,,
2019-08-06 11:00:00,713.37854,,,,
2019-08-06 12:00:00,702.9876,,,,
2019-08-06 13:00:00,744.29565,,,,
2019-08-06 14:00:00,750.04156,,,,
2019-08-06 15:00:00,736.3744,,,,
2019-08-06 16:00:00,697.16156,,,,
2019-08-06 17:00:00,662.169,,,,
2019-08-06 18:00:00,578.66974,2019-08-06 18:00:00,29.601654,,
2019-08-06 19:00:00,533.1419,2019-08-06 19:00:00,28.944607,,
2019-08-06 20:00:00,550.9001,,,,
2019-08-06 21:00:00,589.18713,,,,
2019-08-06 22:00:00,629.6046,,,,
2019-08-06 23:00:00,650.99536,,,,
2019-08-07 00:00:00,630.67163,,,,
2019-08-07 01:00:00,574.6097,,,,
2019-08-07 02:00:00,546.6183,2019-08-07 02:00:00,28.509007,,
2019-08-07 03:00:00,508.6313,,,,
2019-08-07 04:00:00,501.24374,,,,
2019-08-07 05:00:00,481.7814,,,,
2019-08-07 06:00:00,453.92026,,,,
2019-08-07 08:00:00,523.23663,,,,
2019-08-07 09:00:00,611.3582,,,,
2019-08-07 10:00:00,661.723,,,,
2019-08-07 11:00:00,682.78406,,,,
2019-08-07 12:00:00,666.89667,,,,
2019-08-07 14:00:00,693.4208,,,,
2019-08-07 15:00:00,694.83734,,,,
2019-08-07 16:00:00,724.22644,,,,
2019-08-07 17:00:00,647.14307,,,,
2019-08-07 18:00:00,588.65674,,,,
2019-08-07 19:00:00,553.8189,,,,
2019-08-07 20:00:00,539.65186,,,2019-08-07 20:00:00,-0.046706147
2019-08-07 21:00:00,561.7397,,,,
2019-08-07 22:00:00,592.11365,,,,
2019-08-07 23:00:00,611.96295,2019-08-07 23:00:00,29.292183,,
2019-08-08 00:00:00,595.24426,,,,
2019-08-08 01:00:00,558.9771,,,,
2019-08-08 02:00:00,520.8213,,,,
2019-08-08 03:00:00,482.20862,,,,
2019-08-08 04:00:00,481.0145,,,,
2019-08-08 05:00:00,472.59146,,,,
2019-08-08 06:00:00,426.7596,,,,
2019-08-08 07:00:00,444.6577,,,,
2019-08-08 08:00:00,502.1905,,,,
2019-08-08 09:00:00,571.025,,,,
2019-08-08 10:00:00,633.99255,,,,
2019-08-08 12:00:00,678.92334,,,2019-08-08 12:00:00,668.32056
2019-08-08 13:00:00,656.3958,,,,
2019-08-08 14:00:00,669.0027,,,,
2019-08-08 15:00:00,705.7943,,,,
2019-08-08 16:00:00,654.78864,,,2019-08-08 16:00:00,257.66122
2019-08-08 17:00:00,595.7103,2019-08-08 17:00:00,29.642483,,
2019-08-08 18:00:00,559.9131,,,,
2019-08-08 20:00:00,526.8359,2019-08-08 20:00:00,29.217718,,
2019-08-08 21:00:00,543.44836,,,2019-08-08 21:00:00,3.8531504
2019-08-08 22:00:00,549.9962,,,,
2019-08-08 23:00:00,545.75977,,,,
2019-08-09 00:00:00,506.19196,,,,
2019-08-09 01:00:00,537.82733,,,,
2019-08-09 02:00:00,480.50488,,,,
2019-08-09 03:00:00,451.0572,,,,
2019-08-09 04:00:00,436.92694,,,,
2019-08-09 05:00:00,431.89444,,,,
2019-08-09 06:00:00,411.7042,,,,
2019-08-09 07:00:00,415.61182,,,,
2019-08-09 08:00:00,429.6869,,,,
2019-08-09 09:00:00,472.2656,2019-08-09 09:00:00,31.247692,2019-08-09 09:00:00,472.90762
2019-08-09 11:00:00,528.2256,,,2019-08-09 11:00:00,503.43668
2019-08-09 12:00:00,527.44745,,,,
2019-08-09 13:00:00,506.0622,,,,
2019-08-09 14:00:00,500.26453,,,,
2019-08-09 15:00:00,502.26096,,,,
2019-08-09 16:00:00,476.5079,,,,
2019-08-09 17:00:00,454.9374,,,,
2019-08-09 18:00:00,424.73532,,,,
2019-08-09 19:00:00,404.89774,,,,
2019-08-09 20:00:00,409.9966,,,,
2019-08-09 21:00:00,402.19986,,,,
2019-08-09 22:00:00,405.74664,,,,
2019-08-10 00:00:00,468.41583,2019-08-10 00:00:00,30.16189,,
2019-08-10 01:00:00,448.87582,,,,
2019-08-10 02:00:00,434.41693,,,,
2019-08-10 04:00:00,406.9755,,,,
2019-08-10 05:00:00,400.88556,,,,
2019-08-10 06:00:00,389.36548,,,,
2019-08-10 07:00:00,382.58105,,,,
2019-08-10 08:00:00,391.05893,,,,
2019-08-10 10:00:00,434.3486,,,,
2019-08-10 11:00:00,479.02908,,,2019-08-10 11:00:00,707.7196
2019-08-10 12:00:00,458.31738,,,,
2019-08-10 13:00:00,491.4019,,,2019-08-10 13:00:00,779.8671
2019-08-10 14:00:00,494.2333,,,,
2019-08-10 15:00:00,498.33484,,,2019-08-10 15:00:00,699.04004
2019-08-10 16:00:00,494.55087,,,,
2019-08-10 17:00:00,491.69196,2019-08-10 17:00:00,31.241495,,
2019-08-10 18:00:00,454.64447,,,,
2019-08-10 19:00:00,454.45886,,,,
2019-08-10 20:00:00,473.67395,,,,
2019-08-10 21:00:00,477.08475,,,,
2019-08-10 22:00:00,502.07547,,,,
2019-08-10 23:00:00,507.84155,,,,
2019-08-11 00:00:00,532.94617,,,,
2019-08-11 01:00:00,488.44263,,,,
2019-08-11 02:00:00,451.8616,,,,
2019-08-11 03:00:00,430.37012,,,,
2019-08-11 04:00:00,403.20914,,,,
2019-08-11 05:00:00,382.05884,,,,
2019-08-11 07:00:00,384.48807,,,,
2019-08-11 09:00:00,419.76328,,,,
2019-08-11 11:00:00,417.69345,,,,
2019-08-11 12:00:00,439.69293,,,,
2019-08-11 13:00:00,471.9887,,,,
2019-08-11 14:00:00,503.2339,,,,
2019-08-11 15:00:00,535.19806,,,,
2019-08-11 16:00:00,513.78625,,,,
2019-08-11 17:00:00,496.9897,,,,
2019-08-11 18:00:00,488.75272,,,,
2019-08-11 19:00:00,486.16202,,,,
2019-08-11 20:00:00,426.25275,,,,
2019-08-11 21:00:00,482.359,,,,
2019-08-11 22:00:00,535.1942,2019-08-11 22:00:00,30.132788,,
2019-08-11 23:00:00,566.39417,,,2019-08-11 23:00:00,0.88339335
2019-08-12 00:00:00,564.7304,,,,
2019-08-12 01:00:00,526.76587,,,,
2019-08-12 02:00:00,493.5122,,,,
2019-08-12 04:00:00,439.79138,,,,
2019-08-12 05:00:00,428.82925,,,,
2019-08-12 06:00:00,406.9649,,,,
2019-08-12 07:00:00,419.72803,,,,
2019-08-12 08:00:00,504.53778,,,,
2019-08-12 09:00:00,557.98486,,,,
2019-08-12 10:00:00,620.03394,,,,
2019-08-12 11:00:00,647.3779,,,,
2019-08-12 12:00:00,684.31226,,,2019-08-12 12:00:00,465.0705
2019-08-12 13:00:00,690.13873,,,,
2019-08-12 14:00:00,680.603,,,,
2019-08-12 15:00:00,673.3214,,,,
2019-08-12 16:00:00,660.5224,,,,
2019-08-12 17:00:00,625.7165,,,,
2019-08-12 18:00:00,599.25146,,,,
2019-08-12 19:00:00,581.40546,,,,
2019-08-12 20:00:00,566.9933,,,,
2019-08-12 21:00:00,543.523,,,,
2019-08-12 22:00:00,565.5978,,,2019-08-12 22:00:00,-0.2581777
2019-08-12 23:00:00,608.9908,,,,
2019-08-13 00:00:00,601.09796,,,,
2019-08-13 01:00:00,563.085,,,,
2019-08-13 02:00:00,535.3592,,,,
2019-08-13 03:00:00,473.9837,,,,
2019-08-13 04:00:00,460.11963,,,,
2019-08-13 05:00:00,439.74536,,,,
2019-08-13 06:00:00,418.39517,,,,
2019-08-13 07:00:00,434.7689,,,,
2019-08-13 08:00:00,527.57153,,,,
2019-08-13 09:00:00,615.47906,,,2019-08-13 09:00:00,610.03656
2019-08-13 10:00:00,666.45166,,,2019-08-13 10:00:00,781.89197
2019-08-13 12:00:00,671.9211,,,,
2019-08-13 13:00:00,678.8957,,,,
2019-08-13 14:00:00,710.4472,,,,
2019-08-13 15:00:00,706.35645,,,,
2019-08-13 16:00:00,703.36975,,,,
2019-08-13 17:00:00,656.2846,,,,
2019-08-13 18:00:00,621.4102,,,,
2019-08-13 19:00:00,596.75146,,,,
2019-08-13 20:00:00,563.25696,,,,
2019-08-13 21:00:00,541.82245,,,,
2019-08-13 22:00:00,573.2205,,,,
2019-08-14 00:00:00,615.23865,,,,
2019-08-14 01:00:00,577.16235,,,,
2019-08-14 02:00:00,524.59735,,,,
2019-08-14 03:00:00,478.1434,2019-08-14 03:00:00,28.433886,,
2019-08-14 04:00:00,450.17737,,,,
2019-08-14 05:00:00,420.82632,2019-08-14 05:00:00,28.54375,,
2019-08-14 06:00:00,421.5044,,,,
2019-08-14 08:00:00,547.28577,,,,
2019-08-14 09:00:00,589.6038,,,,
2019-08-14 10:00:00,638.6087,,,,
2019-08-14 12:00:00,678.0862,,,,
2019-08-14 13:00:00,722.1447,,,,
2019-08-14 14:00:00,739.615,2019-08-14 14:00:00,32.195736,,
2019-08-14 15:00:00,729.3088,,,,
2019-08-14 16:00:00,704.3503,,,,
2019-08-14 17:00:00,641.3234,,,,
2019-08-14 18:00:00,616.2484,,,,
2019-08-14 19:00:00,601.86505,,,,
2019-08-14 20:00:00,588.23096,2019-08-14 20:00:00,29.59367,,
2019-08-14 21:00:00,580.6374,,,,
2019-08-14 22:00:00,628.91345,,,,
2019-08-14 23:00:00,659.2477,,,,
2019-08-15 00:00:00,640.10956,,,,
2019-08-15 01:00:00,604.1903,,,,
2019-08-15 02:00:00,563.83264,,,,
2019-08-15 03:00:00,513.9416,,,,
2019-08-15 05:00:00,462.51382,,,,
2019-08-15 06:00:00,445.24594,,,,
2019-08-15 07:00:00,510.0095,,,,
2019-08-15 08:00:00,557.1609,,,,
2019-08-15 09:00:00,596.3768,,,,
2019-08-15 10:00:00,639.2517,,,,
2019-08-15 11:00:00,664.27264,,,2019-08-15 11:00:00,640.7103
2019-08-15 12:00:00,708.49066,,,,
2019-08-15 13:00:00,726.9891,,,2019-08-15 13:00:00,446.84128
2019-08-15 14:00:00,713.4559,,,,
2019-08-15 15:00:00,701.6894,,,,
2019-08-15 16:00:00,708.4989,,,,
2019-08-15 18:00:00,627.6704,2019-08-15 18:00:00,30.105158,,
2019-08-15 19:00:00,591.26465,,,,
2019-08-15 20:00:00,571.25903,,,,
2019-08-15 21:00:00,597.94403,,,,
2019-08-15 22:00:00,628.742,,,,
2019-08-15 23:00:00,639.2319,,,,
2019-08-16 00:00:00,612.7272,,,,
2019-08-16 01:00:00,559.94635,,,,
2019-08-16 02:00:00,508.47668,,,,
2019-08-16 03:00:00,486.32773,,,,
2019-08-16 04:00:00,465.17624,,,,
2019-08-16 05:00:00,445.49503,,,,
2019-08-16 06:00:00,433.18164,,,,
2019-08-16 07:00:00,451.20746,,,,
2019-08-16 08:00:00,499.41098,,,,
2019-08-16 09:00:00,534.42865,,,,
2019-08-16 10:00:00,615.9004,,,,
2019-08-16 11:00:00,639.4988,,,,
2019-08-16 12:00:00,625.1313,,,,
2019-08-16 13:00:00,650.7133,,,,
2019-08-16 14:00:00,673.6666,,,,
2019-08-16 16:00:00,664.7263,,,2019-08-16 16:00:00,304.68707
2019-08-16 17:00:00,628.88165,,,2019-08-16 17:00:00,185.72083
2019-08-16 18:00:00,600.0454,,,,
2019-08-16 19:00:00,587.0619,,,,
2019-08-16 20:00:00,536.2742,,,,
2019-08-16 21:00:00,534.8738,,,2019-08-16 21:00:00,0.34851176
2019-08-16 22:00:00,559.0037,,,,
2019-08-16 23:00:00,617.8665,,,,
2019-08-17 00:00:00,594.3891,,,,
2019-08-17 01:00:00,541.86017,,,,
2019-08-17 02:00:00,509.29562,,,,
2019-08-17 03:00:00,466.96033,,,,
2019-08-17 04:00:00,445.3653,,,,
2019-08-17 05:00:00,439.05872,,,,
2019-08-17 06:00:00,390.13016,,,,
2019-08-17 07:00:00,411.8906,,,,
2019-08-17 08:00:00,454.2807,,,,
2019-08-17 09:00:00,461.0829,,,,
2019-08-17 10:00:00,511.5065,,,,
2019-08-17 11:00:00,532.2192,,,,
2019-08-17 12:00:00,542.1776,,,,
2019-08-17 13:00:00,557.906,,,,
2019-08-17 14:00:00,578.2626,,,,
2019-08-17 15:00:00,587.79987,,,,
2019-08-17 16:00:00,574.93176,,,,
2019-08-17 17:00:00,538.8912,,,,
2019-08-17 18:00:00,515.68994,,,,
2019-08-17 19:00:00,508.91455,,,,
2019-08-17 20:00:00,510.7503,,,,
2019-08-17 21:00:00,513.25165,,,,
2019-08-17 22:00:00,547.9327,,,,
2019-08-17 23:00:00,575.0098,2019-08-17 23:00:00,28.96634,,
2019-08-18 00:00:00,574.5967,,,,
2019-08-18 01:00:00,548.2429,,,,
2019-08-18 02:00:00,501.66803,,,,
2019-08-18 04:00:00,447.83624,,,,
2019-08-18 05:00:00,428.64093,,,,
2019-08-18 06:00:00,409.89252,,,,
2019-08-18 07:00:00,413.3857,,,,
2019-08-18 08:00:00,423.33008,,,,
2019-08-18 10:00:00,450.075,,,,
2019-08-18 11:00:00,464.46936,,,,
2019-08-18 12:00:00,490.93954,,,,
2019-08-18 13:00:00,511.79507,,,,
2019-08-18 14:00:00,523.52124,,,,
2019-08-18 15:00:00,528.38055,,,,
2019-08-18 16:00:00,526.2824,,,,
2019-08-18 17:00:00,526.04224,,,,
2019-08-18 18:00:00,508.07452,,,,
2019-08-18 19:00:00,513.7395,,,,
2019-08-18 20:00:00,523.6916,,,,
2019-08-18 21:00:00,546.70575,2019-08-18 21:00:00,28.89471,,
2019-08-18 22:00:00,580.64764,,,,
2019-08-18 23:00:00,615.27704,,,,
2019-08-19 00:00:00,606.16565,,,,
2019-08-19 01:00:00,562.3311,,,2019-08-19 01:00:00,0.03547769
2019-08-19 02:00:00,523.263,,,,
2019-08-19 03:00:00,482.09598,,,,
2019-08-19 04:00:00,455.6941,,,,
2019-08-19 05:00:00,437.9511,,,,
2019-08-19 06:00:00,421.77194,,,,
2019-08-19 07:00:00,439.44287,,,,
2019-08-19 08:00:00,517.1097,,,,
2019-08-19 09:00:00,596.1112,,,,
2019-08-19 10:00:00,627.7306,,,,
2019-08-19 11:00:00,683.12384,,,,
2019-08-19 12:00:00,698.6889,,,,
2019-08-19 13:00:00,709.9417,,,,
2019-08-19 14:00:00,714.6643,2019-08-19 14:00:00,30.716532,,
2019-08-19 15:00:00,716.01764,,,,
2019-08-19 17:00:00,667.19666,,,,
2019-08-19 18:00:00,633.0167,,,,
2019-08-19 19:00:00,609.4898,,,,
2019-08-19 20:00:00,591.775,,,,
2019-08-19 21:00:00,594.80524,,,,
2019-08-19 22:00:00,610.47375,,,,
2019-08-19 23:00:00,623.625,,,,
2019-08-20 01:00:00,575.37427,,,,
2019-08-20 02:00:00,529.676,,,,
2019-08-20 03:00:00,490.89926,,,,
2019-08-20 04:00:00,464.5278,,,,
2019-08-20 05:00:00,444.08905,,,,
2019-08-20 06:00:00,425.1819,,,,
2019-08-20 08:00:00,508.8563,,,,
2019-08-20 09:00:00,609.09485,,,2019-08-20 09:00:00,629.2133
2019-08-20 10:00:00,661.6297,,,,
2019-08-20 11:00:00,682.4106,,,,
2019-08-20 13:00:00,703.0065,,,,
2019-08-20 14:00:00,717.9546,,,,
2019-08-20 15:00:00,711.11395,,,,
2019-08-20 17:00:00,663.30347,,,,
2019-08-20 18:00:00,631.92847,,,,
2019-08-20 19:00:00,607.515,,,,
2019-08-20 20:00:00,587.8302,,,,
2019-08-20 21:00:00,596.4403,,,,
2019-08-20 22:00:00,601.5446,,,,
2019-08-20 23:00:00,613.98413,,,,
2019-08-21 00:00:00,611.0656,2019-08-21 00:00:00,27.60981,,
2019-08-21 01:00:00,553.2447,,,,
2019-08-21 02:00:00,512.8178,,,,
2019-08-21 03:00:00,471.66968,,,,
2019-08-21 04:00:00,453.15372,,,,
2019-08-21 05:00:00,431.34863,,,,
2019-08-21 06:00:00,428.95908,,,,
2019-08-21 07:00:00,453.68436,,,,
2019-08-21 08:00:00,513.0552,,,,
2019-08-21 09:00:00,588.73065,,,,
2019-08-21 10:00:00,644.02014,,,,
2019-08-21 11:00:00,680.329,,,,
2019-08-21 12:00:00,702.401,,,,
2019-08-21 13:00:00,716.246,,,,
2019-08-21 14:00:00,729.4306,,,,
2019-08-21 15:00:00,721.72986,,,,
2019-08-21 16:00:00,705.46173,,,,
2019-08-21 17:00:00,668.41986,,,,
2019-08-21 18:00:00,631.64777,,,,
2019-08-21 19:00:00,616.5241,,,,
2019-08-21 20:00:00,588.8812,,,,
2019-08-21 21:00:00,589.29156,,,,
2019-08-21 22:00:00,610.1398,,,,
2019-08-22 00:00:00,620.98096,,,,
2019-08-22 01:00:00,580.42346,2019-08-22 01:00:00,28.211533,,
2019-08-22 02:00:00,533.9833,,,,
2019-08-22 03:00:00,489.66162,,,,
2019-08-22 04:00:00,464.323,,,,
2019-08-22 05:00:00,444.83472,,,,
2019-08-22 06:00:00,424.59644,,,,
2019-08-22 07:00:00,447.41904,,,,
2019-08-22 08:00:00,526.51996,,,,
2019-08-22 09:00:00,635.5395,,,2019-08-22 09:00:00,660.4775
2019-08-22 10:00:00,659.2581,,,,
2019-08-22 11:00:00,692.0498,,,,
2019-08-22 12:00:00,674.56024,,,,
2019-08-22 13:00:00,723.0288,,,,
2019-08-22 14:00:00,741.40564,,,,
2019-08-22 15:00:00,723.1709,,,,
2019-08-22 16:00:00,704.21643,,,,
2019-08-22 17:00:00,662.2538,2019-08-22 17:00:00,29.37489,,
2019-08-22 18:00:00,611.63617,,,,
2019-08-22 19:00:00,552.6033,,,,
2019-08-22 20:00:00,551.9652,,,,
2019-08-22 21:00:00,565.6777,,,,
2019-08-22 22:00:00,589.2164,,,,
2019-08-22 23:00:00,602.5584,,,,
2019-08-23 00:00:00,585.63885,,,,
2019-08-23 01:00:00,519.0028,,,,
2019-08-23 03:00:00,438.01804,,,,
2019-08-23 04:00:00,422.84174,2019-08-23 04:00:00,27.97825,,
2019-08-23 05:00:00,422.77545,,,,
2019-08-23 06:00:00,404.81357,,,,
2019-08-23 08:00:00,484.4734,,,,
2019-08-23 09:00:00,532.94617,,,,
2019-08-23 10:00:00,616.4978,,,,
2019-08-23 11:00:00,642.5674,,,,
2019-08-23 12:00:00,624.6268,,,,
2019-08-23 13:00:00,588.73065,,,,
2019-08-23 14:00:00,640.47284,,,,
2019-08-23 15:00:00,637.25323,,,,
2019-08-23 16:00:00,628.9866,,,,
2019-08-23 17:00:00,604.6777,,,,
2019-08-23 18:00:00,574.6097,,,,
2019-08-23 19:00:00,545.1621,,,,
2019-08-23 20:00:00,526.1806,,,,
2019-08-23 21:00:00,519.71027,,,,
2019-08-23 22:00:00,538.2343,,,,
2019-08-23 23:00:00,574.17035,,,,
2019-08-24 00:00:00,579.00793,,,,
2019-08-24 01:00:00,544.2115,,,,
2019-08-24 02:00:00,507.60092,,,,
2019-08-24 03:00:00,472.67612,,,,
2019-08-24 04:00:00,446.97083,,,,
2019-08-24 05:00:00,430.35114,,,,
2019-08-24 06:00:00,411.2501,2019-08-24 06:00:00,28.935318,,
2019-08-24 07:00:00,423.5998,,,,
2019-08-24 08:00:00,441.61646,,,,
2019-08-24 09:00:00,475.7619,,,,
2019-08-24 10:00:00,505.61227,,,,
2019-08-24 11:00:00,521.298,,,,
2019-08-24 12:00:00,525.5751,,,,
2019-08-24 13:00:00,539.7405,,,,
2019-08-24 14:00:00,551.9749,,,,
2019-08-24 15:00:00,549.2162,2019-08-24 15:00:00,30.166002,,
2019-08-24 16:00:00,533.2061,2019-08-24 16:00:00,29.662333,,
2019-08-24 17:00:00,513.70905,2019-08-24 17:00:00,29.285728,,
2019-08-24 18:00:00,495.0173,,,,
2019-08-24 19:00:00,495.94025,,,,
2019-08-24 20:00:00,500.167,,,2019-08-24 20:00:00,2.7129984
2019-08-24 21:00:00,513.25165,,,,
2019-08-24 22:00:00,547.9327,,,,
2019-08-24 23:00:00,575.0098,2019-08-24 23:00:00,28.96634,,
2019-08-25 00:00:00,574.5967,,,,
2019-08-25 01:00:00,548.2429,,,,
2019-08-25 02:00:00,501.66803,,,,
2019-08-25 04:00:00,447.83624,,,,
2019-08-25 05:00:00,428.64093,,,,
2019-08-25 06:00:00,409.89252,,,,
2019-08-25 07:00:00,413.3857,,,,
2019-08-25 08:00:00,423.33008,,,,
2019-08-25 10:00:00,450.075,,,,
2019-08-25 11:00:00,464.46936,,,,
2019-08-25 12:00:00,490.93954,,,,
2019-08-25 13:00:00,511.79507,,,,
2019-08-25 14:00:00,523.52124,,,,
2019-08-25 15:00:00,528.38055,,,,
2019-08-25 16:00:00,526.2824,,,,
2019-08-25 17:00:00,526.04224,,,,
2019-08-25 18:00:00,508.07452,,,,
2019-08-25 19:00:00,513.7395,,,,
2019-08-25 20:00:00,523.6916,,,,
2019-08-25 21:00:00,546.70575,2019-08-25 21:00:00,28.89471,,
2019-08-25 22:00:00,580.64764,,,,
2019-08-25 23:00:00,615.27704,,,,
2019-08-26 00:00:00,606.16565,,,,
2019-08-26 01:00:00,562.3311,,,2019-08-26 01:00:00,0.03547769
2019-08-26 02:00:00,523.263,,,,
2019-08-26 03:00:00,482.09598,,,,
2019-08-26 04:00:00,455.6941,,,,
2019-08-26 05:00:00,437.9511,,,,
2019-08-26 06:00:00,421.77194,,,,
2019-08-26 07:00:00,439.44287,,,,
2019-08-26 08:00:00,517.1097,,,,
2019-08-26 09:00:00,596.1112,,,,
2019-08-26 10:00:00,627.7306,,,,
2019-08-26 11:00:00,683.12384,,,,
2019-08-26 12:00:00,698.6889,,,,
2019-08-26 13:00:00,709.9417,,,,
2019-08-26 14:00:00,714.6643,2019-08-26 14:00:00,30.716532,,
2019-08-26 15:00:00,716.01764,,,,
2019-08-26 17:00:00,667.19666,,,,
2019-08-26 18:00:00,633.0167,,,,
2019-08-26 19:00:00,609.4898,,,,
2019-08-26 20:00:00,591.775,,,,
2019-08-26 21:00:00,594.80524,,,,
2019-08-26 22:00:00,610.47375,,,,
2019-08-26 23:00:00,623.625,,,,
2019-08-27 01:00:00,575.37427,,,,
2019-08-27 02:00:00,529.676,,,,
2019-08-27 03:00:00,490.89926,,,,
2019-08-27 04:00:00,464.5278,,,,
2019-08-27 05:00:00,444.08905,,,,
2019-08-27 06:00:00,425.1819,,,,
2019-08-27 08:00:00,508.8563,,,,
2019-08-27 09:00:00,609.09485,,,2019-08-27 09:00:00,629.2133
2019-08-27 10:00:00,661.6297,,,,
2019-08-27 11:00:00,682.4106,,,,
2019-08-27 13:00:00,703.0065,,,,
2019-08-27 14:00:00,717.9546,,,,
2019-08-27 15:00:00,711.11395,,,,
2019-08-27 17:00:00,663.30347,,,,
2019-08-27 18:00:00,631.92847,,,,
2019-08-27 19:00:00,607.515,,,,
2019-08-27 20:00:00,587.8302,,,,
2019-08-27 21:00:00,596.4403,,,,
2019-08-27 22:00:00,601.5446,,,,
2019-08-27 23:00:00,613.98413,,,,
2019-08-28 00:00:00,611.0656,2019-08-28 00:00:00,27.60981,,
2019-08-28 01:00:00,553.2447,,,,
2019-08-28 02:00:00,512.8178,,,,
2019-08-28 03:00:00,471.66968,,,,
2019-08-28 04:00:00,453.15372,,,,
2019-08-28 05:00:00,431.34863,,,,
2019-08-28 06:00:00,428.95908,,,,
2019-08-28 07:00:00,453.68436,,,,
2019-08-28 08:00:00,513.0552,,,,
2019-08-28 09:00:00,588.73065,,,,
2019-08-28 10:00:00,644.02014,,,,
2019-08-28 11:00:00,680.329,,,,
2019-08-28 12:00:00,702.401,,,,
2019-08-28 13:00:00,716.246,,,,
2019-08-28 14:00:00,729.4306,,,,
2019-08-28 15:00:00,721.72986,,,,
2019-08-28 16:00:00,705.46173,,,,
2019-08-28 17:00:00,668.41986,,,,
2019-08-28 18:00:00,631.64777,,,,
2019-08-28 19:00:00,616.5241,,,,
2019-08-28 20:00:00,588.8812,,,,
2019-08-28 21:00:00,589.29156,,,,
2019-08-28 22:00:00,610.1398,,,,
2019-08-29 00:00:00,620.98096,,,,
2019-08-29 01:00:00,580.42346,2019-08-29 01:00:00,28.211533,,
2019-08-29 02:00:00,533.9833,,,,
2019-08-29 03:00:00,489.66162,,,,
2019-08-29 04:00:00,464.323,,,,
2019-08-29 05:00:00,444.83472,,,,
2019-08-29 06:00:00,424.59644,,,,
2019-08-29 07:00:00,447.41904,,,,
2019-08-29 08:00:00,526.51996,,,,
2019-08-29 09:00:00,635.5395,,,2019-08-29 09:00:00,660.4775
2019-08-29 10:00:00,659.2581,,,,
2019-08-29 11:00:00,684.63464,,,,
2019-08-29 12:00:00,709.44617,2019-08-29 12:00:00,31.569868,,
2019-08-29 13:00:00,721.52136,,,,
2019-08-29 14:00:00,733.74396,,,,
2019-08-29 15:00:00,736.98193,,,2019-08-29 15:00:00,415.84094
2019-08-29 16:00:00,706.9582,,,,
2019-08-29 17:00:00,659.1782,,,,
2019-08-29 18:00:00,621.12445,,,,
2019-08-29 19:00:00,589.3384,,,,
2019-08-29 20:00:00,583.6521,,,,
2019-08-29 21:00:00,600.1803,,,,
2019-08-29 22:00:00,620.1813,,,,
2019-08-29 23:00:00,631.8426,2019-08-29 23:00:00,28.996798,,
2019-08-30 00:00:00,595.33374,,,,
2019-08-30 01:00:00,572.8335,,,,
2019-08-30 02:00:00,511.7837,,,,
2019-08-30 03:00:00,483.22705,,,,
2019-08-30 04:00:00,458.15268,,,,
2019-08-30 05:00:00,439.4427,,,,
2019-08-30 06:00:00,424.12024,,,,
2019-08-30 08:00:00,497.12262,,,,
2019-08-30 09:00:00,558.66064,,,,
2019-08-30 10:00:00,581.89795,,,,
2019-08-30 11:00:00,594.16974,,,,
2019-08-30 12:00:00,603.7601,2019-08-30 12:00:00,29.898823,,
2019-08-30 13:00:00,611.3068,,,2019-08-30 13:00:00,333.01108
2019-08-30 14:00:00,606.65424,2019-08-30 14:00:00,29.573896,2019-08-30 14:00:00,326.6595
2019-08-30 15:00:00,584.03,,,2019-08-30 15:00:00,176.10986
2019-08-30 16:00:00,553.1211,,,2019-08-30 16:00:00,68.1105
2019-08-30 17:00:00,532.77826,,,,
2019-08-30 18:00:00,509.02838,,,,
2019-08-30 19:00:00,503.2485,,,,
2019-08-30 20:00:00,501.28033,,,,
2019-08-30 21:00:00,507.37228,,,,
2019-08-30 22:00:00,511.76437,,,,
2019-08-30 23:00:00,507.15463,,,,
2019-08-31 00:00:00,461.8792,,,,
2019-08-31 01:00:00,426.8473,,,,
2019-08-31 02:00:00,417.39697,,,,
2019-08-31 03:00:00,383.17657,,,,
2019-08-31 04:00:00,366.2912,,,,
2019-08-31 05:00:00,360.40085,,,,
2019-08-31 06:00:00,359.66574,,,,
2019-08-31 08:00:00,416.4905,,,,
2019-08-31 09:00:00,457.5582,2019-08-31 09:00:00,29.7792,,
2019-08-31 10:00:00,479.70294,2019-08-31 10:00:00,30.017286,,
2019-08-31 12:00:00,515.237,2019-08-31 12:00:00,30.981339,,
2019-08-31 13:00:00,524.0128,,,,
2019-08-31 14:00:00,513.70905,2019-08-31 14:00:00,29.285728,,
2019-08-31 15:00:00,556.724,,,,
2019-08-31 16:00:00,519.0548,,,,
2019-08-31 17:00:00,507.46268,,,,
2019-08-31 18:00:00,507.76727,,,,
2019-08-31 19:00:00,462.41962,,,,
2019-08-31 20:00:00,436.7759,,,,
2019-08-31 21:00:00,434.2942,2019-08-31 21:00:00,28.583805,2019-08-31 21:00:00,-11.281264
2019-08-31 22:00:00,443.68936,,,,
2019-08-31 23:00:00,445.0499,2019-08-31 23:00:00,27.949297,2019-08-31 23:00:00,-10.266433
,,2019-08-01 03:00:00,28.700806,,
,,2019-08-01 04:00:00,28.653845,2019-08-01 04:00:00,-2.8340597
,,2019-08-01 05:00:00,28.693375,2019-08-01 05:00:00,8.228379
,,2019-08-01 06:00:00,28.826141,,
,,2019-08-01 07:00:00,29.228914,,
,,2019-08-01 08:00:00,29.91035,2019-08-01 08:00:00,381.5299
,,2019-08-01 10:00:00,30.92022,,
,,2019-08-01 12:00:00,31.182526,,
,,2019-08-01 13:00:00,31.21808,,
,,2019-08-01 14:00:00,30.993223,,
,,2019-08-01 15:00:00,30.819027,,
,,2019-08-01 16:00:00,30.660982,,
,,2019-08-01 17:00:00,30.191357,,
,,2019-08-01 18:00:00,29.878044,,
,,2019-08-01 19:00:00,29.560112,,
,,2019-08-01 20:00:00,29.55481,,
,,2019-08-01 21:00:00,29.468405,,
,,2019-08-01 22:00:00,29.359676,,
,,2019-08-01 23:00:00,29.15933,,
,,2019-08-02 01:00:00,28.781755,,
,,2019-08-02 02:00:00,28.715229,,
,,2019-08-02 03:00:00,28.712532,,
,,2019-08-02 04:00:00,28.743309,,
,,2019-08-02 05:00:00,28.978827,,
,,2019-08-02 06:00:00,29.370834,,
,,2019-08-02 07:00:00,29.739948,,
,,2019-08-02 08:00:00,30.224573,,
,,2019-08-02 09:00:00,30.765411,,
,,2019-08-02 10:00:00,31.340387,,
,,2019-08-02 11:00:00,31.491014,,
,,2019-08-02 12:00:00,31.629414,,
,,2019-08-02 13:00:00,31.370955,,
,,2019-08-02 14:00:00,31.263956,2019-08-02 14:00:00,723.1925
,,2019-08-02 15:00:00,31.019804,2019-08-02 15:00:00,636.971
,,2019-08-02 16:00:00,30.9145,2019-08-02 16:00:00,481.10324
,,2019-08-02 17:00:00,30.480844,,
,,2019-08-02 18:00:00,29.911129,,
,,2019-08-02 19:00:00,29.48281,,
,,2019-08-02 20:00:00,29.242775,,
,,2019-08-02 21:00:00,29.051168,,
,,2019-08-02 22:00:00,28.89464,,
,,2019-08-02 23:00:00,28.84167,,
,,2019-08-03 00:00:00,28.562838,,
,,2019-08-03 01:00:00,28.472395,,
,,2019-08-03 02:00:00,28.508083,,
,,2019-08-03 04:00:00,28.308203,,
,,2019-08-03 05:00:00,28.373085,,
,,2019-08-03 06:00:00,28.792595,,
,,2019-08-03 07:00:00,29.302225,,
,,2019-08-03 08:00:00,29.792624,,
,,2019-08-03 09:00:00,30.571827,,
,,2019-08-03 10:00:00,31.064695,,
,,2019-08-03 12:00:00,31.266644,,
,,2019-08-03 13:00:00,31.02784,,
,,2019-08-03 14:00:00,30.807915,2019-08-03 14:00:00,763.79114
,,2019-08-03 15:00:00,30.77108,2019-08-03 15:00:00,682.8592
,,2019-08-03 16:00:00,30.679665,,
,,2019-08-03 17:00:00,30.329128,,
,,2019-08-03 19:00:00,29.392738,,
,,2019-08-03 20:00:00,29.185528,,
,,2019-08-03 21:00:00,29.1423,,
,,2019-08-03 22:00:00,29.10929,,
,,2019-08-03 23:00:00,29.080202,,
,,2019-08-04 00:00:00,29.114683,,
,,2019-08-04 01:00:00,29.055065,,
,,2019-08-04 02:00:00,29.092241,,
,,2019-08-04 03:00:00,29.04369,,
,,2019-08-04 04:00:00,29.061724,,
,,2019-08-04 05:00:00,29.09458,,
,,2019-08-04 06:00:00,29.508018,,
,,2019-08-04 07:00:00,30.077763,,
,,2019-08-04 08:00:00,30.799866,,
,,2019-08-04 09:00:00,30.86194,,
,,2019-08-04 10:00:00,31.3297,,
,,2019-08-04 12:00:00,31.665836,,
,,2019-08-04 13:00:00,31.655767,,
,,2019-08-04 14:00:00,31.54626,,
,,2019-08-04 15:00:00,31.304758,,
,,2019-08-04 16:00:00,31.05146,,
,,2019-08-04 19:00:00,29.78926,,
,,2019-08-04 20:00:00,29.274094,,
,,2019-08-05 00:00:00,29.365679,,
,,2019-08-05 01:00:00,29.139503,2019-08-05 01:00:00,0.03408914
,,2019-08-05 02:00:00,29.031492,,
,,2019-08-05 04:00:00,29.135777,,
,,2019-08-05 05:00:00,29.176891,,
,,2019-08-05 06:00:00,29.578457,,
,,2019-08-05 08:00:00,30.133131,,
,,2019-08-05 09:00:00,30.916431,,
,,2019-08-05 10:00:00,31.294724,,
,,2019-08-05 11:00:00,31.437408,,
,,2019-08-05 12:00:00,31.568985,,
,,2019-08-05 14:00:00,31.327295,2019-08-05 14:00:00,684.89026
,,2019-08-05 15:00:00,31.007563,,
,,2019-08-05 17:00:00,30.178442,,
,,2019-08-05 18:00:00,29.683666,,
,,2019-08-05 19:00:00,29.606644,,
,,2019-08-05 20:00:00,29.464468,,
,,2019-08-05 21:00:00,29.505182,,
,,2019-08-05 22:00:00,29.47295,,
,,2019-08-05 23:00:00,29.435495,,
,,2019-08-06 00:00:00,29.286385,,
,,2019-08-06 01:00:00,29.109049,,
,,2019-08-06 02:00:00,28.97337,,
,,2019-08-06 03:00:00,28.91837,,
,,2019-08-06 04:00:00,28.904207,,
,,2019-08-06 05:00:00,28.910753,,
,,2019-08-06 06:00:00,29.239403,,
,,2019-08-06 07:00:00,28.308203,,
,,2019-08-06 08:00:00,30.43208,,
,,2019-08-06 09:00:00,31.026335,,
,,2019-08-06 10:00:00,31.479645,,
,,2019-08-06 11:00:00,31.616638,,
,,2019-08-06 12:00:00,31.50877,,
,,2019-08-06 13:00:00,31.342552,2019-08-06 13:00:00,802.6639
,,2019-08-06 14:00:00,31.127985,2019-08-06 14:00:00,720.4073
,,2019-08-06 15:00:00,30.955933,,
,,2019-08-06 16:00:00,30.54836,,
,,2019-08-06 17:00:00,30.177511,,
,,2019-08-06 20:00:00,29.164719,,
,,2019-08-06 21:00:00,29.042978,,
,,2019-08-06 22:00:00,28.891024,,
,,2019-08-06 23:00:00,28.778448,,
,,2019-08-07 00:00:00,28.571959,,
,,2019-08-07 01:00:00,28.555574,,
,,2019-08-07 03:00:00,28.451561,,
,,2019-08-07 04:00:00,28.470188,,
,,2019-08-07 05:00:00,28.619112,,
,,2019-08-07 06:00:00,29.208656,,
,,2019-08-07 08:00:00,30.220974,,
,,2019-08-07 09:00:00,30.31531,2019-08-07 09:00:00,570.8977
,,2019-08-07 10:00:00,30.449587,2019-08-07 10:00:00,636.442
,,2019-08-07 11:00:00,30.854292,2019-08-07 11:00:00,623.7545
,,2019-08-07 12:00:00,31.195951,,
,,2019-08-07 14:00:00,30.855242,,
,,2019-08-07 15:00:00,30.406507,,
,,2019-08-07 16:00:00,30.012287,,
,,2019-08-07 17:00:00,29.621923,,
,,2019-08-07 18:00:00,29.33694,,
,,2019-08-07 19:00:00,29.209679,,
,,2019-08-07 20:00:00,29.196278,,
,,2019-08-07 21:00:00,29.189486,,
,,2019-08-07 22:00:00,29.286127,,
,,2019-08-08 00:00:00,29.272234,,
,,2019-08-08 01:00:00,29.30769,,
,,2019-08-08 02:00:00,29.047546,,
,,2019-08-08 03:00:00,28.944761,,
,,2019-08-08 04:00:00,29.050745,2019-08-08 04:00:00,0.73503214
,,2019-08-08 05:00:00,29.167564,,
,,2019-08-08 06:00:00,29.502512,,
,,2019-08-08 07:00:00,29.732372,,
,,2019-08-08 08:00:00,30.487537,,
,,2019-08-08 09:00:00,30.621347,,
,,2019-08-08 10:00:00,30.736382,,
,,2019-08-08 12:00:00,31.01197,,
,,2019-08-08 13:00:00,30.933575,,
,,2019-08-08 14:00:00,30.710321,,
,,2019-08-08 15:00:00,30.387539,2019-08-08 15:00:00,202.77689
,,2019-08-08 16:00:00,29.916065,,
,,2019-08-08 18:00:00,29.346134,,
,,2019-08-08 21:00:00,29.185152,,
,,2019-08-08 22:00:00,29.16965,,
,,2019-08-08 23:00:00,29.21243,,
,,2019-08-09 00:00:00,29.112545,,
,,2019-08-09 01:00:00,29.058386,,
,,2019-08-09 02:00:00,29.066818,,
,,2019-08-09 03:00:00,28.935146,2019-08-09 03:00:00,-0.9881887
,,2019-08-09 04:00:00,28.938566,,
,,2019-08-09 05:00:00,29.2278,,
,,2019-08-09 06:00:00,29.736855,,
,,2019-08-09 07:00:00,30.10522,2019-08-09 07:00:00,161.68095
,,2019-08-09 08:00:00,30.855309,,
,,2019-08-09 11:00:00,31.646027,,
,,2019-08-09 12:00:00,31.611118,,
,,2019-08-09 13:00:00,31.506987,,
,,2019-08-09 14:00:00,31.225733,,
,,2019-08-09 15:00:00,31.100332,,
,,2019-08-09 16:00:00,30.99689,,
,,2019-08-09 17:00:00,30.575546,,
,,2019-08-09 18:00:00,30.239464,,
,,2019-08-09 19:00:00,30.250656,,
,,2019-08-09 20:00:00,30.212257,,
,,2019-08-09 21:00:00,30.213617,,
,,2019-08-09 22:00:00,30.200302,,
,,2019-08-10 01:00:00,30.394266,,
,,2019-08-10 02:00:00,30.737057,,
,,2019-08-10 04:00:00,30.662031,,
,,2019-08-10 05:00:00,30.656595,,
,,2019-08-10 06:00:00,31.022314,,
,,2019-08-10 07:00:00,31.27943,,
,,2019-08-10 08:00:00,31.921947,,
,,2019-08-10 10:00:00,32.39934,,
,,2019-08-10 11:00:00,32.53187,,
,,2019-08-10 12:00:00,32.569992,,
,,2019-08-10 13:00:00,32.709938,,
,,2019-08-10 14:00:00,32.38286,,
,,2019-08-10 15:00:00,32.24338,,
,,2019-08-10 16:00:00,31.909843,,
,,2019-08-10 18:00:00,30.836283,,
,,2019-08-10 19:00:00,30.708769,,
,,2019-08-10 20:00:00,30.523153,,
,,2019-08-10 21:00:00,30.686438,,
,,2019-08-10 22:00:00,30.48481,,
,,2019-08-10 23:00:00,30.513485,,
,,2019-08-11 00:00:00,30.570356,,
,,2019-08-11 01:00:00,30.641409,,
,,2019-08-11 02:00:00,30.004532,,
,,2019-08-11 03:00:00,30.058323,,
,,2019-08-11 04:00:00,29.817854,,
,,2019-08-11 05:00:00,29.950722,,
,,2019-08-11 07:00:00,30.663597,,
,,2019-08-11 09:00:00,32.196636,,
,,2019-08-11 11:00:00,33.072197,,
,,2019-08-11 12:00:00,33.219013,,
,,2019-08-11 13:00:00,32.87395,,
,,2019-08-11 14:00:00,32.638798,,
,,2019-08-11 15:00:00,32.334087,,
,,2019-08-11 16:00:00,32.269672,,
,,2019-08-11 17:00:00,31.872232,,
,,2019-08-11 18:00:00,31.35712,,
,,2019-08-11 19:00:00,30.984982,,
,,2019-08-11 20:00:00,30.684053,,
,,2019-08-11 21:00:00,30.374922,,
,,2019-08-11 23:00:00,30.156582,,
,,2019-08-12 00:00:00,29.781366,,
,,2019-08-12 01:00:00,29.634495,,
,,2019-08-12 02:00:00,29.43041,,
,,2019-08-12 04:00:00,28.877935,,
,,2019-08-12 05:00:00,28.992626,2019-08-12 05:00:00,0.5353709
,,2019-08-12 06:00:00,29.317818,,
,,2019-08-12 07:00:00,29.968243,,
,,2019-08-12 08:00:00,30.775331,,
,,2019-08-12 09:00:00,30.996172,,
,,2019-08-12 10:00:00,31.039158,2019-08-12 10:00:00,473.9302
,,2019-08-12 11:00:00,31.081121,,
,,2019-08-12 12:00:00,31.117401,,
,,2019-08-12 13:00:00,31.095266,,
,,2019-08-12 14:00:00,30.9223,,
,,2019-08-12 15:00:00,30.595493,,
,,2019-08-12 16:00:00,30.218267,,
,,2019-08-12 17:00:00,30.020483,,
,,2019-08-12 18:00:00,29.611212,,
,,2019-08-12 19:00:00,29.517122,,
,,2019-08-12 20:00:00,29.238472,,
,,2019-08-12 21:00:00,29.203508,,
,,2019-08-12 22:00:00,29.107918,,
,,2019-08-12 23:00:00,29.00209,,
,,2019-08-13 00:00:00,29.041212,,
,,2019-08-13 01:00:00,28.913412,,
,,2019-08-13 02:00:00,28.803291,,
,,2019-08-13 03:00:00,28.606981,,
,,2019-08-13 04:00:00,28.494595,,
,,2019-08-13 05:00:00,28.540163,,
,,2019-08-13 06:00:00,29.106083,,
,,2019-08-13 07:00:00,29.961678,2019-08-13 07:00:00,244.38641
,,2019-08-13 08:00:00,31.004015,,
,,2019-08-13 09:00:00,31.502724,,
,,2019-08-13 10:00:00,31.837374,,
,,2019-08-13 12:00:00,32.044754,,
,,2019-08-13 13:00:00,31.954523,,
,,2019-08-13 14:00:00,31.833103,,
,,2019-08-13 15:00:00,31.528116,2019-08-13 15:00:00,551.1663
,,2019-08-13 16:00:00,31.16869,,
,,2019-08-13 17:00:00,30.66656,,
,,2019-08-13 18:00:00,30.03982,,
,,2019-08-13 19:00:00,29.524572,,
,,2019-08-13 20:00:00,29.168364,,
,,2019-08-13 21:00:00,28.907064,,
,,2019-08-13 22:00:00,28.946522,,
,,2019-08-14 00:00:00,28.798483,,
,,2019-08-14 01:00:00,28.590757,,
,,2019-08-14 02:00:00,28.588478,,
,,2019-08-14 04:00:00,28.367903,,
,,2019-08-14 06:00:00,29.026995,,
,,2019-08-14 08:00:00,30.721003,,
,,2019-08-14 09:00:00,31.309448,,
,,2019-08-14 10:00:00,31.705204,,
,,2019-08-14 12:00:00,32.306194,2019-08-14 12:00:00,824.21
,,2019-08-14 13:00:00,32.291916,,
,,2019-08-14 15:00:00,31.929443,,
,,2019-08-14 16:00:00,31.382978,,
,,2019-08-14 17:00:00,30.908073,,
,,2019-08-14 18:00:00,30.105038,,
,,2019-08-14 19:00:00,29.792665,,
,,2019-08-14 21:00:00,29.407509,,
,,2019-08-14 22:00:00,29.413443,,
,,2019-08-14 23:00:00,29.20221,,
,,2019-08-15 00:00:00,28.975094,,
,,2019-08-15 01:00:00,28.828432,,
,,2019-08-15 02:00:00,28.705711,,
,,2019-08-15 03:00:00,28.59654,,
,,2019-08-15 05:00:00,28.359451,,
,,2019-08-15 06:00:00,29.11007,,
,,2019-08-15 07:00:00,30.062916,,
,,2019-08-15 08:00:00,30.902554,2019-08-15 08:00:00,438.8721
,,2019-08-15 09:00:00,31.52488,,
,,2019-08-15 10:00:00,31.862446,,
,,2019-08-15 11:00:00,32.09779,,
,,2019-08-15 12:00:00,32.201523,,
,,2019-08-15 13:00:00,32.128017,,
,,2019-08-15 14:00:00,31.744274,,
,,2019-08-15 15:00:00,31.441572,,
,,2019-08-15 16:00:00,31.126968,,
,,2019-08-15 19:00:00,29.906065,,
,,2019-08-15 20:00:00,29.707369,,
,,2019-08-15 21:00:00,29.49901,,
,,2019-08-15 22:00:00,29.272657,,
,,2019-08-15 23:00:00,29.115667,,
,,2019-08-16 00:00:00,29.013882,,
,,2019-08-16 01:00:00,28.780367,,
,,2019-08-16 02:00:00,28.74538,,
,,2019-08-16 03:00:00,28.639126,,
,,2019-08-16 04:00:00,28.437258,,
,,2019-08-16 05:00:00,28.439335,,
,,2019-08-16 06:00:00,28.772911,,
,,2019-08-16 07:00:00,29.881441,,
,,2019-08-16 08:00:00,30.674244,,
,,2019-08-16 09:00:00,30.928751,,
,,2019-08-16 10:00:00,29.606644,,
,,2019-08-16 11:00:00,31.591375,,
,,2019-08-16 12:00:00,31.675615,,
,,2019-08-16 13:00:00,31.445251,,
,,2019-08-16 14:00:00,31.316818,,
,,2019-08-16 16:00:00,31.07176,,
,,2019-08-16 17:00:00,30.438965,,
,,2019-08-16 18:00:00,29.84244,,
,,2019-08-16 19:00:00,29.608763,,
,,2019-08-16 20:00:00,29.438969,,
,,2019-08-16 21:00:00,29.216125,,
,,2019-08-16 22:00:00,29.164118,,
,,2019-08-16 23:00:00,29.046907,,
,,2019-08-17 00:00:00,28.878181,,
,,2019-08-17 01:00:00,28.787561,,
,,2019-08-17 02:00:00,28.828386,,
,,2019-08-17 03:00:00,28.638556,,
,,2019-08-17 04:00:00,28.560074,,
,,2019-08-17 05:00:00,28.620321,,
,,2019-08-17 06:00:00,29.207724,,
,,2019-08-17 07:00:00,29.681057,,
,,2019-08-17 08:00:00,30.42833,,
,,2019-08-17 09:00:00,30.981817,,
,,2019-08-17 10:00:00,31.416681,,
,,2019-08-17 11:00:00,31.449436,,
,,2019-08-17 12:00:00,31.727188,,
,,2019-08-17 13:00:00,31.65291,,
,,2019-08-17 14:00:00,31.532404,,
,,2019-08-17 15:00:00,31.212996,,
,,2019-08-17 16:00:00,30.877857,,
,,2019-08-17 17:00:00,30.211308,,
,,2019-08-17 18:00:00,29.722582,,
,,2019-08-17 19:00:00,29.465464,,
,,2019-08-17 20:00:00,29.338947,,
,,2019-08-17 21:00:00,29.010906,,
,,2019-08-17 22:00:00,29.012814,,
,,2019-08-18 00:00:00,28.96641,,
,,2019-08-18 01:00:00,28.903067,,
,,2019-08-18 02:00:00,28.917068,,
,,2019-08-18 04:00:00,28.648602,,
,,2019-08-18 05:00:00,28.568998,,
,,2019-08-18 06:00:00,28.610561,,
,,2019-08-18 07:00:00,29.382221,,
,,2019-08-18 08:00:00,30.30345,,
,,2019-08-18 10:00:00,31.019142,,
,,2019-08-18 11:00:00,30.961374,,
,,2019-08-18 12:00:00,31.378103,,
,,2019-08-18 13:00:00,31.342827,,
,,2019-08-18 14:00:00,31.208405,,
,,2019-08-18 15:00:00,30.705154,,
,,2019-08-18 16:00:00,30.193579,,
,,2019-08-18 17:00:00,29.740091,,
,,2019-08-18 18:00:00,28.503878,,
,,2019-08-18 19:00:00,28.363602,,
,,2019-08-18 20:00:00,28.090788,,
,,2019-08-18 22:00:00,27.866024,,
,,2019-08-18 23:00:00,27.737144,,
,,2019-08-19 00:00:00,28.70287,,
,,2019-08-19 01:00:00,27.60228,,
,,2019-08-19 02:00:00,27.610664,,
,,2019-08-19 03:00:00,28.399353,,
,,2019-08-19 04:00:00,28.28586,,
,,2019-08-19 05:00:00,28.22238,,
,,2019-08-19 06:00:00,27.890957,,
,,2019-08-19 07:00:00,28.205912,,
,,2019-08-19 08:00:00,29.89738,,
,,2019-08-19 09:00:00,28.913465,,
,,2019-08-19 10:00:00,29.05572,,
,,2019-08-19 11:00:00,29.10215,,
,,2019-08-19 12:00:00,28.89165,,
,,2019-08-19 13:00:00,28.799053,,
,,2019-08-19 15:00:00,30.489037,,
,,2019-08-19 17:00:00,28.078533,,
,,2019-08-19 18:00:00,27.8997,,
,,2019-08-19 19:00:00,29.056248,,
,,2019-08-19 20:00:00,28.971336,,
,,2019-08-19 21:00:00,28.774364,,
,,2019-08-19 22:00:00,28.702318,,
,,2019-08-19 23:00:00,28.586086,,
,,2019-08-20 01:00:00,28.303673,,
,,2019-08-20 02:00:00,28.094736,,
,,2019-08-20 03:00:00,28.003996,,
,,2019-08-20 04:00:00,27.903141,,
,,2019-08-20 05:00:00,27.204332,,
,,2019-08-20 06:00:00,27.798063,,
,,2019-08-20 08:00:00,28.800861,,
,,2019-08-20 09:00:00,29.213032,,
,,2019-08-20 10:00:00,29.421896,,
,,2019-08-20 11:00:00,31.01605,,
,,2019-08-20 13:00:00,30.89617,,
,,2019-08-20 14:00:00,30.598326,,
,,2019-08-20 15:00:00,28.996107,,
,,2019-08-20 17:00:00,28.498137,,
,,2019-08-20 18:00:00,28.16857,2019-08-20 18:00:00,18.029375
,,2019-08-20 19:00:00,28.394428,,
,,2019-08-20 20:00:00,27.941904,,
,,2019-08-20 21:00:00,28.268862,,
,,2019-08-20 22:00:00,28.093937,,
,,2019-08-20 23:00:00,27.717276,,
,,2019-08-21 01:00:00,27.514475,2019-08-21 01:00:00,-0.13087362
,,2019-08-21 02:00:00,27.280197,,
,,2019-08-21 03:00:00,27.300308,,
,,2019-08-21 04:00:00,27.199888,,
,,2019-08-21 05:00:00,27.296902,,
,,2019-08-21 06:00:00,28.499643,,
,,2019-08-21 07:00:00,29.185144,,
,,2019-08-21 08:00:00,29.897646,,
,,2019-08-21 09:00:00,30.499308,,
,,2019-08-21 10:00:00,30.905119,,
,,2019-08-21 11:00:00,31.198648,,
,,2019-08-21 12:00:00,31.292583,,
,,2019-08-21 13:00:00,31.315826,,
,,2019-08-21 14:00:00,31.198421,,
,,2019-08-21 15:00:00,31.003954,,
,,2019-08-21 16:00:00,30.603666,,
,,2019-08-21 17:00:00,28.500973,,
,,2019-08-21 18:00:00,28.19216,,
,,2019-08-21 19:00:00,28.995924,,
,,2019-08-21 20:00:00,28.320969,,
,,2019-08-21 21:00:00,28.705112,,
,,2019-08-21 22:00:00,28.15373,,
,,2019-08-22 00:00:00,28.520216,,
,,2019-08-22 02:00:00,28.237255,,
,,2019-08-22 03:00:00,28.181097,,
,,2019-08-22 04:00:00,28.186598,,
,,2019-08-22 05:00:00,28.301512,,
,,2019-08-22 06:00:00,28.978697,,
,,2019-08-22 07:00:00,29.59581,,
,,2019-08-22 08:00:00,30.521559,,
,,2019-08-22 09:00:00,30.807566,,
,,2019-08-22 10:00:00,31.19843,,
,,2019-08-22 11:00:00,30.83584,,
,,2019-08-22 12:00:00,31.164255,,
,,2019-08-22 13:00:00,31.0136,,
,,2019-08-22 14:00:00,30.71425,,
,,2019-08-22 15:00:00,30.361755,,
,,2019-08-22 16:00:00,29.749935,,
,,2019-08-22 18:00:00,28.935293,,
,,2019-08-22 19:00:00,28.826065,,
,,2019-08-22 20:00:00,28.788784,,
,,2019-08-22 21:00:00,28.652395,,
,,2019-08-22 22:00:00,28.700174,,
,,2019-08-22 23:00:00,28.6144,,
,,2019-08-23 00:00:00,28.385025,,
,,2019-08-23 01:00:00,28.098177,,
,,2019-08-23 03:00:00,27.985497,,
,,2019-08-23 05:00:00,27.954363,,
,,2019-08-23 06:00:00,28.892336,,
,,2019-08-23 08:00:00,30.106451,,
,,2019-08-23 09:00:00,30.570356,,
,,2019-08-23 10:00:00,30.380213,,
,,2019-08-23 11:00:00,31.435163,,
,,2019-08-23 12:00:00,31.502583,,
,,2019-08-23 13:00:00,30.499308,,
,,2019-08-23 14:00:00,30.991238,,
,,2019-08-23 15:00:00,30.4991,,
,,2019-08-23 16:00:00,30.07196,2019-08-23 16:00:00,190.79936
,,2019-08-23 17:00:00,29.44652,,
,,2019-08-23 18:00:00,28.555574,,
,,2019-08-23 19:00:00,29.008818,,
,,2019-08-23 20:00:00,28.928936,,
,,2019-08-23 21:00:00,28.977835,,
,,2019-08-23 22:00:00,28.918858,,
,,2019-08-23 23:00:00,28.782156,,
,,2019-08-24 00:00:00,28.660465,,
,,2019-08-24 01:00:00,28.594112,,
,,2019-08-24 02:00:00,28.47661,,
,,2019-08-24 03:00:00,28.59899,,
,,2019-08-24 04:00:00,28.593702,,
,,2019-08-24 05:00:00,28.69441,,
,,2019-08-24 07:00:00,29.835924,2019-08-24 07:00:00,231.3513
,,2019-08-24 08:00:00,30.216955,,
,,2019-08-24 09:00:00,30.587797,,
,,2019-08-24 10:00:00,31.120981,,
,,2019-08-24 11:00:00,30.975136,,
,,2019-08-24 12:00:00,31.001215,,
,,2019-08-24 13:00:00,31.02258,,
,,2019-08-24 14:00:00,30.635527,,
,,2019-08-24 18:00:00,29.168074,,
,,2019-08-24 19:00:00,29.099829,,
,,2019-08-24 20:00:00,29.070267,,
,,2019-08-24 21:00:00,29.010906,,
,,2019-08-24 22:00:00,29.012814,,
,,2019-08-25 00:00:00,28.96641,,
,,2019-08-25 01:00:00,28.903067,,
,,2019-08-25 02:00:00,28.917068,,
,,2019-08-25 04:00:00,28.648602,,
,,2019-08-25 05:00:00,28.568998,,
,,2019-08-25 06:00:00,28.610561,,
,,2019-08-25 07:00:00,29.382221,,
,,2019-08-25 08:00:00,30.30345,,
,,2019-08-25 10:00:00,31.019142,,
,,2019-08-25 11:00:00,30.961374,,
,,2019-08-25 12:00:00,31.378103,,
,,2019-08-25 13:00:00,31.342827,,
,,2019-08-25 14:00:00,31.208405,,
,,2019-08-25 15:00:00,30.705154,,
,,2019-08-25 16:00:00,30.193579,,
,,2019-08-25 17:00:00,29.740091,,
,,2019-08-25 18:00:00,28.503878,,
,,2019-08-25 19:00:00,28.363602,,
,,2019-08-25 20:00:00,28.090788,,
,,2019-08-25 22:00:00,27.866024,,
,,2019-08-25 23:00:00,27.737144,,
,,2019-08-26 00:00:00,28.70287,,
,,2019-08-26 01:00:00,27.60228,,
,,2019-08-26 02:00:00,27.610664,,
,,2019-08-26 03:00:00,28.399353,,
,,2019-08-26 04:00:00,28.28586,,
,,2019-08-26 05:00:00,28.22238,,
,,2019-08-26 06:00:00,27.890957,,
,,2019-08-26 07:00:00,28.205912,,
,,2019-08-26 08:00:00,29.89738,,
,,2019-08-26 09:00:00,28.913465,,
,,2019-08-26 10:00:00,29.05572,,
,,2019-08-26 11:00:00,29.10215,,
,,2019-08-26 12:00:00,28.89165,,
,,2019-08-26 13:00:00,28.799053,,
,,2019-08-26 15:00:00,30.489037,,
,,2019-08-26 17:00:00,28.078533,,
,,2019-08-26 18:00:00,27.8997,,
,,2019-08-26 19:00:00,29.056248,,
,,2019-08-26 20:00:00,28.971336,,
,,2019-08-26 21:00:00,28.774364,,
,,2019-08-26 22:00:00,28.702318,,
,,2019-08-26 23:00:00,28.586086,,
,,2019-08-27 01:00:00,28.303673,,
,,2019-08-27 02:00:00,28.094736,,
,,2019-08-27 03:00:00,28.003996,,
,,2019-08-27 04:00:00,27.903141,,
,,2019-08-27 05:00:00,27.204332,,
,,2019-08-27 06:00:00,27.798063,,
,,2019-08-27 08:00:00,28.800861,,
,,2019-08-27 09:00:00,29.213032,,
,,2019-08-27 10:00:00,29.421896,,
,,2019-08-27 11:00:00,31.01605,,
,,2019-08-27 13:00:00,30.89617,,
,,2019-08-27 14:00:00,30.598326,,
,,2019-08-27 15:00:00,28.996107,,
,,2019-08-27 17:00:00,28.498137,,
,,2019-08-27 18:00:00,28.16857,2019-08-27 18:00:00,18.029375
,,2019-08-27 19:00:00,28.394428,,
,,2019-08-27 20:00:00,27.941904,,
,,2019-08-27 21:00:00,28.268862,,
,,2019-08-27 22:00:00,28.093937,,
,,2019-08-27 23:00:00,27.717276,,
,,2019-08-28 01:00:00,27.514475,2019-08-28 01:00:00,-0.13087362
,,2019-08-28 02:00:00,27.280197,,
,,2019-08-28 03:00:00,27.300308,,
,,2019-08-28 04:00:00,27.199888,,
,,2019-08-28 05:00:00,27.296902,,
,,2019-08-28 06:00:00,28.499643,,
,,2019-08-28 07:00:00,29.185144,,
,,2019-08-28 08:00:00,29.897646,,
,,2019-08-28 09:00:00,30.499308,,
,,2019-08-28 10:00:00,30.905119,,
,,2019-08-28 11:00:00,31.198648,,
,,2019-08-28 12:00:00,31.292583,,
,,2019-08-28 13:00:00,31.315826,,
,,2019-08-28 14:00:00,31.198421,,
,,2019-08-28 15:00:00,31.003954,,
,,2019-08-28 16:00:00,30.603666,,
,,2019-08-28 17:00:00,28.500973,,
,,2019-08-28 18:00:00,28.19216,,
,,2019-08-28 19:00:00,28.995924,,
,,2019-08-28 20:00:00,28.320969,,
,,2019-08-28 21:00:00,28.705112,,
,,2019-08-28 22:00:00,28.15373,,
,,2019-08-29 00:00:00,28.520216,,
,,2019-08-29 02:00:00,28.237255,,
,,2019-08-29 03:00:00,28.181097,,
,,2019-08-29 04:00:00,28.186598,,
,,2019-08-29 05:00:00,28.301512,,
,,2019-08-29 06:00:00,28.978697,,
,,2019-08-29 07:00:00,29.59581,,
,,2019-08-29 08:00:00,30.521559,,
,,2019-08-29 09:00:00,30.807566,,
,,2019-08-29 10:00:00,31.19843,,
,,2019-08-29 11:00:00,31.39026,,
,,2019-08-29 13:00:00,31.60887,,
,,2019-08-29 14:00:00,31.351604,,
,,2019-08-29 15:00:00,30.90839,,
,,2019-08-29 16:00:00,30.521309,,
,,2019-08-29 17:00:00,30.008488,,
,,2019-08-29 18:00:00,29.50659,,
,,2019-08-29 19:00:00,29.391138,,
,,2019-08-29 20:00:00,29.330105,,
,,2019-08-29 21:00:00,29.160599,,
,,2019-08-29 22:00:00,29.04625,,
,,2019-08-30 00:00:00,28.804998,,
,,2019-08-30 01:00:00,28.570204,2019-08-30 01:00:00,6.338868
,,2019-08-30 02:00:00,28.513184,2019-08-30 02:00:00,-1.3165884
,,2019-08-30 03:00:00,28.594242,2019-08-30 03:00:00,1.4549112
,,2019-08-30 04:00:00,28.535343,,
,,2019-08-30 05:00:00,28.546953,,
,,2019-08-30 06:00:00,28.773058,,
,,2019-08-30 08:00:00,29.699028,2019-08-30 08:00:00,228.92877
,,2019-08-30 09:00:00,29.974344,2019-08-30 09:00:00,234.64838
,,2019-08-30 10:00:00,29.953543,2019-08-30 10:00:00,234.76173
,,2019-08-30 11:00:00,30.141962,,
,,2019-08-30 13:00:00,29.724962,,
,,2019-08-30 15:00:00,29.357367,,
,,2019-08-30 16:00:00,29.077024,,
,,2019-08-30 17:00:00,28.92345,,
,,2019-08-30 18:00:00,28.743357,,
,,2019-08-30 19:00:00,28.501308,,
,,2019-08-30 20:00:00,28.402643,,
,,2019-08-30 21:00:00,28.304274,,
,,2019-08-30 22:00:00,28.188723,,
,,2019-08-30 23:00:00,28.169882,,
,,2019-08-31 00:00:00,28.012186,,
,,2019-08-31 01:00:00,27.99837,,
,,2019-08-31 02:00:00,27.758299,,
,,2019-08-31 03:00:00,27.79742,,
,,2019-08-31 04:00:00,27.939177,,
,,2019-08-31 05:00:00,28.244791,,
,,2019-08-31 06:00:00,28.677496,,
,,2019-08-31 08:00:00,29.551247,,
,,2019-08-31 13:00:00,30.745104,,
,,2019-08-31 15:00:00,30.095146,,
,,2019-08-31 16:00:00,29.598516,,
,,2019-08-31 17:00:00,28.998741,,
,,2019-08-31 18:00:00,28.543163,,
,,2019-08-31 19:00:00,28.352089,,
,,2019-08-31 20:00:00,28.626904,,
,,2019-08-31 22:00:00,28.17576,2019-08-31 22:00:00,-12.281661
,,,,2019-08-01 03:00:00,-0.2486257
,,,,2019-08-01 06:00:00,79.747734
,,,,2019-08-01 07:00:00,234.30695
,,,,2019-08-01 10:00:00,720.78595
,,,,2019-08-01 12:00:00,787.6803
,,,,2019-08-01 13:00:00,749.4053
,,,,2019-08-01 15:00:00,552.036
,,,,2019-08-01 16:00:00,389.4967
,,,,2019-08-01 17:00:00,220.528
,,,,2019-08-01 18:00:00,69.85208
,,,,2019-08-01 19:00:00,0.93922526
,,,,2019-08-01 20:00:00,0.43605143
,,,,2019-08-01 21:00:00,-0.03835959
,,,,2019-08-01 22:00:00,2.142518
,,,,2019-08-01 23:00:00,12.879502
,,,,2019-08-02 00:00:00,9.931245
,,,,2019-08-02 01:00:00,3.5353556
,,,,2019-08-02 02:00:00,0.46539408
,,,,2019-08-02 03:00:00,-0.08766074
,,,,2019-08-02 04:00:00,-0.7338857
,,,,2019-08-02 05:00:00,2.0882273
,,,,2019-08-02 06:00:00,102.8396
,,,,2019-08-02 07:00:00,272.763
,,,,2019-08-02 08:00:00,483.90286
,,,,2019-08-02 10:00:00,629.04486
,,,,2019-08-02 11:00:00,823.1661
,,,,2019-08-02 12:00:00,799.2596
,,,,2019-08-02 13:00:00,790.46027
,,,,2019-08-02 17:00:00,278.6272
,,,,2019-08-02 18:00:00,71.371025
,,,,2019-08-02 19:00:00,0.08151346
,,,,2019-08-02 20:00:00,-1.1180716
,,,,2019-08-02 21:00:00,-0.8093404
,,,,2019-08-02 22:00:00,0.51138407
,,,,2019-08-02 23:00:00,4.9687204
,,,,2019-08-03 00:00:00,-0.0420217
,,,,2019-08-03 01:00:00,-1.0320272
,,,,2019-08-03 02:00:00,-0.18099874
,,,,2019-08-03 04:00:00,280.60864
,,,,2019-08-03 05:00:00,-0.47514242
,,,,2019-08-03 06:00:00,83.5428
,,,,2019-08-03 08:00:00,474.168
,,,,2019-08-03 09:00:00,672.13885
,,,,2019-08-03 10:00:00,748.73895
,,,,2019-08-03 12:00:00,880.35614
,,,,2019-08-03 13:00:00,853.6308
,,,,2019-08-03 16:00:00,493.50366
,,,,2019-08-03 17:00:00,276.55048
,,,,2019-08-03 18:00:00,71.62071
,,,,2019-08-03 19:00:00,2.9399729
,,,,2019-08-03 20:00:00,-0.35539144
,,,,2019-08-03 21:00:00,-3.7230673
,,,,2019-08-03 22:00:00,0.343278
,,,,2019-08-03 23:00:00,1.26085
,,,,2019-08-04 00:00:00,1.7544107
,,,,2019-08-04 01:00:00,-0.014311738
,,,,2019-08-04 03:00:00,0.37410074
,,,,2019-08-04 04:00:00,-0.3596334
,,,,2019-08-04 05:00:00,33.872116
,,,,2019-08-04 06:00:00,123.007164
,,,,2019-08-04 07:00:00,270.55353
,,,,2019-08-04 08:00:00,482.17313
,,,,2019-08-04 09:00:00,642.9744
,,,,2019-08-04 10:00:00,656.9575
,,,,2019-08-04 11:00:00,834.6305
,,,,2019-08-04 12:00:00,758.22644
,,,,2019-08-04 13:00:00,672.6278
,,,,2019-08-04 14:00:00,837.7751
,,,,2019-08-04 15:00:00,697.5368
,,,,2019-08-04 16:00:00,374.23672
,,,,2019-08-04 17:00:00,243.26672
,,,,2019-08-04 19:00:00,5.119813
,,,,2019-08-04 20:00:00,-0.25006002
,,,,2019-08-04 22:00:00,1.2286997
,,,,2019-08-05 00:00:00,1.3542948
,,,,2019-08-05 02:00:00,-1.0420675
,,,,2019-08-05 04:00:00,-1.1715231
,,,,2019-08-05 05:00:00,1.848176
,,,,2019-08-05 06:00:00,75.98038
,,,,2019-08-05 07:00:00,277.89902
,,,,2019-08-05 09:00:00,570.79596
,,,,2019-08-05 10:00:00,642.9941
,,,,2019-08-05 12:00:00,800.74835
,,,,2019-08-05 13:00:00,735.0068
,,,,2019-08-05 15:00:00,413.637
,,,,2019-08-05 16:00:00,373.974
,,,,2019-08-05 17:00:00,182.835
,,,,2019-08-05 18:00:00,57.242516
,,,,2019-08-05 19:00:00,0.035157256
,,,,2019-08-05 20:00:00,0.33917338
,,,,2019-08-05 21:00:00,0.8621226
,,,,2019-08-05 22:00:00,-1.5301352
,,,,2019-08-05 23:00:00,-0.12077231
,,,,2019-08-06 00:00:00,0.5301371
,,,,2019-08-06 02:00:00,-0.5589132
,,,,2019-08-06 03:00:00,1.5343637
,,,,2019-08-06 04:00:00,-0.020918794
,,,,2019-08-06 05:00:00,-1.019454
,,,,2019-08-06 06:00:00,67.824
,,,,2019-08-06 07:00:00,280.60864
,,,,2019-08-06 08:00:00,512.55695
,,,,2019-08-06 09:00:00,627.50256
,,,,2019-08-06 10:00:00,765.7173
,,,,2019-08-06 11:00:00,816.445
,,,,2019-08-06 12:00:00,827.88464
,,,,2019-08-06 15:00:00,583.77576
,,,,2019-08-06 16:00:00,425.4598
,,,,2019-08-06 17:00:00,259.46042
,,,,2019-08-06 18:00:00,70.99755
,,,,2019-08-06 19:00:00,-0.11180014
,,,,2019-08-06 20:00:00,-3.1420126
,,,,2019-08-06 21:00:00,4.7538157
,,,,2019-08-06 22:00:00,-0.61120504
,,,,2019-08-06 23:00:00,0.75164896
,,,,2019-08-07 00:00:00,-2.4094229
,,,,2019-08-07 01:00:00,0.09979349
,,,,2019-08-07 02:00:00,-0.57406515
,,,,2019-08-07 03:00:00,0.64343363
,,,,2019-08-07 04:00:00,1.0728922
,,,,2019-08-07 05:00:00,7.2200937
,,,,2019-08-07 06:00:00,108.18437
,,,,2019-08-07 08:00:00,485.21957
,,,,2019-08-07 12:00:00,30.219961
,,,,2019-08-07 14:00:00,436.09476
,,,,2019-08-07 15:00:00,556.0634
,,,,2019-08-07 16:00:00,370.82755
,,,,2019-08-07 17:00:00,234.79654
,,,,2019-08-07 18:00:00,60.784378
,,,,2019-08-07 19:00:00,-0.9886922
,,,,2019-08-07 21:00:00,-0.05186362
,,,,2019-08-07 22:00:00,0.777711
,,,,2019-08-07 23:00:00,2.6854563
,,,,2019-08-08 00:00:00,0.24739176
,,,,2019-08-08 01:00:00,0.64128214
,,,,2019-08-08 02:00:00,6.180146
,,,,2019-08-08 03:00:00,2.8207407
,,,,2019-08-08 05:00:00,0.3236857
,,,,2019-08-08 06:00:00,85.230804
,,,,2019-08-08 07:00:00,221.36299
,,,,2019-08-08 08:00:00,388.3424
,,,,2019-08-08 09:00:00,426.17157
,,,,2019-08-08 10:00:00,561.2161
,,,,2019-08-08 13:00:00,484.08072
,,,,2019-08-08 14:00:00,406.42468
,,,,2019-08-08 17:00:00,203.76564
,,,,2019-08-08 18:00:00,52.47396
,,,,2019-08-08 20:00:00,-1.2490683
,,,,2019-08-08 22:00:00,0.6050425
,,,,2019-08-08 23:00:00,-1.5035849
,,,,2019-08-09 00:00:00,2.1015635
,,,,2019-08-09 01:00:00,1.945344
,,,,2019-08-09 02:00:00,-2.4520712
,,,,2019-08-09 04:00:00,1.0226297
,,,,2019-08-09 05:00:00,-2.8387136
,,,,2019-08-09 06:00:00,48.714806
,,,,2019-08-09 08:00:00,337.45486
,,,,2019-08-09 12:00:00,445.48294
,,,,2019-08-09 13:00:00,377.83868
,,,,2019-08-09 14:00:00,298.76392
,,,,2019-08-09 15:00:00,394.57556
,,,,2019-08-09 16:00:00,310.57187
,,,,2019-08-09 17:00:00,134.15811
,,,,2019-08-09 18:00:00,32.81172
,,,,2019-08-09 19:00:00,-1.1597433
,,,,2019-08-09 20:00:00,-2.9449148
,,,,2019-08-09 21:00:00,-1.7509909
,,,,2019-08-09 22:00:00,2.1274424
,,,,2019-08-10 00:00:00,2.477067
,,,,2019-08-10 01:00:00,-1.8433828
,,,,2019-08-10 02:00:00,-3.1876516
,,,,2019-08-10 04:00:00,9.636094
,,,,2019-08-10 05:00:00,38.59285
,,,,2019-08-10 06:00:00,61.683052
,,,,2019-08-10 07:00:00,98.3266
,,,,2019-08-10 08:00:00,163.94286
,,,,2019-08-10 10:00:00,629.4861
,,,,2019-08-10 12:00:00,798.76184
,,,,2019-08-10 14:00:00,730.6288
,,,,2019-08-10 16:00:00,489.94302
,,,,2019-08-10 17:00:00,253.11374
,,,,2019-08-10 18:00:00,65.87677
,,,,2019-08-10 19:00:00,3.8231516
,,,,2019-08-10 20:00:00,-0.9390859
,,,,2019-08-10 21:00:00,-0.975768
,,,,2019-08-10 22:00:00,-0.51830953
,,,,2019-08-10 23:00:00,0.7765818
,,,,2019-08-11 00:00:00,-1.0725241
,,,,2019-08-11 01:00:00,-0.5575246
,,,,2019-08-11 02:00:00,-1.1910696
,,,,2019-08-11 03:00:00,3.7057505
,,,,2019-08-11 04:00:00,-16.229734
,,,,2019-08-11 05:00:00,3.197816
,,,,2019-08-11 07:00:00,195.50151
,,,,2019-08-11 09:00:00,588.42194
,,,,2019-08-11 11:00:00,793.439
,,,,2019-08-11 12:00:00,811.0946
,,,,2019-08-11 13:00:00,848.5693
,,,,2019-08-11 14:00:00,743.5767
,,,,2019-08-11 15:00:00,587.0854
,,,,2019-08-11 16:00:00,398.9773
,,,,2019-08-11 17:00:00,201.84325
,,,,2019-08-11 18:00:00,78.135574
,,,,2019-08-11 19:00:00,-1.4935141
,,,,2019-08-11 20:00:00,-1.6261129
,,,,2019-08-11 21:00:00,-5.820754
,,,,2019-08-11 22:00:00,-0.88633627
,,,,2019-08-12 00:00:00,-0.76693624
,,,,2019-08-12 01:00:00,-0.7097005
,,,,2019-08-12 02:00:00,-0.8808889
,,,,2019-08-12 04:00:00,0.27998453
,,,,2019-08-12 06:00:00,22.936693
,,,,2019-08-12 07:00:00,98.10698
,,,,2019-08-12 08:00:00,253.11374
,,,,2019-08-12 09:00:00,375.8812
,,,,2019-08-12 11:00:00,548.64264
,,,,2019-08-12 13:00:00,662.886
,,,,2019-08-12 14:00:00,323.64297
,,,,2019-08-12 15:00:00,359.43094
,,,,2019-08-12 16:00:00,292.07675
,,,,2019-08-12 17:00:00,153.73973
,,,,2019-08-12 18:00:00,36.94554
,,,,2019-08-12 19:00:00,3.8529062
,,,,2019-08-12 20:00:00,-3.4789724
,,,,2019-08-12 21:00:00,0.5032206
,,,,2019-08-12 23:00:00,-0.078505464
,,,,2019-08-13 00:00:00,1.2861338
,,,,2019-08-13 01:00:00,-1.2565145
,,,,2019-08-13 02:00:00,-1.0851889
,,,,2019-08-13 03:00:00,2.3379374
,,,,2019-08-13 04:00:00,2.2591562
,,,,2019-08-13 05:00:00,1.4284983
,,,,2019-08-13 06:00:00,55.3099
,,,,2019-08-13 08:00:00,418.58496
,,,,2019-08-13 12:00:00,800.2283
,,,,2019-08-13 13:00:00,803.4824
,,,,2019-08-13 14:00:00,685.7459
,,,,2019-08-13 16:00:00,369.95605
,,,,2019-08-13 17:00:00,180.87317
,,,,2019-08-13 18:00:00,43.157944
,,,,2019-08-13 19:00:00,0.17743021
,,,,2019-08-13 20:00:00,-5.040557
,,,,2019-08-13 21:00:00,1.9377146
,,,,2019-08-13 22:00:00,6.943513
,,,,2019-08-14 00:00:00,0.5321818
,,,,2019-08-14 01:00:00,0.03448587
,,,,2019-08-14 02:00:00,0.01606851
,,,,2019-08-14 03:00:00,-0.70754904
,,,,2019-08-14 04:00:00,0.9325724
,,,,2019-08-14 05:00:00,-2.401351
,,,,2019-08-14 06:00:00,51.702705
,,,,2019-08-14 08:00:00,451.5026
,,,,2019-08-14 09:00:00,603.8688
,,,,2019-08-14 10:00:00,784.5476
,,,,2019-08-14 13:00:00,781.9505
,,,,2019-08-14 14:00:00,571.66455
,,,,2019-08-14 15:00:00,540.03845
,,,,2019-08-14 16:00:00,355.79648
,,,,2019-08-14 17:00:00,188.52388
,,,,2019-08-14 18:00:00,48.997284
,,,,2019-08-14 19:00:00,1.173356
,,,,2019-08-14 20:00:00,-0.056288667
,,,,2019-08-14 21:00:00,0.37016398
,,,,2019-08-14 22:00:00,-0.12715048
,,,,2019-08-14 23:00:00,6.2472086
,,,,2019-08-15 00:00:00,-0.76556295
,,,,2019-08-15 01:00:00,1.4296885
,,,,2019-08-15 02:00:00,0.6046458
,,,,2019-08-15 03:00:00,-0.8333425
,,,,2019-08-15 05:00:00,-8.398574
,,,,2019-08-15 06:00:00,62.997932
,,,,2019-08-15 07:00:00,197.77905
,,,,2019-08-15 09:00:00,530.68005
,,,,2019-08-15 10:00:00,659.5787
,,,,2019-08-15 12:00:00,611.51044
,,,,2019-08-15 14:00:00,615.59656
,,,,2019-08-15 15:00:00,488.6001
,,,,2019-08-15 16:00:00,212.82768
,,,,2019-08-15 18:00:00,16.036135
,,,,2019-08-15 19:00:00,0.9406901
,,,,2019-08-15 20:00:00,0.59692484
,,,,2019-08-15 21:00:00,2.3434
,,,,2019-08-15 22:00:00,0.55478007
,,,,2019-08-15 23:00:00,1.6591501
,,,,2019-08-16 00:00:00,2.5220041
,,,,2019-08-16 01:00:00,-0.37812704
,,,,2019-08-16 02:00:00,-0.21409506
,,,,2019-08-16 03:00:00,-4.6555624
,,,,2019-08-16 04:00:00,1.442689
,,,,2019-08-16 05:00:00,0.7895518
,,,,2019-08-16 06:00:00,78.383125
,,,,2019-08-16 07:00:00,209.07365
,,,,2019-08-16 08:00:00,399.00797
,,,,2019-08-16 09:00:00,482.70087
,,,,2019-08-16 10:00:00,0.035157256
,,,,2019-08-16 11:00:00,545.46045
,,,,2019-08-16 12:00:00,650.8921
,,,,2019-08-16 13:00:00,658.1116
,,,,2019-08-16 14:00:00,620.8044
,,,,2019-08-16 18:00:00,38.931793
,,,,2019-08-16 19:00:00,0.54426676
,,,,2019-08-16 20:00:00,-3.14952
,,,,2019-08-16 22:00:00,-0.3601827
,,,,2019-08-16 23:00:00,0.6464701
,,,,2019-08-17 00:00:00,-0.78188986
,,,,2019-08-17 01:00:00,0.57933146
,,,,2019-08-17 02:00:00,0.5640269
,,,,2019-08-17 03:00:00,1.9787302
,,,,2019-08-17 04:00:00,-2.250228
,,,,2019-08-17 05:00:00,-3.6626425
,,,,2019-08-17 06:00:00,56.37445
,,,,2019-08-17 07:00:00,233.73938
,,,,2019-08-17 08:00:00,404.72318
,,,,2019-08-17 09:00:00,481.2693
,,,,2019-08-17 10:00:00,744.45905
,,,,2019-08-17 11:00:00,798.9721
,,,,2019-08-17 12:00:00,815.5908
,,,,2019-08-17 13:00:00,798.19525
,,,,2019-08-17 14:00:00,742.84705
,,,,2019-08-17 15:00:00,444.597
,,,,2019-08-17 16:00:00,373.80453
,,,,2019-08-17 17:00:00,143.93208
,,,,2019-08-17 18:00:00,35.82373
,,,,2019-08-17 19:00:00,30.15677
,,,,2019-08-17 20:00:00,-0.97595114
,,,,2019-08-17 21:00:00,-0.12509054
,,,,2019-08-17 22:00:00,-0.15669149
,,,,2019-08-17 23:00:00,0.11837869
,,,,2019-08-18 00:00:00,0.0809794
,,,,2019-08-18 01:00:00,0.16374308
,,,,2019-08-18 02:00:00,-0.1530599
,,,,2019-08-18 04:00:00,0.12332254
,,,,2019-08-18 05:00:00,3.729371
,,,,2019-08-18 06:00:00,61.118515
,,,,2019-08-18 07:00:00,237.01436
,,,,2019-08-18 08:00:00,438.96213
,,,,2019-08-18 10:00:00,519.087
,,,,2019-08-18 11:00:00,614.42865
,,,,2019-08-18 12:00:00,759.9348
,,,,2019-08-18 13:00:00,607.3164
,,,,2019-08-18 14:00:00,709.7154
,,,,2019-08-18 15:00:00,506.38113
,,,,2019-08-18 16:00:00,191.66768
,,,,2019-08-18 17:00:00,54.550697
,,,,2019-08-18 18:00:00,23.171999
,,,,2019-08-18 19:00:00,0.33189493
,,,,2019-08-18 20:00:00,0.12976176
,,,,2019-08-18 21:00:00,0.5117808
,,,,2019-08-18 22:00:00,0.7540751
,,,,2019-08-18 23:00:00,-0.22735494
,,,,2019-08-19 00:00:00,-0.1333608
,,,,2019-08-19 02:00:00,-1.9224386
,,,,2019-08-19 03:00:00,-1.444457
,,,,2019-08-19 04:00:00,1.5696878
,,,,2019-08-19 05:00:00,-1.2106771
,,,,2019-08-19 06:00:00,48.695473
,,,,2019-08-19 07:00:00,135.1594
,,,,2019-08-19 08:00:00,159.68048
,,,,2019-08-19 09:00:00,392.02756
,,,,2019-08-19 10:00:00,520.12573
,,,,2019-08-19 11:00:00,664.6055
,,,,2019-08-19 12:00:00,571.4605
,,,,2019-08-19 13:00:00,594.5226
,,,,2019-08-19 14:00:00,408.29892
,,,,2019-08-19 15:00:00,207.11624
,,,,2019-08-19 17:00:00,61.0503
,,,,2019-08-19 18:00:00,14.356004
,,,,2019-08-19 19:00:00,0.28897196
,,,,2019-08-19 20:00:00,-0.26078695
,,,,2019-08-19 21:00:00,0.3954478
,,,,2019-08-19 22:00:00,0.5900889
,,,,2019-08-19 23:00:00,0.01330667
,,,,2019-08-20 01:00:00,0.6769877
,,,,2019-08-20 02:00:00,0.18834025
,,,,2019-08-20 03:00:00,-1.1276999
,,,,2019-08-20 04:00:00,-0.8712911
,,,,2019-08-20 05:00:00,1.399293
,,,,2019-08-20 06:00:00,35.201797
,,,,2019-08-20 08:00:00,371.07635
,,,,2019-08-20 10:00:00,812.98456
,,,,2019-08-20 11:00:00,884.2982
,,,,2019-08-20 13:00:00,414.64172
,,,,2019-08-20 14:00:00,732.5559
,,,,2019-08-20 15:00:00,590.845
,,,,2019-08-20 17:00:00,223.44218
,,,,2019-08-20 19:00:00,0.1697703
,,,,2019-08-20 20:00:00,1.5045328
,,,,2019-08-20 21:00:00,-0.12901205
,,,,2019-08-20 22:00:00,-0.5149831
,,,,2019-08-20 23:00:00,-0.5418691
,,,,2019-08-21 00:00:00,2.8506174
,,,,2019-08-21 02:00:00,-0.755187
,,,,2019-08-21 03:00:00,-0.4055776
,,,,2019-08-21 04:00:00,-1.2548208
,,,,2019-08-21 05:00:00,1.2639627
,,,,2019-08-21 06:00:00,33.14244
,,,,2019-08-21 07:00:00,254.76756
,,,,2019-08-21 08:00:00,385.05853
,,,,2019-08-21 09:00:00,610.04425
,,,,2019-08-21 10:00:00,691.8087
,,,,2019-08-21 11:00:00,760.57245
,,,,2019-08-21 12:00:00,863.7876
,,,,2019-08-21 13:00:00,689.68054
,,,,2019-08-21 14:00:00,716.87756
,,,,2019-08-21 15:00:00,459.325
,,,,2019-08-21 16:00:00,397.66412
,,,,2019-08-21 17:00:00,212.33598
,,,,2019-08-21 18:00:00,22.423754
,,,,2019-08-21 19:00:00,-3.9345236
,,,,2019-08-21 20:00:00,1.6336985
,,,,2019-08-21 21:00:00,-1.4241323
,,,,2019-08-21 22:00:00,0.08979898
,,,,2019-08-22 00:00:00,-0.5218038
,,,,2019-08-22 01:00:00,0.59404093
,,,,2019-08-22 02:00:00,-2.7632437
,,,,2019-08-22 03:00:00,-0.9734029
,,,,2019-08-22 04:00:00,-1.2801199
,,,,2019-08-22 05:00:00,0.010254912
,,,,2019-08-22 06:00:00,47.089607
,,,,2019-08-22 07:00:00,240.22334
,,,,2019-08-22 08:00:00,460.46417
,,,,2019-08-22 10:00:00,804.229
,,,,2019-08-22 11:00:00,877.99493
,,,,2019-08-22 12:00:00,846.1238
,,,,2019-08-22 13:00:00,799.574
,,,,2019-08-22 14:00:00,667.8568
,,,,2019-08-22 15:00:00,340.04355
,,,,2019-08-22 16:00:00,356.65268
,,,,2019-08-22 17:00:00,181.09805
,,,,2019-08-22 18:00:00,36.914703
,,,,2019-08-22 19:00:00,3.6051798
,,,,2019-08-22 20:00:00,2.0547953
,,,,2019-08-22 21:00:00,-4.5232077
,,,,2019-08-22 22:00:00,0.49105936
,,,,2019-08-22 23:00:00,-0.109114595
,,,,2019-08-23 00:00:00,-0.023344941
,,,,2019-08-23 01:00:00,1.069993
,,,,2019-08-23 03:00:00,-0.1339559
,,,,2019-08-23 04:00:00,-0.033720918
,,,,2019-08-23 05:00:00,15.220841
,,,,2019-08-23 06:00:00,87.836136
,,,,2019-08-23 08:00:00,470.663
,,,,2019-08-23 09:00:00,-1.0725241
,,,,2019-08-23 10:00:00,789.4446
,,,,2019-08-23 11:00:00,861.8032
,,,,2019-08-23 12:00:00,850.8538
,,,,2019-08-23 13:00:00,610.04425
,,,,2019-08-23 14:00:00,497.43417
,,,,2019-08-23 15:00:00,552.45886
,,,,2019-08-23 17:00:00,190.48158
,,,,2019-08-23 18:00:00,0.09979349
,,,,2019-08-23 19:00:00,1.3284006
,,,,2019-08-23 20:00:00,1.1713572
,,,,2019-08-23 21:00:00,-0.2031545
,,,,2019-08-23 22:00:00,1.7317057
,,,,2019-08-23 23:00:00,8.543931
,,,,2019-08-24 00:00:00,1.3173532
,,,,2019-08-24 01:00:00,-0.52599996
,,,,2019-08-24 02:00:00,0.6334849
,,,,2019-08-24 03:00:00,7.403596
,,,,2019-08-24 04:00:00,-0.3328237
,,,,2019-08-24 05:00:00,26.807207
,,,,2019-08-24 06:00:00,94.745285
,,,,2019-08-24 08:00:00,385.93073
,,,,2019-08-24 09:00:00,591.1872
,,,,2019-08-24 10:00:00,635.3664
,,,,2019-08-24 11:00:00,632.17993
,,,,2019-08-24 12:00:00,789.3005
,,,,2019-08-24 13:00:00,575.19
,,,,2019-08-24 14:00:00,533.5847
,,,,2019-08-24 15:00:00,354.25043
,,,,2019-08-24 16:00:00,235.26424
,,,,2019-08-24 17:00:00,108.2217
,,,,2019-08-24 18:00:00,15.16739
,,,,2019-08-24 19:00:00,-0.5581197
,,,,2019-08-24 21:00:00,-0.12509054
,,,,2019-08-24 22:00:00,-0.15669149
,,,,2019-08-24 23:00:00,0.11837869
,,,,2019-08-25 00:00:00,0.0809794
,,,,2019-08-25 01:00:00,0.16374308
,,,,2019-08-25 02:00:00,-0.1530599
,,,,2019-08-25 04:00:00,0.12332254
,,,,2019-08-25 05:00:00,3.729371
,,,,2019-08-25 06:00:00,61.118515
,,,,2019-08-25 07:00:00,237.01436
,,,,2019-08-25 08:00:00,438.96213
,,,,2019-08-25 10:00:00,519.087
,,,,2019-08-25 11:00:00,614.42865
,,,,2019-08-25 12:00:00,759.9348
,,,,2019-08-25 13:00:00,607.3164
,,,,2019-08-25 14:00:00,709.7154
,,,,2019-08-25 15:00:00,506.38113
,,,,2019-08-25 16:00:00,191.66768
,,,,2019-08-25 17:00:00,54.550697
,,,,2019-08-25 18:00:00,23.171999
,,,,2019-08-25 19:00:00,0.33189493
,,,,2019-08-25 20:00:00,0.12976176
,,,,2019-08-25 21:00:00,0.5117808
,,,,2019-08-25 22:00:00,0.7540751
,,,,2019-08-25 23:00:00,-0.22735494
,,,,2019-08-26 00:00:00,-0.1333608
,,,,2019-08-26 02:00:00,-1.9224386
,,,,2019-08-26 03:00:00,-1.444457
,,,,2019-08-26 04:00:00,1.5696878
,,,,2019-08-26 05:00:00,-1.2106771
,,,,2019-08-26 06:00:00,48.695473
,,,,2019-08-26 07:00:00,135.1594
,,,,2019-08-26 08:00:00,159.68048
,,,,2019-08-26 09:00:00,392.02756
,,,,2019-08-26 10:00:00,520.12573
,,,,2019-08-26 11:00:00,664.6055
,,,,2019-08-26 12:00:00,571.4605
,,,,2019-08-26 13:00:00,594.5226
,,,,2019-08-26 14:00:00,408.29892
,,,,2019-08-26 15:00:00,207.11624
,,,,2019-08-26 17:00:00,61.0503
,,,,2019-08-26 18:00:00,14.356004
,,,,2019-08-26 19:00:00,0.28897196
,,,,2019-08-26 20:00:00,-0.26078695
,,,,2019-08-26 21:00:00,0.3954478
,,,,2019-08-26 22:00:00,0.5900889
,,,,2019-08-26 23:00:00,0.01330667
,,,,2019-08-27 01:00:00,0.6769877
,,,,2019-08-27 02:00:00,0.18834025
,,,,2019-08-27 03:00:00,-1.1276999
,,,,2019-08-27 04:00:00,-0.8712911
,,,,2019-08-27 05:00:00,1.399293
,,,,2019-08-27 06:00:00,35.201797
,,,,2019-08-27 08:00:00,371.07635
,,,,2019-08-27 10:00:00,812.98456
,,,,2019-08-27 11:00:00,884.2982
,,,,2019-08-27 13:00:00,414.64172
,,,,2019-08-27 14:00:00,732.5559
,,,,2019-08-27 15:00:00,590.845
,,,,2019-08-27 17:00:00,223.44218
,,,,2019-08-27 19:00:00,0.1697703
,,,,2019-08-27 20:00:00,1.5045328
,,,,2019-08-27 21:00:00,-0.12901205
,,,,2019-08-27 22:00:00,-0.5149831
,,,,2019-08-27 23:00:00,-0.5418691
,,,,2019-08-28 00:00:00,2.8506174
,,,,2019-08-28 02:00:00,-0.755187
,,,,2019-08-28 03:00:00,-0.4055776
,,,,2019-08-28 04:00:00,-1.2548208
,,,,2019-08-28 05:00:00,1.2639627
,,,,2019-08-28 06:00:00,33.14244
,,,,2019-08-28 07:00:00,254.76756
,,,,2019-08-28 08:00:00,385.05853
,,,,2019-08-28 09:00:00,610.04425
,,,,2019-08-28 10:00:00,691.8087
,,,,2019-08-28 11:00:00,760.57245
,,,,2019-08-28 12:00:00,863.7876
,,,,2019-08-28 13:00:00,689.68054
,,,,2019-08-28 14:00:00,716.87756
,,,,2019-08-28 15:00:00,459.325
,,,,2019-08-28 16:00:00,397.66412
,,,,2019-08-28 17:00:00,212.33598
,,,,2019-08-28 18:00:00,22.423754
,,,,2019-08-28 19:00:00,-3.9345236
,,,,2019-08-28 20:00:00,1.6336985
,,,,2019-08-28 21:00:00,-1.4241323
,,,,2019-08-28 22:00:00,0.08979898
,,,,2019-08-29 00:00:00,-0.5218038
,,,,2019-08-29 01:00:00,0.59404093
,,,,2019-08-29 02:00:00,-2.7632437
,,,,2019-08-29 03:00:00,-0.9734029
,,,,2019-08-29 04:00:00,-1.2801199
,,,,2019-08-29 05:00:00,0.010254912
,,,,2019-08-29 06:00:00,47.089607
,,,,2019-08-29 07:00:00,240.22334
,,,,2019-08-29 08:00:00,460.46417
,,,,2019-08-29 10:00:00,804.229
,,,,2019-08-29 11:00:00,857.6248
,,,,2019-08-29 12:00:00,788.65173
,,,,2019-08-29 13:00:00,624.603
,,,,2019-08-29 14:00:00,532.06964
,,,,2019-08-29 16:00:00,205.63937
,,,,2019-08-29 17:00:00,194.92303
,,,,2019-08-29 18:00:00,12.97696
,,,,2019-08-29 19:00:00,1.2334452
,,,,2019-08-29 20:00:00,-0.564681
,,,,2019-08-29 21:00:00,-0.30677694
,,,,2019-08-29 22:00:00,-2.619628
,,,,2019-08-29 23:00:00,-5.0243673
,,,,2019-08-30 00:00:00,0.35168558
,,,,2019-08-30 04:00:00,-4.361327
,,,,2019-08-30 05:00:00,9.117158
,,,,2019-08-30 06:00:00,68.419136
,,,,2019-08-30 11:00:00,699.8408
,,,,2019-08-30 12:00:00,691.40656
,,,,2019-08-30 17:00:00,16.006975
,,,,2019-08-30 18:00:00,8.110948
,,,,2019-08-30 19:00:00,0.312501
,,,,2019-08-30 20:00:00,-3.5647879
,,,,2019-08-30 21:00:00,3.9289865
,,,,2019-08-30 22:00:00,0.48246866
,,,,2019-08-30 23:00:00,1.9892282
,,,,2019-08-31 00:00:00,-0.1641683
,,,,2019-08-31 01:00:00,1.5665445
,,,,2019-08-31 02:00:00,-0.71180624
,,,,2019-08-31 03:00:00,0.8015147
,,,,2019-08-31 04:00:00,0.693574
,,,,2019-08-31 05:00:00,2.0697489
,,,,2019-08-31 06:00:00,51.626816
,,,,2019-08-31 08:00:00,430.82513
,,,,2019-08-31 09:00:00,525.79297
,,,,2019-08-31 10:00:00,557.03656
,,,,2019-08-31 12:00:00,630.9032
,,,,2019-08-31 13:00:00,527.43506
,,,,2019-08-31 14:00:00,108.2217
,,,,2019-08-31 15:00:00,326.51978
,,,,2019-08-31 16:00:00,247.1743
,,,,2019-08-31 17:00:00,118.29896
,,,,2019-08-31 18:00:00,22.99817
,,,,2019-08-31 19:00:00,3.7939005
,,,,2019-08-31 20:00:00,-19.779203
