datetime,pred_OT,true_OT
2019-08-01 00:00:00,2.8221798953642008,-0.03996756514865751
2019-08-01 01:00:00,1.7620957964405193,-0.03996756514865751
2019-08-01 02:00:00,2.962103770593984,-0.03996756514865751
2019-08-01 03:00:00,-1.205821254221405,-0.03996756514865751
2019-08-01 04:00:00,-7.968492171864881,-0.03996756514865751
2019-08-01 05:00:00,8.049668514534574,-0.03996756514865751
2019-08-01 06:00:00,86.43984574000534,73.97698385555385
2019-08-01 07:00:00,219.8939218985526,273.0225542273294
2019-08-01 08:00:00,454.28340967897145,487.0715539743672
2019-08-01 09:00:00,703.0463823531577,680.1157679049957
2019-08-01 10:00:00,787.7724014409894,832.1505597315409
2019-08-01 11:00:00,841.9013249063619,940.1752818513448
2019-08-01 12:00:00,859.4221210467335,970.1821865287429
2019-08-01 13:00:00,799.4542385656448,935.1741514837222
2019-08-01 14:00:00,692.4129026656726,838.1519774085195
2019-08-01 15:00:00,572.7054248837392,681.1159939785202
2019-08-01 16:00:00,421.8765809070137,484.0708757537937
2019-08-01 17:00:00,209.66330509275343,268.021408550749
2019-08-01 18:00:00,69.31368391644706,70.9762979805014
2019-08-01 19:00:00,0.35654975348668927,-0.03996756514865751
2019-08-01 20:00:00,-7.095820335584875,-0.03996756514865751
2019-08-01 21:00:00,6.310831149083185,-0.03996756514865751
2019-08-01 22:00:00,19.936615057169092,-0.03996756514865751
2019-08-01 23:00:00,19.617147723657553,-0.03996756514865751
2019-08-02 00:00:00,4.015023277219257,-0.03996756514865751
2019-08-02 01:00:00,-5.9416167634759915,-0.03996756514865751
2019-08-02 02:00:00,-18.0486755028341,-0.03996756514865751
2019-08-02 03:00:00,-25.629947017445573,-0.03996756514865751
2019-08-02 04:00:00,-2.5855410851935403,-0.03996756514865751
2019-08-02 05:00:00,17.036822869173733,-0.03996756514865751
2019-08-02 06:00:00,84.82069380743648,71.9765240540259
2019-08-02 07:00:00,258.86318424602723,269.02164227875244
2019-08-02 08:00:00,497.5955746128487,484.0708757537937
2019-08-02 09:00:00,709.0773769368041,680.1157679049957
2019-08-02 10:00:00,831.6277894370828,623.1026980066044
2019-08-02 11:00:00,736.6424415929055,943.1760213077498
2019-08-02 12:00:00,884.6093983614023,780.1386814366037
2019-08-02 13:00:00,749.7042894187332,939.1750557778203
2019-08-02 14:00:00,734.7023679758245,854.1555945849113
2019-08-02 15:00:00,626.3671189539241,696.1194463172194
2019-08-02 16:00:00,487.4491647299928,496.07361925400346
2019-08-02 17:00:00,245.25725605634096,276.02324775686077
2019-08-02 18:00:00,89.87817644909846,73.97698385555385
2019-08-02 19:00:00,17.42227181124548,-0.03996756514865751
2019-08-02 20:00:00,4.461111001543202,-0.03996756514865751
2019-08-02 21:00:00,2.1198355247085487,-0.03996756514865751
2019-08-02 22:00:00,10.130247747245818,-0.03996756514865751
2019-08-02 23:00:00,5.580241751097219,-0.03996756514865751
2019-08-03 00:00:00,-2.0760742751527914,-0.03996756514865751
2019-08-03 01:00:00,-20.90711819553451,-0.03996756514865751
2019-08-03 02:00:00,-14.01970988890065,-0.03996756514865751
2019-08-03 03:00:00,-22.886199037351474,-0.03996756514865751
2019-08-03 04:00:00,-28.03982193464182,-0.03996756514865751
2019-08-03 05:00:00,8.313931745849317,-0.03996756514865751
2019-08-03 06:00:00,74.15638953321447,67.97561210544896
2019-08-03 07:00:00,228.03892665173007,263.02027052864753
2019-08-03 08:00:00,510.33348488945734,476.0690365476819
2019-08-03 09:00:00,714.0121276629609,670.113476551835
2019-08-03 10:00:00,792.9278461042702,823.1485250698204
2019-08-03 11:00:00,928.2319677257128,941.1755691607009
2019-08-03 12:00:00,921.8945490406879,971.1824126022675
2019-08-03 13:00:00,882.1369404243003,935.1741514837222
2019-08-03 14:00:00,772.4955923499815,840.1524295555685
2019-08-03 15:00:00,624.756800290065,685.1168982726183
2019-08-03 16:00:00,448.61101212523556,490.0722628128565
2019-08-03 17:00:00,248.37739007542848,271.02210208028043
2019-08-03 18:00:00,92.56898605276537,70.9762979805014
2019-08-03 19:00:00,20.341965644514204,-0.03996756514865751
2019-08-03 20:00:00,3.236486223082352,-0.03996756514865751
2019-08-03 21:00:00,1.1954806465493562,-0.03996756514865751
2019-08-03 22:00:00,4.509380145810127,-0.03996756514865751
2019-08-03 23:00:00,11.272632803853867,-0.03996756514865751
2019-08-04 00:00:00,7.075957556097393,-0.03996756514865751
2019-08-04 01:00:00,-1.8663721698029576,-0.03996756514865751
2019-08-04 02:00:00,4.5638034911538625,-0.03996756514865751
2019-08-04 03:00:00,-13.280225986373296,-0.03996756514865751
2019-08-04 04:00:00,-6.479971577078942,-0.03996756514865751
2019-08-04 05:00:00,26.434716564339737,-0.03996756514865751
2019-08-04 06:00:00,108.44648037947674,71.9765240540259
2019-08-04 07:00:00,227.63831418685578,272.0223281538049
2019-08-04 08:00:00,410.40544096997183,487.0715539743672
2019-08-04 09:00:00,641.1458970264446,681.1159939785202
2019-08-04 10:00:00,828.4972912534952,627.1036329186184
2019-08-04 11:00:00,768.1596055853113,944.1762473812744
2019-08-04 12:00:00,937.220530504479,759.1338726567576
2019-08-04 13:00:00,773.8113054279629,661.1114112721987
2019-08-04 14:00:00,628.2609595181393,837.151751334995
2019-08-04 15:00:00,623.4878407695182,683.1164461255693
2019-08-04 16:00:00,521.8742346580823,375.0459122515074
2019-08-04 17:00:00,239.8202413848366,242.01545409432254
2019-08-04 18:00:00,90.76221518662115,70.9762979805014
2019-08-04 19:00:00,32.76931840111061,-0.03996756514865751
2019-08-04 20:00:00,13.08640751823853,-0.03996756514865751
2019-08-04 21:00:00,12.350184423744423,-0.03996756514865751
2019-08-04 22:00:00,21.07005968236203,-0.03996756514865751
2019-08-04 23:00:00,18.998880149803,-0.03996756514865751
2019-08-05 00:00:00,21.76767358502576,-0.03996756514865751
2019-08-05 01:00:00,2.6250005175786555,-0.03996756514865751
2019-08-05 02:00:00,-0.9473141910780498,-0.03996756514865751
2019-08-05 03:00:00,-11.10662952544584,-0.03996756514865751
2019-08-05 04:00:00,-20.603097600546704,-0.03996756514865751
2019-08-05 05:00:00,9.967697232235963,-0.03996756514865751
2019-08-05 06:00:00,77.68429295499571,71.9765240540259
2019-08-05 07:00:00,202.5013727257706,275.02301402885735
2019-08-05 08:00:00,452.10822108642213,493.07294103342997
2019-08-05 09:00:00,710.4370573418819,689.1178025667161
2019-08-05 10:00:00,803.0515374935987,641.1068285658771
2019-08-05 11:00:00,786.7021215761026,753.1324549797789
2019-08-05 12:00:00,766.0446424331508,831.1503336580163
2019-08-05 13:00:00,741.5506159681433,942.1757952342255
2019-08-05 14:00:00,714.2033671650802,840.1524295555685
2019-08-05 15:00:00,603.9405366357473,415.05507766415053
2019-08-05 16:00:00,341.7661820089011,492.0727149599055
2019-08-05 17:00:00,240.36964926604526,275.02301402885735
2019-08-05 18:00:00,104.89459547514106,61.974232700865116
2019-08-05 19:00:00,7.182140488109837,-0.03996756514865751
2019-08-05 20:00:00,-5.143729186550189,-0.03996756514865751
2019-08-05 21:00:00,9.839377547096348,-0.03996756514865751
2019-08-05 22:00:00,14.356959170407208,-0.03996756514865751
2019-08-05 23:00:00,1.2304003795252072,-0.03996756514865751
2019-08-06 00:00:00,7.674507192173394,-0.03996756514865751
2019-08-06 01:00:00,-3.8199329787962597,-0.03996756514865751
2019-08-06 02:00:00,-3.5979683981664152,-0.03996756514865751
2019-08-06 03:00:00,0.44610715721691463,-0.03996756514865751
2019-08-06 04:00:00,17.524994918771966,-0.03996756514865751
2019-08-06 05:00:00,37.56488008201694,-0.03996756514865751
2019-08-06 06:00:00,107.73638967612239,73.97698385555385
2019-08-06 07:00:00,269.7137602655292,280.02415970543774
2019-08-06 08:00:00,542.7708397234728,503.07523238659076
2019-08-06 09:00:00,787.3485270145823,703.1210288318907
2019-08-06 10:00:00,839.217113463551,860.15701226189
2019-08-06 11:00:00,909.4051337687545,960.1798645576664
2019-08-06 12:00:00,936.2052404163785,992.1872213821134
2019-08-06 13:00:00,919.6818535012771,956.1789602635683
2019-08-06 14:00:00,774.0227527545137,855.1558206584359
2019-08-06 15:00:00,655.1429078547106,696.1194463172194
2019-08-06 16:00:00,488.0742907169877,494.0731671069545
2019-08-06 17:00:00,252.0388258825152,272.0223281538049
2019-08-06 18:00:00,100.79934972796828,69.97606425249795
2019-08-06 19:00:00,23.805908240178383,-0.03996756514865751
2019-08-06 20:00:00,3.4550215971420073,-0.03996756514865751
2019-08-06 21:00:00,15.75030397391265,-0.03996756514865751
2019-08-06 22:00:00,18.709785788770233,-0.03996756514865751
2019-08-06 23:00:00,16.373822520327792,-0.03996756514865751
2019-08-07 00:00:00,8.400396740083238,-0.03996756514865751
2019-08-07 01:00:00,-1.5943013699578614,-0.03996756514865751
2019-08-07 02:00:00,-9.38230505208611,-0.03996756514865751
2019-08-07 03:00:00,-1.0304112145733768,-0.03996756514865751
2019-08-07 04:00:00,2.4449059368124324,-0.03996756514865751
2019-08-07 05:00:00,27.63019308695405,-0.03996756514865751
2019-08-07 06:00:00,106.60312110394531,67.97561210544896
2019-08-07 07:00:00,261.38613878077103,269.02164227875244
2019-08-07 08:00:00,469.44583023653115,486.0713279008427
2019-08-07 09:00:00,681.8394034752498,296.02782280870343
2019-08-07 10:00:00,494.8787857076211,315.0321794415005
2019-08-07 11:00:00,455.001797837509,438.0603539000035
2019-08-07 12:00:00,491.74886926443384,177.00057154129334
2019-08-07 13:00:00,386.979520497829,553.0866891523947
2019-08-07 14:00:00,375.9988489540707,417.05552981119956
2019-08-07 15:00:00,350.38858513255286,609.0995023593457
2019-08-07 16:00:00,328.1782112268346,470.0676801065349
2019-08-07 17:00:00,256.1717316661284,254.01820524901126
2019-08-07 18:00:00,91.438434820616,60.974006627340614
2019-08-07 19:00:00,12.143345093522356,-0.03996756514865751
2019-08-07 20:00:00,-3.477226647188587,-0.03996756514865751
2019-08-07 21:00:00,10.656386012442482,-0.03996756514865751
2019-08-07 22:00:00,14.216882205598381,-0.03996756514865751
2019-08-07 23:00:00,11.340359633615009,-0.03996756514865751
2019-08-08 00:00:00,19.78661788763938,-0.03996756514865751
2019-08-08 01:00:00,-14.277114707075015,-0.03996756514865751
2019-08-08 02:00:00,12.226013466196406,-0.03996756514865751
2019-08-08 03:00:00,-13.974043267477185,-0.03996756514865751
2019-08-08 04:00:00,-1.4750752058124021,-0.03996756514865751
2019-08-08 05:00:00,14.85482179035776,-0.03996756514865751
2019-08-08 06:00:00,81.6471927611005,11.962791244019058
2019-08-08 07:00:00,244.62485831434233,72.9767501275504
2019-08-08 08:00:00,432.0096413785785,144.9932436603447
2019-08-08 09:00:00,345.1191346597714,415.05507766415053
2019-08-08 10:00:00,586.5151765389405,491.072488886381
2019-08-08 11:00:00,560.4083207409781,569.0903369467026
2019-08-08 12:00:00,585.9469692574276,803.1439423634988
2019-08-08 13:00:00,647.81111111808,169.99896869441213
2019-08-08 14:00:00,392.60909889631125,64.97491857591756
2019-08-08 15:00:00,241.02386992753407,44.970343524074934
2019-08-08 16:00:00,173.6683206679493,254.01820524901126
2019-08-08 17:00:00,159.0624821519953,215.00927356437154
2019-08-08 18:00:00,107.29354745087377,53.97240114923227
2019-08-08 19:00:00,32.94589192155925,-0.03996756514865751
2019-08-08 20:00:00,13.274860790019574,-0.03996756514865751
2019-08-08 21:00:00,6.735807820459456,-0.03996756514865751
2019-08-08 22:00:00,9.955817480903534,-0.03996756514865751
2019-08-08 23:00:00,19.9750099235888,-0.03996756514865751
2019-08-09 00:00:00,26.429940169474122,-0.03996756514865751
2019-08-09 01:00:00,19.434052587142418,-0.03996756514865751
2019-08-09 02:00:00,47.37692701532208,-0.03996756514865751
2019-08-09 03:00:00,79.18560418410928,-0.03996756514865751
2019-08-09 04:00:00,24.163632659488513,-0.03996756514865751
2019-08-09 05:00:00,18.105648383059815,-0.03996756514865751
2019-08-09 06:00:00,75.46032236808976,10.962549861536644
2019-08-09 07:00:00,118.92701975027539,57.97332075228816
2019-08-09 08:00:00,164.08806953667707,28.96668042080924
2019-08-09 09:00:00,142.94360574517435,232.0131665684012
2019-08-09 10:00:00,355.0355580680565,256.0186650505392
2019-08-09 11:00:00,379.84638810790045,150.9946173240693
2019-08-09 12:00:00,325.7618300025298,292.02691086012646
2019-08-09 13:00:00,407.93743793961943,337.0372142948711
2019-08-09 14:00:00,409.6761069065339,260.01957699911617
2019-08-09 15:00:00,308.6333259084124,394.0502688843045
2019-08-09 16:00:00,349.2723477760424,302.02920221328725
2019-08-09 17:00:00,308.6873512208507,135.99118029432813
2019-08-09 18:00:00,115.65908156987771,33.96782609738963
2019-08-09 19:00:00,8.512289913393346,-0.03996756514865751
2019-08-09 20:00:00,-4.945325092132464,-0.03996756514865751
2019-08-09 21:00:00,-19.748490334591793,-0.03996756514865751
2019-08-09 22:00:00,-10.058562958475704,-0.03996756514865751
2019-08-09 23:00:00,7.553658278490218,-0.03996756514865751
2019-08-10 00:00:00,29.171697985040907,-0.03996756514865751
2019-08-10 01:00:00,62.99778962623317,-0.03996756514865751
2019-08-10 02:00:00,64.27138776102447,-0.03996756514865751
2019-08-10 03:00:00,72.6466354138176,-0.03996756514865751
2019-08-10 04:00:00,77.80646609353744,-0.03996756514865751
2019-08-10 05:00:00,60.148784906079726,-0.03996756514865751
2019-08-10 06:00:00,103.47994060223519,13.963243391068033
2019-08-10 07:00:00,141.72935661293198,44.970343524074934
2019-08-10 08:00:00,174.1331695201829,137.99164009585607
2019-08-10 09:00:00,353.3836755834919,404.0525602374653
2019-08-10 10:00:00,617.1984309764757,725.1260636852614
2019-08-10 11:00:00,757.3465212037129,695.1192202436948
2019-08-10 12:00:00,798.987376585447,853.155368511387
2019-08-10 13:00:00,866.4273777113015,791.1411682453731
2019-08-10 14:00:00,748.80069348749,772.1368116125761
2019-08-10 15:00:00,628.9411671356678,670.113476551835
2019-08-10 16:00:00,471.78381428741676,472.0681322535839
2019-08-10 17:00:00,227.66601574618056,254.01820524901126
2019-08-10 18:00:00,84.29974527896879,58.97354682581266
2019-08-10 19:00:00,11.681718776927255,-0.03996756514865751
2019-08-10 20:00:00,-1.6112330773981682,-0.03996756514865751
2019-08-10 21:00:00,13.497177476681173,-0.03996756514865751
2019-08-10 22:00:00,11.832328304773057,-0.03996756514865751
2019-08-10 23:00:00,8.475043218816324,-0.03996756514865751
2019-08-11 00:00:00,-1.53087635736739,-0.03996756514865751
2019-08-11 01:00:00,1.0241274807455056,-0.03996756514865751
2019-08-11 02:00:00,-3.557460895556119,-0.03996756514865751
2019-08-11 03:00:00,-16.639577781646892,-0.03996756514865751
2019-08-11 04:00:00,-28.0526355324063,-0.03996756514865751
2019-08-11 05:00:00,-17.910068197983946,-0.03996756514865751
2019-08-11 06:00:00,39.19182427415822,51.971941347704316
2019-08-11 07:00:00,119.73501506665637,195.00469468528945
2019-08-11 08:00:00,253.89658323295401,406.05301238451426
2019-08-11 09:00:00,485.40198964342505,588.0946935794996
2019-08-11 10:00:00,680.8810320926311,732.127646199933
2019-08-11 11:00:00,755.4088970198961,810.1455248781701
2019-08-11 12:00:00,840.3703066444382,817.1471686286734
2019-08-11 13:00:00,770.7939710611913,897.165438218128
2019-08-11 14:00:00,749.8549295644948,740.1295160239606
2019-08-11 15:00:00,593.7590386213787,588.0946935794996
2019-08-11 16:00:00,422.0314769430722,399.05141456088484
2019-08-11 17:00:00,201.94825624951005,201.00606834901407
2019-08-11 18:00:00,67.06421626015431,47.971029399127374
2019-08-11 19:00:00,9.114284064997435,-0.03996756514865751
2019-08-11 20:00:00,5.591876559103213,-0.03996756514865751
2019-08-11 21:00:00,16.542833415572545,-0.03996756514865751
2019-08-11 22:00:00,23.847257735473335,-0.03996756514865751
2019-08-11 23:00:00,19.10570605804736,-0.03996756514865751
2019-08-12 00:00:00,22.15904709380584,-0.03996756514865751
2019-08-12 01:00:00,5.7143176044082225,-0.03996756514865751
2019-08-12 02:00:00,-14.038585833994546,-0.03996756514865751
2019-08-12 03:00:00,-28.304085165956536,-0.03996756514865751
2019-08-12 04:00:00,-19.679998056935545,-0.03996756514865751
2019-08-12 05:00:00,3.9645343340564523,-0.03996756514865751
2019-08-12 06:00:00,58.012940335340105,4.961178111431764
2019-08-12 07:00:00,137.03535073151204,116.98683131600998
2019-08-12 08:00:00,287.615527477786,161.99713666437435
2019-08-12 09:00:00,342.4194764784368,322.0337772651299
2019-08-12 10:00:00,458.1472987998411,431.0587407674162
2019-08-12 11:00:00,492.72123303457556,211.00835778855512
2019-08-12 12:00:00,403.76397107204326,418.05577119368195
2019-08-12 13:00:00,407.17792992015546,743.1301942445341
2019-08-12 14:00:00,472.7291424379025,317.0326315885495
2019-08-12 15:00:00,325.17705842856617,357.04179700119266
2019-08-12 16:00:00,215.80695447036564,369.0445405014025
2019-08-12 17:00:00,210.91543624132578,156.99599098779396
2019-08-12 18:00:00,44.03423136624653,38.968971773970026
2019-08-12 19:00:00,-21.132083331913265,-0.03996756514865751
2019-08-12 20:00:00,-10.28565604000292,-0.03996756514865751
2019-08-12 21:00:00,5.198558812669518,-0.03996756514865751
2019-08-12 22:00:00,4.7125606350934675,-0.03996756514865751
2019-08-12 23:00:00,5.887063885381195,-0.03996756514865751
2019-08-13 00:00:00,25.547501218052275,-0.03996756514865751
2019-08-13 01:00:00,20.976062680840045,-0.03996756514865751
2019-08-13 02:00:00,4.740285157855084,-0.03996756514865751
2019-08-13 03:00:00,10.492120894147547,-0.03996756514865751
2019-08-13 04:00:00,-5.798202445844396,-0.03996756514865751
2019-08-13 05:00:00,-45.09115357197217,-0.03996756514865751
2019-08-13 06:00:00,17.325151782311366,52.97217507570777
2019-08-13 07:00:00,172.81636567895097,244.01591389585047
2019-08-13 08:00:00,424.97483842525844,456.0644538413603
2019-08-13 09:00:00,682.332321301798,629.1040850656673
2019-08-13 10:00:00,841.6195176092908,803.1439423634988
2019-08-13 11:00:00,836.1018630020344,905.1673080421556
2019-08-13 12:00:00,935.8179237814425,936.1743775572468
2019-08-13 13:00:00,857.368944848668,897.165438218128
2019-08-13 14:00:00,713.3253065756185,806.1446205840723
2019-08-13 15:00:00,604.6278782276585,621.1022458595555
2019-08-13 16:00:00,393.83542296909934,451.0633234737378
2019-08-13 17:00:00,195.4642504653282,237.0143122449816
2019-08-13 18:00:00,75.44856508842055,46.97079567112392
2019-08-13 19:00:00,5.7188184380316045,-0.03996756514865751
2019-08-13 20:00:00,-4.959041918413192,-0.03996756514865751
2019-08-13 21:00:00,5.242219960607741,-0.03996756514865751
2019-08-13 22:00:00,14.215810578545188,-0.03996756514865751
2019-08-13 23:00:00,8.153447940156326,-0.03996756514865751
2019-08-14 00:00:00,0.42951224685049283,-0.03996756514865751
2019-08-14 01:00:00,-8.341602093867124,-0.03996756514865751
2019-08-14 02:00:00,-4.541061440798416,-0.03996756514865751
2019-08-14 03:00:00,-14.59904678280887,-0.03996756514865751
2019-08-14 04:00:00,-6.729094249028009,-0.03996756514865751
2019-08-14 05:00:00,12.585666814202284,-0.03996756514865751
2019-08-14 06:00:00,83.78946709415922,56.97308702428471
2019-08-14 07:00:00,240.01225398933002,251.0175193739588
2019-08-14 08:00:00,483.16467729970697,466.0667451945211
2019-08-14 09:00:00,714.8343411739941,661.1114112721987
2019-08-14 10:00:00,849.5338201941154,815.1466552457928
2019-08-14 11:00:00,913.9789605033993,920.1707603808547
2019-08-14 12:00:00,922.8554004744869,952.1780559694703
2019-08-14 13:00:00,883.2721302706941,916.1697948509252
2019-08-14 14:00:00,762.585369069647,576.0919500792897
2019-08-14 15:00:00,555.0033094459691,657.1105069781006
2019-08-14 16:00:00,408.5129629030099,457.06471053280063
2019-08-14 17:00:00,223.41648632126532,240.01500194727353
2019-08-14 18:00:00,86.02642733184554,47.971029399127374
2019-08-14 19:00:00,8.483432527746942,-0.03996756514865751
2019-08-14 20:00:00,-5.215972158892583,-0.03996756514865751
2019-08-14 21:00:00,12.11341608082276,-0.03996756514865751
2019-08-14 22:00:00,4.131310121447427,-0.03996756514865751
2019-08-14 23:00:00,7.296008516989417,-0.03996756514865751
2019-08-15 00:00:00,-4.023159394953325,-0.03996756514865751
2019-08-15 01:00:00,-25.31805761809585,-0.03996756514865751
2019-08-15 02:00:00,-15.480016074272072,-0.03996756514865751
2019-08-15 03:00:00,-12.82781566243554,-0.03996756514865751
2019-08-15 04:00:00,-13.035573530131785,-0.03996756514865751
2019-08-15 05:00:00,-9.245596058015849,-0.03996756514865751
2019-08-15 06:00:00,74.00535135454737,53.97240114923227
2019-08-15 07:00:00,232.43830398383545,192.00400689661726
2019-08-15 08:00:00,426.4123495723129,431.0587407674162
2019-08-15 09:00:00,695.9667241531829,305.0298880883397
2019-08-15 10:00:00,573.4406222780538,560.0882716670662
2019-08-15 11:00:00,665.8469618381268,456.0644538413603
2019-08-15 12:00:00,637.6481675606892,122.98820306611489
2019-08-15 13:00:00,415.3481064273643,454.0640016943113
2019-08-15 14:00:00,428.29976037420903,689.1178025667161
2019-08-15 15:00:00,461.5215462111539,522.0795890193879
2019-08-15 16:00:00,355.39381830089326,236.01408234421763
2019-08-15 17:00:00,118.6505514522728,61.974232700865116
2019-08-15 18:00:00,20.771580930134974,10.962549861536644
2019-08-15 19:00:00,-10.191169151828063,-0.03996756514865751
2019-08-15 20:00:00,-12.656646204126531,-0.03996756514865751
2019-08-15 21:00:00,0.5347000965992947,-0.03996756514865751
2019-08-15 22:00:00,10.862995708296012,-0.03996756514865751
2019-08-15 23:00:00,-1.5909027813034982,-0.03996756514865751
2019-08-16 00:00:00,-23.937449867565363,-0.03996756514865751
2019-08-16 01:00:00,-34.89079492146749,-0.03996756514865751
2019-08-16 02:00:00,-12.680574105328304,-0.03996756514865751
2019-08-16 03:00:00,-33.78758548813218,-0.03996756514865751
2019-08-16 04:00:00,-5.592052018727941,-0.03996756514865751
2019-08-16 05:00:00,38.24150540339622,-0.03996756514865751
2019-08-16 06:00:00,74.30759611041847,20.96484121469743
2019-08-16 07:00:00,135.8088085060739,199.00561046110585
2019-08-16 08:00:00,434.26425284472657,400.05164063440935
2019-08-16 09:00:00,621.0329881340041,349.0399577950809
2019-08-16 10:00:00,589.6159141083656,645.1077634778909
2019-08-16 11:00:00,766.2072235660764,540.0837195786605
2019-08-16 12:00:00,602.0587595303593,640.1066024923525
2019-08-16 13:00:00,620.9381338308397,759.1338726567576
2019-08-16 14:00:00,590.4191751295151,691.1183159495968
2019-08-16 15:00:00,510.6287334515669,398.0511884873604
2019-08-16 16:00:00,294.89471498058435,296.02782280870343
2019-08-16 17:00:00,138.2042088035732,224.01133501676836
2019-08-16 18:00:00,85.75109572396721,38.968971773970026
2019-08-16 19:00:00,-4.112318765778099,-0.03996756514865751
2019-08-16 20:00:00,-16.929743769732823,-0.03996756514865751
2019-08-16 21:00:00,5.630945019670662,-0.03996756514865751
2019-08-16 22:00:00,3.3712815974147645,-0.03996756514865751
2019-08-16 23:00:00,4.9044431134446995,-0.03996756514865751
2019-08-17 00:00:00,-3.317003093779931,-0.03996756514865751
2019-08-17 01:00:00,-7.0973665403330415,-0.03996756514865751
2019-08-17 02:00:00,-1.7635572085290505,-0.03996756514865751
2019-08-17 03:00:00,-16.234012868891114,-0.03996756514865751
2019-08-17 04:00:00,7.658968599902238,-0.03996756514865751
2019-08-17 05:00:00,11.97828390941649,-0.03996756514865751
2019-08-17 06:00:00,48.79427626481882,32.967600023865145
2019-08-17 07:00:00,193.81764765762026,234.01362636992917
2019-08-17 08:00:00,468.59566256836797,407.0532384580388
2019-08-17 09:00:00,626.740596290916,484.0708757537937
2019-08-17 10:00:00,714.5834579718862,784.1395857307016
2019-08-17 11:00:00,872.8239502096621,888.1634035564075
2019-08-17 12:00:00,925.5052586157644,914.169342703876
2019-08-17 13:00:00,898.9444615980738,872.159725144184
2019-08-17 14:00:00,759.8335532687381,782.1391335836527
2019-08-17 15:00:00,595.5838970212849,448.0626452531643
2019-08-17 16:00:00,346.50387582893563,370.04476657492694
2019-08-17 17:00:00,172.62003594832905,125.98889276840681
2019-08-17 18:00:00,43.92435897537953,30.967132567858243
2019-08-17 19:00:00,-4.456739700670852,-0.03996756514865751
2019-08-17 20:00:00,-11.227310040592073,-0.03996756514865751
2019-08-17 21:00:00,3.551192470686175,-0.03996756514865751
2019-08-17 22:00:00,7.051524459284849,-0.03996756514865751
2019-08-17 23:00:00,-2.3594737038457936,-0.03996756514865751
2019-08-18 00:00:00,-7.4602960053300365,-0.03996756514865751
2019-08-18 01:00:00,-15.662682559965958,-0.03996756514865751
2019-08-18 02:00:00,-20.412715400069942,-0.03996756514865751
2019-08-18 03:00:00,-23.108286089644537,-0.03996756514865751
2019-08-18 04:00:00,-8.609692564657507,-0.03996756514865751
2019-08-18 05:00:00,8.818361908740115,-0.03996756514865751
2019-08-18 06:00:00,86.85911217008393,48.97125547265186
2019-08-18 07:00:00,219.0561315228537,237.0143122449816
2019-08-18 08:00:00,414.8606998256612,445.061936414675
2019-08-18 09:00:00,608.1486017481834,632.1047632862408
2019-08-18 10:00:00,800.0972760333859,427.05782116436035
2019-08-18 11:00:00,633.4631883567704,547.085302093332
2019-08-18 12:00:00,637.5895648698381,73.97698385555385
2019-08-18 13:00:00,423.5927763237272,360.04247522176615
2019-08-18 14:00:00,381.960861373408,225.01156491753233
2019-08-18 15:00:00,325.03508315297745,222.0108790424799
2019-08-18 16:00:00,222.06841010627787,185.00240333212864
2019-08-18 17:00:00,141.92543374574853,54.97263487723572
2019-08-18 18:00:00,40.50997147644608,15.963695538117037
2019-08-18 19:00:00,9.86512721428852,-0.03996756514865751
2019-08-18 20:00:00,8.386113482360088,-0.03996756514865751
2019-08-18 21:00:00,4.826489899804642,-0.03996756514865751
2019-08-18 22:00:00,11.384617830911424,-0.03996756514865751
2019-08-18 23:00:00,-7.934598139068498,-0.03996756514865751
2019-08-19 00:00:00,28.8953100590673,-0.03996756514865751
2019-08-19 01:00:00,13.93678951181235,-0.03996756514865751
2019-08-19 02:00:00,23.1991989295403,-0.03996756514865751
2019-08-19 03:00:00,13.681221768586283,-0.03996756514865751
2019-08-19 04:00:00,21.583491512499535,-0.03996756514865751
2019-08-19 05:00:00,27.74550015787645,-0.03996756514865751
2019-08-19 06:00:00,56.02015032172136,30.967132567858243
2019-08-19 07:00:00,113.13696902781857,147.99392953539714
2019-08-19 08:00:00,238.42804092593437,117.98706121677397
2019-08-19 09:00:00,181.88481442729244,390.04934928124857
2019-08-19 10:00:00,429.76121473142314,564.08920657908
2019-08-19 11:00:00,569.7190146119308,622.10247193308
2019-08-19 12:00:00,544.8780259250188,627.1036329186184
2019-08-19 13:00:00,510.7510520252087,687.1173810375831
2019-08-19 14:00:00,463.27212554731665,384.04797753114366
2019-08-19 15:00:00,321.74739258964587,229.01248069334875
2019-08-19 16:00:00,171.7188186464199,23.965534744228847
2019-08-19 17:00:00,26.830728687364285,58.97354682581266
2019-08-19 18:00:00,3.349512259277276,18.964389067648455
2019-08-19 19:00:00,-12.493299623305774,-0.03996756514865751
2019-08-19 20:00:00,-19.228934921293217,-0.03996756514865751
2019-08-19 21:00:00,-10.754446948896458,-0.03996756514865751
2019-08-19 22:00:00,-2.4644013013102324,-0.03996756514865751
2019-08-19 23:00:00,-6.772158347608013,-0.03996756514865751
2019-08-20 00:00:00,12.500610244095412,-0.03996756514865751
2019-08-20 01:00:00,9.172458105027317,-0.03996756514865751
2019-08-20 02:00:00,-17.23828050730191,-0.03996756514865751
2019-08-20 03:00:00,-10.13131112642887,-0.03996756514865751
2019-08-20 04:00:00,8.288411713025681,-0.03996756514865751
2019-08-20 05:00:00,20.18875359382497,-0.03996756514865751
2019-08-20 06:00:00,60.991458839349576,35.968278244438636
2019-08-20 07:00:00,143.11755186572296,157.99622088855793
2019-08-20 08:00:00,246.7704087643922,412.0543841346191
2019-08-20 09:00:00,564.4657763255683,651.1091199190379
2019-08-20 10:00:00,747.7248411619266,135.99118029432813
2019-08-20 11:00:00,367.05088553166223,368.044314427878
2019-08-20 12:00:00,405.4612905436628,761.1343248038065
2019-08-20 13:00:00,531.2185163826734,421.05644941425544
2019-08-20 14:00:00,411.29461586287084,230.01271059411272
2019-08-20 15:00:00,213.17087056396107,515.0779758868006
2019-08-20 16:00:00,255.73745480282628,318.032857662074
2019-08-20 17:00:00,170.6585661489593,93.98156656187544
2019-08-20 18:00:00,-1.343111988691959,22.96530867070433
2019-08-20 19:00:00,-10.179473107990475,-0.03996756514865751
2019-08-20 20:00:00,5.2325446992132925,-0.03996756514865751
2019-08-20 21:00:00,2.535320642185212,-0.03996756514865751
2019-08-20 22:00:00,3.786705479059833,-0.03996756514865751
2019-08-20 23:00:00,8.872463765967893,-0.03996756514865751
2019-08-21 00:00:00,13.598553395912234,-0.03996756514865751
2019-08-21 01:00:00,2.717221679983936,-0.03996756514865751
2019-08-21 02:00:00,12.350597765607802,-0.03996756514865751
2019-08-21 03:00:00,31.287503129886005,-0.03996756514865751
2019-08-21 04:00:00,-11.924847398466284,-0.03996756514865751
2019-08-21 05:00:00,-13.011201669150836,-0.03996756514865751
2019-08-21 06:00:00,69.86512023457779,18.964389067648455
2019-08-21 07:00:00,133.5034554989577,236.01408234421763
2019-08-21 08:00:00,442.81626537994214,381.0472840016123
2019-08-21 09:00:00,629.1324984915345,595.096306712087
2019-08-21 10:00:00,575.9587621455371,689.1178025667161
2019-08-21 11:00:00,629.3112152660894,791.1411682453731
2019-08-21 12:00:00,707.6021445174777,338.0374403683956
2019-08-21 13:00:00,414.1598710418379,704.1212549054153
2019-08-21 14:00:00,486.8929290535596,223.0111051160044
2019-08-21 15:00:00,356.6125185126458,482.07042360674467
2019-08-21 16:00:00,307.10167997921485,400.05164063440935
2019-08-21 17:00:00,236.20107361051896,195.00469468528945
2019-08-21 18:00:00,78.03207420614811,21.965067288221945
2019-08-21 19:00:00,-4.693906076497996,-0.03996756514865751
2019-08-21 20:00:00,0.8072914010130319,-0.03996756514865751
2019-08-21 21:00:00,12.446033809172633,-0.03996756514865751
2019-08-21 22:00:00,24.638838021743254,-0.03996756514865751
2019-08-21 23:00:00,24.481553788251887,-0.03996756514865751
2019-08-22 00:00:00,41.92141146819242,-0.03996756514865751
2019-08-22 01:00:00,9.957777027515078,-0.03996756514865751
2019-08-22 02:00:00,16.95629775060604,-0.03996756514865751
2019-08-22 03:00:00,-16.636026103413485,-0.03996756514865751
2019-08-22 04:00:00,2.7739260600551745,-0.03996756514865751
2019-08-22 05:00:00,-11.391804793255545,-0.03996756514865751
2019-08-22 06:00:00,60.516398912194944,47.971029399127374
2019-08-22 07:00:00,175.73463960637423,242.01545409432254
2019-08-22 08:00:00,460.88567333571143,459.0651626798496
2019-08-22 09:00:00,665.9614116074067,659.1109591251496
2019-08-22 10:00:00,819.79776159993,816.1469425551488
2019-08-22 11:00:00,840.3111528311026,935.1741514837222
2019-08-22 12:00:00,909.8963063741014,963.1806040140714
2019-08-22 13:00:00,813.4536069734281,922.1712125279037
2019-08-22 14:00:00,682.2022870133732,818.1473947021977
2019-08-22 15:00:00,582.592011133072,305.0298880883397
2019-08-22 16:00:00,295.8284848678536,449.0628713266888
2019-08-22 17:00:00,189.00573600967394,228.01225079258478
2019-08-22 18:00:00,91.68851430243397,36.968504317963124
2019-08-22 19:00:00,7.087255567029501,-0.03996756514865751
2019-08-22 20:00:00,0.14032603207030547,-0.03996756514865751
2019-08-22 21:00:00,14.777327845454778,-0.03996756514865751
2019-08-22 22:00:00,15.900806339053162,-0.03996756514865751
2019-08-22 23:00:00,10.707977200574248,-0.03996756514865751
2019-08-23 00:00:00,11.749705858972703,-0.03996756514865751
2019-08-23 01:00:00,7.868961575452261,-0.03996756514865751
2019-08-23 02:00:00,-2.691555618669071,-0.03996756514865751
2019-08-23 03:00:00,-5.048094126532618,-0.03996756514865751
2019-08-23 04:00:00,47.599052340009905,-0.03996756514865751
2019-08-23 05:00:00,53.78092435826545,-0.03996756514865751
2019-08-23 06:00:00,106.002420559284,53.97240114923227
2019-08-23 07:00:00,267.70111453351075,252.01774544748332
2019-08-23 08:00:00,507.42998793364956,471.0679061800594
2019-08-23 09:00:00,707.7268819064682,670.113476551835
2019-08-23 10:00:00,852.3343797169862,826.1492032903939
2019-08-23 11:00:00,895.1755186341161,931.1732471896244
2019-08-23 12:00:00,867.2071547910286,960.1798645576664
2019-08-23 13:00:00,846.9200911934881,918.1702469979741
2019-08-23 14:00:00,675.1235473508725,195.00469468528945
2019-08-23 15:00:00,378.69276627619183,648.1084416984644
2019-08-23 16:00:00,364.4911512255574,200.0058384482501
2019-08-23 17:00:00,174.9097891273425,222.0108790424799
2019-08-23 18:00:00,68.28006900573698,33.96782609738963
2019-08-23 19:00:00,19.706643891556183,-0.03996756514865751
2019-08-23 20:00:00,3.032999554640952,-0.03996756514865751
2019-08-23 21:00:00,4.830929497596401,-0.03996756514865751
2019-08-23 22:00:00,1.42278805348721,-0.03996756514865751
2019-08-23 23:00:00,2.7822847510699944,-0.03996756514865751
2019-08-24 00:00:00,2.8287474383044184,-0.03996756514865751
2019-08-24 01:00:00,-4.7697772718632905,-0.03996756514865751
2019-08-24 02:00:00,-1.0436075362854353,-0.03996756514865751
2019-08-24 03:00:00,1.3927059512085975,-0.03996756514865751
2019-08-24 04:00:00,-0.2229555389584732,-0.03996756514865751
2019-08-24 05:00:00,13.747233995062317,-0.03996756514865751
2019-08-24 06:00:00,90.82523451182722,44.970343524074934
2019-08-24 07:00:00,195.07264732217962,228.01225079258478
2019-08-24 08:00:00,351.8545097054745,381.0472840016123
2019-08-24 09:00:00,502.82235901995557,599.0972110061849
2019-08-24 10:00:00,707.1419572429254,381.0472840016123
2019-08-24 11:00:00,471.5326555240666,580.0928543733878
2019-08-24 12:00:00,602.2135024768388,795.1421337753027
2019-08-24 13:00:00,658.2627816215138,578.0924022263389
2019-08-24 14:00:00,540.1316366168955,536.0827846666466
2019-08-24 15:00:00,397.80639825049775,330.0356164712417
2019-08-24 16:00:00,285.8057101290192,213.00881759008308
2019-08-24 17:00:00,135.81853352158151,79.97835560565875
2019-08-24 18:00:00,17.673093777521757,14.96346946459255
2019-08-24 19:00:00,-4.822470704964047,-0.03996756514865751
2019-08-24 20:00:00,-1.8401938517894791,-0.03996756514865751
2019-08-24 21:00:00,-1.5522323536415286,-0.03996756514865751
2019-08-24 22:00:00,-2.760491856104494,-0.03996756514865751
2019-08-24 23:00:00,-4.520639290956325,-0.03996756514865751
2019-08-25 00:00:00,12.972248619158819,-0.03996756514865751
2019-08-25 01:00:00,-0.5292724776316504,-0.03996756514865751
2019-08-25 02:00:00,-27.93171007393363,-0.03996756514865751
2019-08-25 03:00:00,-20.956673292265236,-0.03996756514865751
2019-08-25 04:00:00,-7.921095638198409,-0.03996756514865751
2019-08-25 05:00:00,3.8808249522450353,-0.03996756514865751
2019-08-25 06:00:00,67.89935818613608,48.97125547265186
2019-08-25 07:00:00,156.1653671180132,142.99278577243646
2019-08-25 08:00:00,281.5629778814127,266.0209564037
2019-08-25 09:00:00,451.64604364734254,483.0706496802692
2019-08-25 10:00:00,576.509241653799,455.0642277678358
2019-08-25 11:00:00,547.6284333018004,494.0731671069545
2019-08-25 12:00:00,573.4520733785648,741.129742097485
2019-08-25 13:00:00,665.852901713793,606.0988241387722
2019-08-25 14:00:00,536.1790167760224,706.1217070524642
2019-08-25 15:00:00,514.1012337546987,505.0756845336398
2019-08-25 16:00:00,343.28532051949225,392.04981673725547
2019-08-25 17:00:00,193.3151215463686,204.00675422406653
2019-08-25 18:00:00,65.0436022155476,22.96530867070433
2019-08-25 19:00:00,-8.25293260969525,-0.03996756514865751
2019-08-25 20:00:00,-7.9082361135602355,-0.03996756514865751
2019-08-25 21:00:00,-3.7434341161569478,-0.03996756514865751
2019-08-25 22:00:00,-0.4031572824300156,-0.03996756514865751
2019-08-25 23:00:00,3.395959637553773,-0.03996756514865751
2019-08-26 00:00:00,4.061929924232828,-0.03996756514865751
2019-08-26 01:00:00,5.790142872899821,-0.03996756514865751
2019-08-26 02:00:00,-23.23835099598506,-0.03996756514865751
2019-08-26 03:00:00,-31.632099524403515,-0.03996756514865751
2019-08-26 04:00:00,-36.122492438479355,-0.03996756514865751
2019-08-26 05:00:00,-24.51138269933395,-0.03996756514865751
2019-08-26 06:00:00,24.328020249446695,47.971029399127374
2019-08-26 07:00:00,115.94909446838464,226.01179481829632
2019-08-26 08:00:00,329.4423484256421,413.05462551710156
2019-08-26 09:00:00,638.2814072953726,632.1047632862408
2019-08-26 10:00:00,761.1627382296738,736.1286117298625
2019-08-26 11:00:00,814.3857388022018,846.1537859967154
2019-08-26 12:00:00,845.9159460267406,571.0907890937515
2019-08-26 13:00:00,637.9776163347533,398.0511884873604
2019-08-26 14:00:00,461.8053742906682,796.1423598488273
2019-08-26 15:00:00,500.8325619076068,631.1045372127163
2019-08-26 16:00:00,421.4509000235739,428.0580472378848
2019-08-26 17:00:00,176.5598996000299,207.0074420127387
2019-08-26 18:00:00,49.33775957931914,24.965760817753335
2019-08-26 19:00:00,-8.651118604741953,-0.03996756514865751
2019-08-26 20:00:00,-19.952359726980745,-0.03996756514865751
2019-08-26 21:00:00,-12.177506439690859,-0.03996756514865751
2019-08-26 22:00:00,3.2450133126341143,-0.03996756514865751
2019-08-26 23:00:00,-0.15489191212347464,-0.03996756514865751
2019-08-27 00:00:00,-1.5325909606524704,-0.03996756514865751
2019-08-27 01:00:00,-11.099970128758201,-0.03996756514865751
2019-08-27 02:00:00,-12.100992268093648,-0.03996756514865751
2019-08-27 03:00:00,-5.800958058266872,-0.03996756514865751
2019-08-27 04:00:00,-2.8380470368391,-0.03996756514865751
2019-08-27 05:00:00,34.80044969979642,-0.03996756514865751
2019-08-27 06:00:00,78.96393812815853,53.97240114923227
2019-08-27 07:00:00,198.3549644412873,262.0200368006441
2019-08-27 08:00:00,468.8644572512219,490.0722628128565
2019-08-27 09:00:00,757.4522142490723,692.1185420231213
2019-08-27 10:00:00,877.9407550631968,847.15401207024
2019-08-27 11:00:00,990.3028111359663,947.1769256018479
2019-08-27 12:00:00,953.2079814213259,973.1828647493164
2019-08-27 13:00:00,894.5767546726295,929.1727950425752
2019-08-27 14:00:00,770.6090388497278,822.1482989962958
2019-08-27 15:00:00,624.535800173783,655.1100548310517
2019-08-27 16:00:00,423.43634939187837,447.06241917963985
2019-08-27 17:00:00,204.1199352634602,223.0111051160044
2019-08-27 18:00:00,70.49457865665913,29.966906494333728
2019-08-27 19:00:00,2.3179640578840406,-0.03996756514865751
2019-08-27 20:00:00,-3.6729516739733583,-0.03996756514865751
2019-08-27 21:00:00,5.603205187951147,-0.03996756514865751
2019-08-27 22:00:00,11.778165211713656,-0.03996756514865751
2019-08-27 23:00:00,8.756176921739723,-0.03996756514865751
2019-08-28 00:00:00,0.2831433003437098,-0.03996756514865751
2019-08-28 01:00:00,-7.519541672413112,-0.03996756514865751
2019-08-28 02:00:00,1.0892670966210858,-0.03996756514865751
2019-08-28 03:00:00,-3.4736596599972813,-0.03996756514865751
2019-08-28 04:00:00,-1.3315077986017911,-0.03996756514865751
2019-08-28 05:00:00,21.881878410979198,-0.03996756514865751
2019-08-28 06:00:00,85.51443454375087,50.971715274179815
2019-08-28 07:00:00,226.42406122737395,254.01820524901126
2019-08-28 08:00:00,455.6067160000725,477.0692626212064
2019-08-28 09:00:00,680.5667085689748,677.1150896844222
2019-08-28 10:00:00,822.6561277478411,832.1505597315409
2019-08-28 11:00:00,886.2669298514331,933.1736993366733
2019-08-28 12:00:00,903.4810569470997,963.1806040140714
2019-08-28 13:00:00,839.8979334393955,922.1712125279037
2019-08-28 14:00:00,719.5281901385954,813.1462030987439
2019-08-28 15:00:00,591.9507445139232,647.1082156249399
2019-08-28 16:00:00,412.991521992627,440.06080604705255
2019-08-28 17:00:00,195.5756767154223,215.00927356437154
2019-08-28 18:00:00,62.02488238808587,26.966212964802338
2019-08-28 19:00:00,-2.49250854801943,-0.03996756514865751
2019-08-28 20:00:00,-3.279741090245011,-0.03996756514865751
2019-08-28 21:00:00,10.278591549322044,-0.03996756514865751
2019-08-28 22:00:00,13.70149082884933,-0.03996756514865751
2019-08-28 23:00:00,13.813338075285742,-0.03996756514865751
2019-08-29 00:00:00,6.831442880476999,-0.03996756514865751
2019-08-29 01:00:00,-4.393850501606977,-0.03996756514865751
2019-08-29 02:00:00,-1.5059686828598444,-0.03996756514865751
2019-08-29 03:00:00,-7.33248151580122,-0.03996756514865751
2019-08-29 04:00:00,-3.9923118447795787,-0.03996756514865751
2019-08-29 05:00:00,10.893123737448349,-0.03996756514865751
2019-08-29 06:00:00,85.66071929098919,46.97079567112392
2019-08-29 07:00:00,213.21554593036035,242.01545409432254
2019-08-29 08:00:00,439.9436925190976,458.0649366063251
2019-08-29 09:00:00,664.6858079991301,653.1095720660869
2019-08-29 10:00:00,783.0439542315282,504.07545846011527
2019-08-29 11:00:00,656.2468368090674,897.165438218128
2019-08-29 12:00:00,806.7706957264572,782.1391335836527
2019-08-29 13:00:00,716.1812845260968,610.0997284328703
2019-08-29 14:00:00,553.8156404918851,400.05164063440935
2019-08-29 15:00:00,392.1945782431825,89.98064695881953
2019-08-29 16:00:00,196.20666220605443,52.97217507570777
2019-08-29 17:00:00,46.91519353602166,195.00469468528945
2019-08-29 18:00:00,48.46288325310117,18.964389067648455
2019-08-29 19:00:00,15.638824142465893,-0.03996756514865751
2019-08-29 20:00:00,-2.747218989602942,-0.03996756514865751
2019-08-29 21:00:00,2.000563433689365,-0.03996756514865751
2019-08-29 22:00:00,8.247965446247008,-0.03996756514865751
2019-08-29 23:00:00,1.6656952885278145,-0.03996756514865751
2019-08-30 00:00:00,1.6750490618063054,-0.03996756514865751
2019-08-30 01:00:00,-5.630293795568633,-0.03996756514865751
2019-08-30 02:00:00,4.590731948104548,-0.03996756514865751
2019-08-30 03:00:00,8.827639137229085,-0.03996756514865751
2019-08-30 04:00:00,26.552258743115942,-0.03996756514865751
2019-08-30 05:00:00,28.096213074467215,-0.03996756514865751
2019-08-30 06:00:00,69.63054872711514,41.969649994543516
2019-08-30 07:00:00,179.17093039682683,9.962323788012156
2019-08-30 08:00:00,216.66103740451243,117.98706121677397
2019-08-30 09:00:00,197.51976127947393,58.97354682581266
2019-08-30 10:00:00,153.96943488750583,93.98156656187544
2019-08-30 11:00:00,157.7016746248921,879.161368894687
2019-08-30 12:00:00,495.800201265863,730.1271940528839
2019-08-30 13:00:00,531.747655203619,79.97835560565875
2019-08-30 14:00:00,240.50113025099176,60.974006627340614
2019-08-30 15:00:00,116.05295426603539,48.97125547265186
2019-08-30 16:00:00,139.63263408411245,73.97698385555385
2019-08-30 17:00:00,58.696929265470516,13.963243391068033
2019-08-30 18:00:00,7.992275231357723,3.960952037907248
2019-08-30 19:00:00,34.31247666665095,-0.03996756514865751
2019-08-30 20:00:00,23.80220347236596,-0.03996756514865751
2019-08-30 21:00:00,12.404148500351113,-0.03996756514865751
2019-08-30 22:00:00,13.484761911822176,-0.03996756514865751
2019-08-30 23:00:00,11.1774417036155,-0.03996756514865751
2019-08-31 00:00:00,32.72492242319305,-0.03996756514865751
2019-08-31 01:00:00,13.728296814136797,-0.03996756514865751
2019-08-31 02:00:00,71.016284978543,-0.03996756514865751
2019-08-31 03:00:00,68.88732943885955,-0.03996756514865751
2019-08-31 04:00:00,33.62926849337356,-0.03996756514865751
2019-08-31 05:00:00,63.93377931239834,-0.03996756514865751
2019-08-31 06:00:00,127.96382488263217,43.97011745055042
2019-08-31 07:00:00,184.9383085526299,242.01545409432254
2019-08-31 08:00:00,469.614504334702,464.06629304747213
2019-08-31 09:00:00,586.9711997769434,666.1125722577369
2019-08-31 10:00:00,655.2900881759863,824.1487511433447
2019-08-31 11:00:00,845.4629233444866,926.1721168220017
2019-08-31 12:00:00,884.4665964020869,955.1787341900438
2019-08-31 13:00:00,779.3758666822328,913.1691166303517
2019-08-31 14:00:00,637.5310234148185,804.1441684370232
2019-08-31 15:00:00,489.1409882857253,637.105924271779
2019-08-31 16:00:00,333.9102984074327,430.05851469389177
2019-08-31 17:00:00,180.11385886816137,206.00721402559446
2019-08-31 18:00:00,79.28469141413387,20.96484121469743
2019-08-31 19:00:00,18.661623807208656,-0.03996756514865751
2019-08-31 20:00:00,12.99982005234142,-0.03996756514865751
2019-08-31 21:00:00,17.645629507044475,-0.03996756514865751
2019-08-31 22:00:00,22.72710128573982,-0.03996756514865751
2019-08-31 23:00:00,23.4619925008964,-0.03996756514865751
