datetime,pred_KW,pred_TEMPERATURE,pred_OT
2019-08-01 00:00:00,618.6747,28.956493,0.0
2019-08-01 01:00:00,579.6728,28.68668,0.0
2019-08-01 02:00:00,523.23047,28.548708,0.0
2019-08-01 03:00:00,479.88516,28.41954,0.0
2019-08-01 04:00:00,453.1903,28.405529,0.0
2019-08-01 05:00:00,434.29938,28.511982,0.0
2019-08-01 06:00:00,422.6707,28.871967,95.115585
2019-08-01 07:00:00,432.70047,29.649965,235.17078
2019-08-01 08:00:00,465.85876,30.277529,433.7372
2019-08-01 09:00:00,575.5912,31.197153,646.9433
2019-08-01 10:00:00,691.5126,31.368338,714.1635
2019-08-01 11:00:00,734.84973,31.387457,781.0983
2019-08-01 12:00:00,751.3327,31.283619,803.93805
2019-08-01 13:00:00,739.60583,31.136675,768.2851
2019-08-01 14:00:00,738.46484,31.028643,702.5102
2019-08-01 15:00:00,747.31604,30.886475,591.2282
2019-08-01 16:00:00,760.2404,30.646658,441.1914
2019-08-01 17:00:00,715.0028,30.248882,249.81488
2019-08-01 18:00:00,643.95667,29.627325,0.0
2019-08-01 19:00:00,609.8989,29.28824,0.0
2019-08-01 20:00:00,584.21326,29.173792,0.0
2019-08-01 21:00:00,598.9762,29.210289,0.0
2019-08-01 22:00:00,599.5721,29.163403,0.0
2019-08-01 23:00:00,609.00305,28.96244,0.0
2019-08-02 00:00:00,584.15216,29.13965,0.0
2019-08-02 01:00:00,552.9643,28.89393,0.0
2019-08-02 02:00:00,507.76065,28.677979,0.0
2019-08-02 03:00:00,463.57794,28.471039,0.0
2019-08-02 04:00:00,432.09467,28.508205,0.0
2019-08-02 05:00:00,422.42294,28.670744,0.0
2019-08-02 06:00:00,418.49017,28.98585,100.39515
2019-08-02 07:00:00,439.34604,29.636753,255.52824
2019-08-02 08:00:00,486.22107,30.433712,483.22574
2019-08-02 09:00:00,546.51184,30.847265,685.41113
2019-08-02 10:00:00,625.66046,30.847406,796.82446
2019-08-02 11:00:00,655.1751,30.770086,700.2651
2019-08-02 12:00:00,672.783,30.64882,842.1814
2019-08-02 13:00:00,662.2138,30.737993,733.9917
2019-08-02 14:00:00,669.5945,30.770111,748.00854
2019-08-02 15:00:00,672.3746,30.866,654.3648
2019-08-02 16:00:00,685.0953,30.764479,500.21985
2019-08-02 17:00:00,653.47736,30.503294,285.86456
2019-08-02 18:00:00,602.6942,29.797668,0.0
2019-08-02 19:00:00,569.5119,29.28118,0.0
2019-08-02 20:00:00,562.23926,29.101263,0.0
2019-08-02 21:00:00,555.3309,29.052551,0.0
2019-08-02 22:00:00,554.30817,28.863167,0.0
2019-08-02 23:00:00,569.6704,28.714924,0.0
2019-08-03 00:00:00,576.5989,28.78113,0.0
2019-08-03 01:00:00,551.32666,28.415514,0.0
2019-08-03 02:00:00,505.10638,28.337234,0.0
2019-08-03 03:00:00,459.28067,28.211222,0.0
2019-08-03 04:00:00,422.38385,28.100952,0.0
2019-08-03 05:00:00,409.95322,28.390142,0.0
2019-08-03 06:00:00,407.8498,28.896917,86.3933
2019-08-03 07:00:00,418.23477,29.718033,239.6664
2019-08-03 08:00:00,463.67346,30.477663,482.25833
2019-08-03 09:00:00,500.004,30.831303,696.9068
2019-08-03 10:00:00,498.14655,31.11655,796.8126
2019-08-03 11:00:00,495.38876,31.03854,915.9385
2019-08-03 12:00:00,507.79144,31.185377,912.18164
2019-08-03 13:00:00,522.21985,30.954021,878.981
2019-08-03 14:00:00,542.49927,30.984777,784.2705
2019-08-03 15:00:00,545.6373,30.921045,643.1286
2019-08-03 16:00:00,555.6642,30.643265,476.2985
2019-08-03 17:00:00,537.2005,30.22748,282.001
2019-08-03 18:00:00,509.0011,29.673685,0.0
2019-08-03 19:00:00,499.5176,29.333902,0.0
2019-08-03 20:00:00,494.617,29.221811,0.0
2019-08-03 21:00:00,502.27606,29.213066,0.0
2019-08-03 22:00:00,517.75726,29.19072,0.0
2019-08-03 23:00:00,543.81335,29.093311,0.0
2019-08-04 00:00:00,551.90454,29.202528,0.0
2019-08-04 01:00:00,525.1227,29.014324,0.0
2019-08-04 02:00:00,503.1592,28.985756,0.0
2019-08-04 03:00:00,478.59744,28.984743,0.0
2019-08-04 04:00:00,450.2195,29.078255,0.0
2019-08-04 05:00:00,428.64178,29.2284,0.0
2019-08-04 06:00:00,417.50037,29.671055,88.56244
2019-08-04 07:00:00,411.25223,30.247807,204.01767
2019-08-04 08:00:00,410.96747,30.73071,399.2809
2019-08-04 09:00:00,424.71237,31.469702,624.4033
2019-08-04 10:00:00,446.8098,32.01045,796.4882
2019-08-04 11:00:00,449.03125,32.034424,718.5193
2019-08-04 12:00:00,439.8546,32.10492,875.15704
2019-08-04 13:00:00,456.4172,31.729366,701.8671
2019-08-04 14:00:00,487.63885,31.834217,592.2793
2019-08-04 15:00:00,501.9471,31.47987,591.1664
2019-08-04 16:00:00,517.6257,31.389479,466.3381
2019-08-04 17:00:00,498.31537,30.982172,238.82457
2019-08-04 18:00:00,479.05847,30.443232,0.0
2019-08-04 19:00:00,458.43964,29.950407,0.0
2019-08-04 20:00:00,480.38553,29.879667,0.0
2019-08-04 21:00:00,490.6564,29.888985,0.0
2019-08-04 22:00:00,522.1214,29.820667,0.0
2019-08-04 23:00:00,555.47345,29.666105,0.0
2019-08-05 00:00:00,580.37164,29.745546,0.0
2019-08-05 01:00:00,548.7383,29.34856,0.0
2019-08-05 02:00:00,492.64447,29.034203,0.0
2019-08-05 03:00:00,455.8292,28.849585,0.0
2019-08-05 04:00:00,434.05353,28.87756,0.0
2019-08-05 05:00:00,425.9767,29.048876,0.0
2019-08-05 06:00:00,416.07907,29.531006,76.59588
2019-08-05 07:00:00,423.21332,30.27086,213.01927
2019-08-05 08:00:00,460.9812,30.861605,448.8803
2019-08-05 09:00:00,559.7748,31.370289,674.51666
2019-08-05 10:00:00,642.3621,31.930578,781.19135
2019-08-05 11:00:00,710.44116,31.893127,725.8096
2019-08-05 12:00:00,734.87836,31.93385,711.82104
2019-08-05 13:00:00,720.81537,31.895948,701.78436
2019-08-05 14:00:00,727.6818,31.650364,702.12585
2019-08-05 15:00:00,741.51184,31.604237,596.5464
2019-08-05 16:00:00,712.01514,31.30808,326.80716
2019-08-05 17:00:00,682.1958,30.60121,232.9248
2019-08-05 18:00:00,638.0627,30.08225,0.0
2019-08-05 19:00:00,623.02454,29.718498,0.0
2019-08-05 20:00:00,602.7221,29.715298,0.0
2019-08-05 21:00:00,599.9057,29.70279,0.0
2019-08-05 22:00:00,610.4593,29.684578,0.0
2019-08-05 23:00:00,632.6634,29.398619,0.0
2019-08-06 00:00:00,617.4076,29.274044,0.0
2019-08-06 01:00:00,575.321,29.102585,0.0
2019-08-06 02:00:00,526.8505,29.01679,0.0
2019-08-06 03:00:00,493.8399,28.855904,0.0
2019-08-06 04:00:00,464.54877,28.795023,0.0
2019-08-06 05:00:00,444.82693,29.124203,0.0
2019-08-06 06:00:00,455.704,29.416733,100.89704
2019-08-06 07:00:00,464.40387,30.00034,257.97598
2019-08-06 08:00:00,496.53647,30.560556,506.94998
2019-08-06 09:00:00,577.7386,30.93182,725.2753
2019-08-06 10:00:00,664.0693,31.14009,770.24384
2019-08-06 11:00:00,705.3437,31.217438,852.39557
2019-08-06 12:00:00,731.9174,31.364174,888.90466
2019-08-06 13:00:00,738.41144,31.411833,868.94366
2019-08-06 14:00:00,750.0289,31.383694,777.38885
2019-08-06 15:00:00,758.84424,31.184742,653.1995
2019-08-06 16:00:00,749.4312,30.825193,488.15445
2019-08-06 17:00:00,689.8783,30.28709,291.50317
2019-08-06 18:00:00,634.6234,29.646904,0.0
2019-08-06 19:00:00,588.6613,29.186893,0.0
2019-08-06 20:00:00,571.86554,29.002918,0.0
2019-08-06 21:00:00,577.3674,29.000433,0.0
2019-08-06 22:00:00,592.84216,28.952646,0.0
2019-08-06 23:00:00,610.2426,28.711693,0.0
2019-08-07 00:00:00,598.78955,28.745644,0.0
2019-08-07 01:00:00,569.8915,28.529722,0.0
2019-08-07 02:00:00,524.82306,28.290468,0.0
2019-08-07 03:00:00,494.35638,28.15142,0.0
2019-08-07 04:00:00,466.27667,28.289124,0.0
2019-08-07 05:00:00,455.0989,28.4364,0.0
2019-08-07 06:00:00,452.82568,28.810575,116.459496
2019-08-07 07:00:00,467.8132,29.490463,261.25232
2019-08-07 08:00:00,486.35605,30.308285,473.33505
2019-08-07 09:00:00,538.1797,31.157269,684.46075
2019-08-07 10:00:00,616.6053,31.268509,486.18854
2019-08-07 11:00:00,658.2425,31.32691,444.1399
2019-08-07 12:00:00,679.99725,31.374647,469.80878
2019-08-07 13:00:00,670.21344,31.169394,319.13733
2019-08-07 14:00:00,657.778,30.762785,393.72537
2019-08-07 15:00:00,661.956,30.731195,324.76373
2019-08-07 16:00:00,663.41315,30.313074,339.75653
2019-08-07 17:00:00,685.67487,30.336084,269.5839
2019-08-07 18:00:00,614.141,29.886904,0.0
2019-08-07 19:00:00,564.0015,29.527412,0.0
2019-08-07 20:00:00,547.97186,29.595625,0.0
2019-08-07 21:00:00,556.03296,29.547857,0.0
2019-08-07 22:00:00,570.2148,29.34801,0.0
2019-08-07 23:00:00,584.1285,29.302752,0.0
2019-08-08 00:00:00,602.77856,29.401485,0.0
2019-08-08 01:00:00,551.9619,29.233671,0.0
2019-08-08 02:00:00,493.96155,29.245115,0.0
2019-08-08 03:00:00,455.7604,29.091724,0.0
2019-08-08 04:00:00,428.62134,29.129538,0.0
2019-08-08 05:00:00,424.1642,29.242441,0.0
2019-08-08 06:00:00,438.61633,29.46203,71.29567
2019-08-08 07:00:00,448.54575,30.028887,212.90591
2019-08-08 08:00:00,458.06107,30.689016,334.18008
2019-08-08 09:00:00,525.4652,30.519012,302.8261
2019-08-08 10:00:00,606.515,30.810013,541.23145
2019-08-08 11:00:00,674.18286,30.597317,522.15656
2019-08-08 12:00:00,693.8968,30.966642,528.45856
2019-08-08 13:00:00,698.95856,30.494242,619.64075
2019-08-08 14:00:00,667.1188,30.274029,344.53
2019-08-08 15:00:00,660.90607,30.101969,213.29759
2019-08-08 16:00:00,670.20544,30.075594,145.94469
2019-08-08 17:00:00,655.974,30.192057,138.39561
2019-08-08 18:00:00,576.4666,29.93129,0.0
2019-08-08 19:00:00,519.0186,29.743505,0.0
2019-08-08 20:00:00,488.43213,29.653187,0.0
2019-08-08 21:00:00,485.84445,29.526955,0.0
2019-08-08 22:00:00,516.02466,29.559027,0.0
2019-08-08 23:00:00,536.35925,29.129557,0.0
2019-08-09 00:00:00,519.451,29.250546,0.0
2019-08-09 01:00:00,504.26816,29.201633,0.0
2019-08-09 02:00:00,528.94336,28.563477,0.0
2019-08-09 03:00:00,497.1637,28.511038,0.0
2019-08-09 04:00:00,458.2773,28.294767,0.0
2019-08-09 05:00:00,431.47708,28.255655,0.0
2019-08-09 06:00:00,440.1578,28.253613,53.201416
2019-08-09 07:00:00,462.59848,28.262506,100.01865
2019-08-09 08:00:00,474.7937,28.376348,155.72906
2019-08-09 09:00:00,458.6263,28.807438,144.24826
2019-08-09 10:00:00,401.0793,29.71279,332.546
2019-08-09 11:00:00,394.26297,30.296974,300.9734
2019-08-09 12:00:00,409.89563,30.888857,151.98209
2019-08-09 13:00:00,401.23526,30.73194,271.45074
2019-08-09 14:00:00,398.39264,31.226446,302.04907
2019-08-09 15:00:00,364.3899,31.16676,187.85536
2019-08-09 16:00:00,420.82712,31.559702,263.83942
2019-08-09 17:00:00,398.8279,31.530876,229.2438
2019-08-09 18:00:00,407.05988,31.111073,0.0
2019-08-09 19:00:00,395.33224,30.646868,0.0
2019-08-09 20:00:00,394.2641,30.36317,0.0
2019-08-09 21:00:00,419.6659,30.312784,0.0
2019-08-09 22:00:00,429.73938,30.333338,0.0
2019-08-09 23:00:00,459.05347,30.151281,0.0
2019-08-10 00:00:00,485.0431,30.654043,0.0
2019-08-10 01:00:00,480.24792,31.088978,0.0
2019-08-10 02:00:00,483.2184,31.258307,0.0
2019-08-10 03:00:00,424.33743,31.20334,0.0
2019-08-10 04:00:00,399.0252,30.853235,0.0
2019-08-10 05:00:00,399.01935,30.700813,0.0
2019-08-10 06:00:00,382.12286,31.119732,48.761787
2019-08-10 07:00:00,373.89673,31.762903,92.24866
2019-08-10 08:00:00,366.31885,32.223053,146.70015
2019-08-10 09:00:00,378.65942,33.2706,338.0998
2019-08-10 10:00:00,436.71118,33.467426,595.99713
2019-08-10 11:00:00,463.81464,33.521023,725.8
2019-08-10 12:00:00,471.79886,33.468994,757.52704
2019-08-10 13:00:00,459.0726,33.381897,812.63165
2019-08-10 14:00:00,485.1163,33.326828,722.7315
2019-08-10 15:00:00,475.21786,32.936398,612.8447
2019-08-10 16:00:00,508.07483,32.814697,466.6892
2019-08-10 17:00:00,480.353,31.970592,232.02132
2019-08-10 18:00:00,455.59546,31.328579,0.0
2019-08-10 19:00:00,444.6796,30.948217,0.0
2019-08-10 20:00:00,447.57214,30.781775,0.0
2019-08-10 21:00:00,476.09363,30.801794,0.0
2019-08-10 22:00:00,484.88058,30.983786,0.0
2019-08-10 23:00:00,513.78424,30.862972,0.0
2019-08-11 00:00:00,520.72656,30.99531,0.0
2019-08-11 01:00:00,506.00555,30.72958,0.0
2019-08-11 02:00:00,446.61374,30.596941,0.0
2019-08-11 03:00:00,404.76865,30.35678,0.0
2019-08-11 04:00:00,376.00473,30.166622,0.0
2019-08-11 05:00:00,362.9362,30.273325,0.0
2019-08-11 06:00:00,360.73718,30.564398,33.18283
2019-08-11 07:00:00,360.65942,31.057072,118.74809
2019-08-11 08:00:00,379.50195,31.681347,276.30902
2019-08-11 09:00:00,406.57834,32.25804,527.9616
2019-08-11 10:00:00,433.4897,32.56113,748.5813
2019-08-11 11:00:00,439.7031,32.644524,815.68494
2019-08-11 12:00:00,445.0114,32.611374,881.27924
2019-08-11 13:00:00,450.80383,32.438175,795.16254
2019-08-11 14:00:00,471.89297,32.386055,771.4484
2019-08-11 15:00:00,496.0109,32.408268,605.12366
2019-08-11 16:00:00,516.2538,32.146652,436.41373
2019-08-11 17:00:00,490.68787,31.450987,241.12576
2019-08-11 18:00:00,470.01266,30.809727,0.0
2019-08-11 19:00:00,464.68506,30.46166,0.0
2019-08-11 20:00:00,471.52103,30.24938,0.0
2019-08-11 21:00:00,479.31668,30.241096,0.0
2019-08-11 22:00:00,496.31628,30.137732,0.0
2019-08-11 23:00:00,535.3168,29.885023,0.0
2019-08-12 00:00:00,556.4556,29.755554,0.0
2019-08-12 01:00:00,519.3273,29.44519,0.0
2019-08-12 02:00:00,469.69638,29.145155,0.0
2019-08-12 03:00:00,438.65796,28.818527,0.0
2019-08-12 04:00:00,418.2498,28.828503,0.0
2019-08-12 05:00:00,404.01285,29.066395,0.0
2019-08-12 06:00:00,398.0034,29.44371,64.78712
2019-08-12 07:00:00,398.8201,30.105356,137.05257
2019-08-12 08:00:00,425.62192,31.021828,286.451
2019-08-12 09:00:00,504.28003,31.820246,324.47253
2019-08-12 10:00:00,609.7719,31.989693,428.55182
2019-08-12 11:00:00,672.4967,31.822392,466.68225
2019-08-12 12:00:00,687.877,31.57591,349.4661
2019-08-12 13:00:00,681.994,31.266914,383.23874
2019-08-12 14:00:00,679.5351,31.279488,472.34622
2019-08-12 15:00:00,685.67896,30.79514,291.00705
2019-08-12 16:00:00,672.7847,30.550362,213.3253
2019-08-12 17:00:00,638.1228,30.386873,173.19868
2019-08-12 18:00:00,584.5361,29.950096,0.0
2019-08-12 19:00:00,562.0974,29.798424,0.0
2019-08-12 20:00:00,559.37195,29.677328,0.0
2019-08-12 21:00:00,567.58594,29.680735,0.0
2019-08-12 22:00:00,572.02515,29.724073,0.0
2019-08-12 23:00:00,592.41064,29.38135,0.0
2019-08-13 00:00:00,590.36194,29.256857,0.0
2019-08-13 01:00:00,565.2364,29.344322,0.0
2019-08-13 02:00:00,510.06784,29.13164,0.0
2019-08-13 03:00:00,473.3456,28.573753,0.0
2019-08-13 04:00:00,428.92828,28.440344,0.0
2019-08-13 05:00:00,411.15802,28.506393,0.0
2019-08-13 06:00:00,409.6343,28.617813,40.494507
2019-08-13 07:00:00,420.42487,29.43421,195.37662
2019-08-13 08:00:00,470.26587,30.669344,474.44052
2019-08-13 09:00:00,576.34753,31.894442,709.2647
2019-08-13 10:00:00,646.3991,32.1793,822.3965
2019-08-13 11:00:00,688.08075,32.43585,866.1866
2019-08-13 12:00:00,707.65204,32.7203,925.7107
2019-08-13 13:00:00,710.9508,32.52304,852.4483
2019-08-13 14:00:00,706.9997,32.279926,746.66425
2019-08-13 15:00:00,717.2901,31.932117,620.504
2019-08-13 16:00:00,703.6367,31.429241,408.7941
2019-08-13 17:00:00,658.6674,30.742172,225.95213
2019-08-13 18:00:00,618.65857,30.259424,0.0
2019-08-13 19:00:00,590.3314,29.76836,0.0
2019-08-13 20:00:00,585.75916,29.532152,0.0
2019-08-13 21:00:00,583.85034,29.43461,0.0
2019-08-13 22:00:00,592.1886,29.375158,0.0
2019-08-13 23:00:00,605.1578,29.119205,0.0
2019-08-14 00:00:00,593.6581,29.065819,0.0
2019-08-14 01:00:00,542.5207,28.867125,0.0
2019-08-14 02:00:00,493.82507,28.655647,0.0
2019-08-14 03:00:00,449.67795,28.486788,0.0
2019-08-14 04:00:00,424.1274,28.450602,0.0
2019-08-14 05:00:00,410.3385,28.553974,0.0
2019-08-14 06:00:00,403.27008,28.931139,96.441536
2019-08-14 07:00:00,417.51913,29.960678,243.62492
2019-08-14 08:00:00,458.555,30.889612,457.42834
2019-08-14 09:00:00,584.1633,31.755457,633.25226
2019-08-14 10:00:00,642.29987,32.23424,793.9643
2019-08-14 11:00:00,700.6386,32.411808,851.0561
2019-08-14 12:00:00,721.9284,32.45117,858.9707
2019-08-14 13:00:00,714.6532,32.447723,821.9741
2019-08-14 14:00:00,720.99774,32.40202,746.90985
2019-08-14 15:00:00,737.224,32.22161,523.7142
2019-08-14 16:00:00,725.85016,31.933031,392.26245
2019-08-14 17:00:00,668.8055,31.230911,226.90146
2019-08-14 18:00:00,612.6595,30.477165,0.0
2019-08-14 19:00:00,591.3742,29.86249,0.0
2019-08-14 20:00:00,589.3059,29.711527,0.0
2019-08-14 21:00:00,595.34753,29.691717,0.0
2019-08-14 22:00:00,612.83563,29.61095,0.0
2019-08-14 23:00:00,637.9283,29.418425,0.0
2019-08-15 00:00:00,637.05237,29.450336,0.0
2019-08-15 01:00:00,591.26514,29.126644,0.0
2019-08-15 02:00:00,535.8312,28.750921,0.0
2019-08-15 03:00:00,492.7197,28.4653,0.0
2019-08-15 04:00:00,456.84714,28.556477,0.0
2019-08-15 05:00:00,438.5613,28.652237,0.0
2019-08-15 06:00:00,433.31934,28.901451,69.572716
2019-08-15 07:00:00,447.70096,30.013323,230.49945
2019-08-15 08:00:00,525.03546,30.915117,374.216
2019-08-15 09:00:00,593.4707,32.18104,658.88306
2019-08-15 10:00:00,627.893,32.463024,519.0211
2019-08-15 11:00:00,692.30566,32.61907,617.29974
2019-08-15 12:00:00,724.2222,32.705948,533.12897
2019-08-15 13:00:00,722.5267,32.361835,351.49423
2019-08-15 14:00:00,705.9476,32.207054,391.94937
2019-08-15 15:00:00,709.89056,31.901178,426.65277
2019-08-15 16:00:00,720.5303,31.451746,314.8642
2019-08-15 17:00:00,677.1485,31.096157,119.04085
2019-08-15 18:00:00,623.6801,30.480087,0.0
2019-08-15 19:00:00,597.9047,30.11146,0.0
2019-08-15 20:00:00,587.30426,30.03273,0.0
2019-08-15 21:00:00,587.84686,30.002552,0.0
2019-08-15 22:00:00,600.03925,29.874918,0.0
2019-08-15 23:00:00,612.0851,29.636585,0.0
2019-08-16 00:00:00,614.3579,29.515116,0.0
2019-08-16 01:00:00,559.2271,29.227787,0.0
2019-08-16 02:00:00,496.26752,28.914896,0.0
2019-08-16 03:00:00,455.61542,28.629002,0.0
2019-08-16 04:00:00,442.18073,28.426264,0.0
2019-08-16 05:00:00,432.71155,28.513464,0.0
2019-08-16 06:00:00,435.0935,28.951464,103.29028
2019-08-16 07:00:00,439.58258,29.596905,178.52496
2019-08-16 08:00:00,456.9212,29.601639,397.0726
2019-08-16 09:00:00,547.6371,30.9941,627.56744
2019-08-16 10:00:00,577.7263,31.773846,574.68994
2019-08-16 11:00:00,645.5369,31.690115,723.75684
2019-08-16 12:00:00,652.3208,31.884129,577.192
2019-08-16 13:00:00,647.5748,31.977095,586.31305
2019-08-16 14:00:00,652.7828,31.880365,579.74054
2019-08-16 15:00:00,660.4909,31.625443,494.0168
2019-08-16 16:00:00,664.9942,31.202587,291.00073
2019-08-16 17:00:00,628.8338,30.68793,143.09131
2019-08-16 18:00:00,590.09985,30.212175,0.0
2019-08-16 19:00:00,569.39825,29.820848,0.0
2019-08-16 20:00:00,564.03827,29.68076,0.0
2019-08-16 21:00:00,547.7436,29.6009,0.0
2019-08-16 22:00:00,562.52386,29.524979,0.0
2019-08-16 23:00:00,569.8668,29.239182,0.0
2019-08-17 00:00:00,594.2556,29.2063,0.0
2019-08-17 01:00:00,557.6598,28.97413,0.0
2019-08-17 02:00:00,499.1091,28.899786,0.0
2019-08-17 03:00:00,459.86185,28.674887,0.0
2019-08-17 04:00:00,426.2046,28.683722,0.0
2019-08-17 05:00:00,407.3254,28.913252,0.0
2019-08-17 06:00:00,403.80704,29.38569,59.87092
2019-08-17 07:00:00,399.2767,30.28587,197.6092
2019-08-17 08:00:00,442.77313,30.612684,420.47693
2019-08-17 09:00:00,495.9062,31.56534,603.21234
2019-08-17 10:00:00,511.5998,32.03298,706.72284
2019-08-17 11:00:00,520.74414,32.107723,870.2542
2019-08-17 12:00:00,534.6344,32.280354,915.13666
2019-08-17 13:00:00,547.988,32.19248,871.29095
2019-08-17 14:00:00,572.5134,32.126316,750.6466
2019-08-17 15:00:00,582.20325,31.922829,601.0772
2019-08-17 16:00:00,571.3427,31.336143,347.65433
2019-08-17 17:00:00,531.43427,30.646793,202.2267
2019-08-17 18:00:00,521.8109,30.089096,0.0
2019-08-17 19:00:00,492.48795,29.593618,0.0
2019-08-17 20:00:00,509.639,29.465567,0.0
2019-08-17 21:00:00,520.7362,29.300348,0.0
2019-08-17 22:00:00,546.6178,29.387314,0.0
2019-08-17 23:00:00,570.52673,29.122597,0.0
2019-08-18 00:00:00,569.8835,29.003344,0.0
2019-08-18 01:00:00,537.64514,28.67575,0.0
2019-08-18 02:00:00,499.16183,28.21197,0.0
2019-08-18 03:00:00,459.40146,27.926512,0.0
2019-08-18 04:00:00,427.92484,27.982416,0.0
2019-08-18 05:00:00,403.12405,28.065748,0.0
2019-08-18 06:00:00,387.1855,28.599783,66.851326
2019-08-18 07:00:00,393.78735,29.468534,184.54454
2019-08-18 08:00:00,411.29706,30.020597,375.21262
2019-08-18 09:00:00,432.10883,31.118418,579.8394
2019-08-18 10:00:00,438.15906,31.601078,760.00653
2019-08-18 11:00:00,452.05865,31.053875,547.6938
2019-08-18 12:00:00,453.5462,30.664127,569.5629
2019-08-18 13:00:00,476.39703,30.860106,308.1759
2019-08-18 14:00:00,474.70093,30.320301,326.03473
2019-08-18 15:00:00,498.82477,30.11493,269.76434
2019-08-18 16:00:00,499.13962,29.705166,218.18631
2019-08-18 17:00:00,488.1937,29.040716,128.5875
2019-08-18 18:00:00,491.2684,28.799238,0.0
2019-08-18 19:00:00,491.9755,28.592161,0.0
2019-08-18 20:00:00,514.3951,28.57066,0.0
2019-08-18 21:00:00,541.1922,28.528181,0.0
2019-08-18 22:00:00,577.0672,28.33578,0.0
2019-08-18 23:00:00,589.1746,28.168034,0.0
2019-08-19 00:00:00,585.9799,27.721863,0.0
2019-08-19 01:00:00,541.8999,27.410517,0.0
2019-08-19 02:00:00,496.3924,27.313988,0.0
2019-08-19 03:00:00,472.36786,27.459692,0.0
2019-08-19 04:00:00,451.4029,27.754622,0.0
2019-08-19 05:00:00,436.6318,27.879978,0.0
2019-08-19 06:00:00,423.8177,28.083643,58.66234
2019-08-19 07:00:00,431.13113,28.581581,125.46742
2019-08-19 08:00:00,481.24896,28.975237,288.14874
2019-08-19 09:00:00,550.4421,29.147738,211.76505
2019-08-19 10:00:00,638.77203,29.962736,459.83057
2019-08-19 11:00:00,684.62866,30.376904,569.98914
2019-08-19 12:00:00,704.42914,29.991924,571.4319
2019-08-19 13:00:00,706.3188,29.847095,532.7054
2019-08-19 14:00:00,705.1124,29.505346,497.7595
2019-08-19 15:00:00,700.067,29.136385,321.57928
2019-08-19 16:00:00,678.1451,28.827316,172.1478
2019-08-19 17:00:00,642.5903,28.50768,14.920335
2019-08-19 18:00:00,629.6045,28.222641,0.0
2019-08-19 19:00:00,607.6479,28.04881,0.0
2019-08-19 20:00:00,597.3488,28.062792,0.0
2019-08-19 21:00:00,595.754,28.067883,0.0
2019-08-19 22:00:00,603.6694,28.123625,0.0
2019-08-19 23:00:00,617.3347,27.81947,0.0
2019-08-20 00:00:00,597.0393,27.620253,0.0
2019-08-20 01:00:00,564.29645,27.603922,0.0
2019-08-20 02:00:00,512.54895,27.47468,0.0
2019-08-20 03:00:00,473.26184,27.302132,0.0
2019-08-20 04:00:00,445.0803,27.269163,0.0
2019-08-20 05:00:00,429.87506,27.474907,0.0
2019-08-20 06:00:00,421.05374,27.860334,62.28534
2019-08-20 07:00:00,430.34076,28.487803,144.06102
2019-08-20 08:00:00,474.2015,29.174791,254.62003
2019-08-20 09:00:00,575.6521,29.608618,546.57666
2019-08-20 10:00:00,657.00507,29.915712,735.87384
2019-08-20 11:00:00,653.30884,29.701637,348.33295
2019-08-20 12:00:00,681.9218,29.92737,402.70114
2019-08-20 13:00:00,696.3912,29.903328,538.6336
2019-08-20 14:00:00,704.61993,29.613106,418.12537
2019-08-20 15:00:00,694.6436,29.28292,249.66064
2019-08-20 16:00:00,692.4568,29.031824,259.36304
2019-08-20 17:00:00,663.29694,28.725637,157.78499
2019-08-20 18:00:00,629.5091,28.443481,0.0
2019-08-20 19:00:00,601.76227,28.177908,0.0
2019-08-20 20:00:00,591.76776,28.155993,0.0
2019-08-20 21:00:00,591.6512,28.318008,0.0
2019-08-20 22:00:00,607.207,28.08543,0.0
2019-08-20 23:00:00,622.63635,27.724531,0.0
2019-08-21 00:00:00,599.2815,27.887388,0.0
2019-08-21 01:00:00,554.4377,27.836136,0.0
2019-08-21 02:00:00,508.5511,27.537857,0.0
2019-08-21 03:00:00,459.14563,27.363245,0.0
2019-08-21 04:00:00,425.1082,27.619165,0.0
2019-08-21 05:00:00,415.52243,27.591408,0.0
2019-08-21 06:00:00,410.89612,27.87362,70.427055
2019-08-21 07:00:00,415.93835,28.875454,169.62218
2019-08-21 08:00:00,480.53647,29.47799,492.3055
2019-08-21 09:00:00,587.0152,28.702356,559.39874
2019-08-21 10:00:00,640.4877,29.325876,635.6042
2019-08-21 11:00:00,692.0219,29.629776,698.41113
2019-08-21 12:00:00,721.2128,29.34321,708.0158
2019-08-21 13:00:00,704.545,29.249619,452.2038
2019-08-21 14:00:00,714.1989,29.132463,524.57837
2019-08-21 15:00:00,715.4739,29.045193,341.29865
2019-08-21 16:00:00,709.53455,29.03073,295.31235
2019-08-21 17:00:00,672.23914,28.84178,206.32256
2019-08-21 18:00:00,628.4407,28.452122,0.0
2019-08-21 19:00:00,598.0081,28.126053,0.0
2019-08-21 20:00:00,588.26544,28.22537,0.0
2019-08-21 21:00:00,590.97327,28.26252,0.0
2019-08-21 22:00:00,602.6118,28.219677,0.0
2019-08-21 23:00:00,615.7171,27.944878,0.0
2019-08-22 00:00:00,611.7726,27.915823,0.0
2019-08-22 01:00:00,569.04987,27.937273,0.0
2019-08-22 02:00:00,517.9622,28.128244,0.0
2019-08-22 03:00:00,473.5268,28.030035,0.0
2019-08-22 04:00:00,435.5885,28.189007,0.0
2019-08-22 05:00:00,419.19687,28.308256,0.0
2019-08-22 06:00:00,416.57166,28.66166,60.40377
2019-08-22 07:00:00,427.81686,29.51687,198.03365
2019-08-22 08:00:00,490.15884,30.53731,466.65707
2019-08-22 09:00:00,587.1078,30.900692,681.94635
2019-08-22 10:00:00,668.0831,31.213146,800.75525
2019-08-22 11:00:00,721.1023,31.21326,853.9433
2019-08-22 12:00:00,716.3216,31.506325,898.8398
2019-08-22 13:00:00,730.0284,31.252285,837.1714
2019-08-22 14:00:00,722.8985,31.067974,722.20575
2019-08-22 15:00:00,737.23517,30.759237,614.99194
2019-08-22 16:00:00,713.4915,30.248564,315.5818
2019-08-22 17:00:00,673.34,29.531813,209.56134
2019-08-22 18:00:00,630.8478,29.067173,0.0
2019-08-22 19:00:00,602.04553,28.764706,0.0
2019-08-22 20:00:00,574.786,28.752686,0.0
2019-08-22 21:00:00,560.1943,28.832485,0.0
2019-08-22 22:00:00,573.03143,28.72854,0.0
2019-08-22 23:00:00,579.39105,28.530088,0.0
2019-08-23 00:00:00,558.1946,28.535204,0.0
2019-08-23 01:00:00,511.16,28.341066,0.0
2019-08-23 02:00:00,460.64648,28.123081,0.0
2019-08-23 03:00:00,418.8065,27.985445,0.0
2019-08-23 04:00:00,415.07983,27.987606,0.0
2019-08-23 05:00:00,400.7397,28.302103,0.0
2019-08-23 06:00:00,411.69644,28.503252,121.353516
2019-08-23 07:00:00,428.4482,29.401653,250.23117
2019-08-23 08:00:00,470.13098,30.305946,454.25916
2019-08-23 09:00:00,532.2,31.16986,672.8608
2019-08-23 10:00:00,572.9097,31.343441,815.82056
2019-08-23 11:00:00,634.2036,31.34613,854.7769
2019-08-23 12:00:00,660.6152,31.341295,849.64124
2019-08-23 13:00:00,653.55273,31.313208,801.5134
2019-08-23 14:00:00,647.7098,31.032612,698.5972
2019-08-23 15:00:00,648.9353,30.498196,338.57822
2019-08-23 16:00:00,661.3052,30.321285,348.57095
2019-08-23 17:00:00,625.3827,30.175308,165.78268
2019-08-23 18:00:00,587.9463,29.53247,0.0
2019-08-23 19:00:00,552.25885,29.144474,0.0
2019-08-23 20:00:00,535.6429,29.124798,0.0
2019-08-23 21:00:00,534.33923,29.140707,0.0
2019-08-23 22:00:00,542.7369,29.100115,0.0
2019-08-23 23:00:00,551.02997,28.859163,0.0
2019-08-24 00:00:00,549.66656,28.802826,0.0
2019-08-24 01:00:00,515.9134,28.732933,0.0
2019-08-24 02:00:00,489.41052,28.676401,0.0
2019-08-24 03:00:00,455.9156,28.472933,0.0
2019-08-24 04:00:00,425.49673,28.848251,0.0
2019-08-24 05:00:00,413.16382,28.880014,0.0
2019-08-24 06:00:00,402.83835,29.443602,76.906746
2019-08-24 07:00:00,409.04178,29.989414,181.48416
2019-08-24 08:00:00,433.00287,30.168766,363.22787
2019-08-24 09:00:00,477.60016,30.330973,544.394
2019-08-24 10:00:00,491.19162,30.575407,750.2631
2019-08-24 11:00:00,485.92975,30.313538,484.55634
2019-08-24 12:00:00,505.26697,30.299639,564.46564
2019-08-24 13:00:00,539.8091,30.25188,644.2214
2019-08-24 14:00:00,537.3555,30.736984,519.6447
2019-08-24 15:00:00,541.27814,30.207188,424.97556
2019-08-24 16:00:00,549.6271,30.00033,265.22366
2019-08-24 17:00:00,526.1888,29.803225,134.3378
2019-08-24 18:00:00,506.2532,29.464893,0.0
2019-08-24 19:00:00,496.8869,29.285479,0.0
2019-08-24 20:00:00,502.5245,29.259243,0.0
2019-08-24 21:00:00,514.1914,29.288115,0.0
2019-08-24 22:00:00,535.6414,29.183739,0.0
2019-08-24 23:00:00,564.5052,28.88785,0.0
2019-08-25 00:00:00,567.6259,29.06122,0.0
2019-08-25 01:00:00,545.1679,29.115595,0.0
2019-08-25 02:00:00,513.9961,28.953993,0.0
2019-08-25 03:00:00,469.3489,28.960018,0.0
2019-08-25 04:00:00,435.22818,29.068485,0.0
2019-08-25 05:00:00,410.16238,29.028538,0.0
2019-08-25 06:00:00,392.3946,29.107304,45.75882
2019-08-25 07:00:00,387.48776,29.721384,148.37787
2019-08-25 08:00:00,407.67526,30.32773,284.233
2019-08-25 09:00:00,443.25522,31.04706,442.53503
2019-08-25 10:00:00,450.745,31.609665,620.9075
2019-08-25 11:00:00,454.09143,31.706583,561.36786
2019-08-25 12:00:00,459.1653,31.406765,564.302
2019-08-25 13:00:00,489.9634,30.99032,665.7331
2019-08-25 14:00:00,511.03152,31.079548,537.5794
2019-08-25 15:00:00,534.0194,30.775114,521.3751
2019-08-25 16:00:00,528.4279,30.423903,346.97705
2019-08-25 17:00:00,504.65817,29.824352,208.64987
2019-08-25 18:00:00,494.85257,29.516941,0.0
2019-08-25 19:00:00,491.38535,29.296103,0.0
2019-08-25 20:00:00,508.2204,29.23845,0.0
2019-08-25 21:00:00,530.3962,29.279367,0.0
2019-08-25 22:00:00,561.77625,29.246141,0.0
2019-08-25 23:00:00,587.58545,29.093819,0.0
2019-08-26 00:00:00,598.73694,29.239172,0.0
2019-08-26 01:00:00,563.5706,29.031097,0.0
2019-08-26 02:00:00,502.75864,28.772154,0.0
2019-08-26 03:00:00,461.77014,28.572159,0.0
2019-08-26 04:00:00,434.67514,28.467394,0.0
2019-08-26 05:00:00,420.05356,28.480398,0.0
2019-08-26 06:00:00,412.9817,28.613901,37.123688
2019-08-26 07:00:00,422.55887,29.329664,128.78609
2019-08-26 08:00:00,466.4393,30.226297,344.0813
2019-08-26 09:00:00,554.83136,31.033113,592.6569
2019-08-26 10:00:00,637.20013,31.30587,717.9183
2019-08-26 11:00:00,688.7426,31.422995,763.6909
2019-08-26 12:00:00,723.42914,31.175173,810.908
2019-08-26 13:00:00,710.7071,31.218073,602.0529
2019-08-26 14:00:00,714.7717,31.037369,449.2463
2019-08-26 15:00:00,716.88007,30.968222,513.92267
2019-08-26 16:00:00,713.17017,30.699493,400.12335
2019-08-26 17:00:00,660.26355,29.99574,212.1457
2019-08-26 18:00:00,622.58203,29.482025,0.0
2019-08-26 19:00:00,601.3012,29.203411,0.0
2019-08-26 20:00:00,601.3751,29.203657,0.0
2019-08-26 21:00:00,613.12256,29.20004,0.0
2019-08-26 22:00:00,627.69147,29.159262,0.0
2019-08-26 23:00:00,637.8975,28.903196,0.0
2019-08-27 00:00:00,612.516,28.726513,0.0
2019-08-27 01:00:00,573.57385,28.361214,0.0
2019-08-27 02:00:00,512.87524,28.11443,0.0
2019-08-27 03:00:00,464.682,27.981092,0.0
2019-08-27 04:00:00,438.51364,27.949888,0.0
2019-08-27 05:00:00,424.56558,28.149181,0.0
2019-08-27 06:00:00,416.07156,28.392937,72.32893
2019-08-27 07:00:00,425.45844,29.213982,214.34206
2019-08-27 08:00:00,475.89124,29.969065,469.70267
2019-08-27 09:00:00,559.78326,30.859291,726.45844
2019-08-27 10:00:00,646.4223,31.435225,863.2042
2019-08-27 11:00:00,697.9539,31.573275,940.3317
2019-08-27 12:00:00,714.10736,31.522655,914.8871
2019-08-27 13:00:00,706.9206,31.66205,853.5447
2019-08-27 14:00:00,716.65393,31.249012,770.0309
2019-08-27 15:00:00,720.45966,30.855053,625.74414
2019-08-27 16:00:00,707.47974,30.224466,430.11572
2019-08-27 17:00:00,661.06757,29.544128,231.15926
2019-08-27 18:00:00,626.2669,28.943956,0.0
2019-08-27 19:00:00,605.3566,28.528847,0.0
2019-08-27 20:00:00,600.3191,28.46999,0.0
2019-08-27 21:00:00,605.58795,28.478922,0.0
2019-08-27 22:00:00,617.38715,28.423004,0.0
2019-08-27 23:00:00,627.07935,28.220654,0.0
2019-08-28 00:00:00,604.4266,28.190977,0.0
2019-08-28 01:00:00,551.67914,27.988369,0.0
2019-08-28 02:00:00,500.0974,27.953976,0.0
2019-08-28 03:00:00,459.40753,27.920116,0.0
2019-08-28 04:00:00,430.6043,27.976168,0.0
2019-08-28 05:00:00,417.86072,28.128294,0.0
2019-08-28 06:00:00,413.27545,28.537546,91.19207
2019-08-28 07:00:00,421.63495,29.414827,225.79277
2019-08-28 08:00:00,466.02673,30.3427,448.76654
2019-08-28 09:00:00,561.4729,30.905592,657.63806
2019-08-28 10:00:00,637.8403,31.300417,800.85864
2019-08-28 11:00:00,693.5892,31.509176,862.43304
2019-08-28 12:00:00,715.78894,31.598114,871.7537
2019-08-28 13:00:00,721.15375,31.519724,822.06036
2019-08-28 14:00:00,722.17694,31.364008,732.2552
2019-08-28 15:00:00,729.9148,31.176235,603.5297
2019-08-28 16:00:00,718.2383,30.816723,416.905
2019-08-28 17:00:00,671.5188,30.142225,222.40356
2019-08-28 18:00:00,631.85455,29.425974,0.0
2019-08-28 19:00:00,608.02826,28.965086,0.0
2019-08-28 20:00:00,604.37177,28.86611,0.0
2019-08-28 21:00:00,607.4485,28.890215,0.0
2019-08-28 22:00:00,617.27783,28.83304,0.0
2019-08-28 23:00:00,627.57355,28.655905,0.0
2019-08-29 00:00:00,618.6291,28.68435,0.0
2019-08-29 01:00:00,572.3594,28.484486,0.0
2019-08-29 02:00:00,518.5559,28.351696,0.0
2019-08-29 03:00:00,472.9044,28.248158,0.0
2019-08-29 04:00:00,440.95456,28.352625,0.0
2019-08-29 05:00:00,423.45554,28.48193,0.0
2019-08-29 06:00:00,419.69638,28.979961,82.37191
2019-08-29 07:00:00,430.9809,29.91227,217.40073
2019-08-29 08:00:00,479.04617,30.983252,436.4442
2019-08-29 09:00:00,569.9086,31.58484,643.573
2019-08-29 10:00:00,650.7807,31.624973,767.31604
2019-08-29 11:00:00,687.2558,31.77247,629.1128
2019-08-29 12:00:00,719.70996,31.745579,767.1866
2019-08-29 13:00:00,725.1342,31.852825,688.8426
2019-08-29 14:00:00,721.615,31.639833,551.31836
2019-08-29 15:00:00,721.219,31.271868,382.64984
2019-08-29 16:00:00,711.10175,31.113293,169.7736
2019-08-29 17:00:00,672.121,30.463297,44.713974
2019-08-29 18:00:00,636.91034,29.916422,0.0
2019-08-29 19:00:00,606.07733,29.479654,0.0
2019-08-29 20:00:00,586.1675,29.451044,0.0
2019-08-29 21:00:00,586.28107,29.493393,0.0
2019-08-29 22:00:00,601.94574,29.347565,0.0
2019-08-29 23:00:00,612.9993,29.028067,0.0
2019-08-30 00:00:00,593.95667,29.107643,0.0
2019-08-30 01:00:00,557.20667,28.94972,0.0
2019-08-30 02:00:00,520.3356,28.708364,0.0
2019-08-30 03:00:00,477.991,28.677275,0.0
2019-08-30 04:00:00,451.9544,28.841,0.0
2019-08-30 05:00:00,431.9119,28.984802,0.0
2019-08-30 06:00:00,423.57056,29.322254,71.16955
2019-08-30 07:00:00,430.0544,29.76828,165.25317
2019-08-30 08:00:00,454.89072,30.357065,141.29079
2019-08-30 09:00:00,517.727,30.103601,166.2992
2019-08-30 10:00:00,551.6879,30.417969,132.09575
2019-08-30 11:00:00,566.80914,30.062971,154.61906
2019-08-30 12:00:00,620.65924,30.356884,503.01227
2019-08-30 13:00:00,594.15564,30.144686,542.11676
2019-08-30 14:00:00,594.25635,29.919863,247.92477
2019-08-30 15:00:00,573.8699,29.727018,135.12181
2019-08-30 16:00:00,566.82074,29.541624,87.79866
2019-08-30 17:00:00,548.47675,29.50071,53.918587
2019-08-30 18:00:00,529.4244,29.169088,0.0
2019-08-30 19:00:00,496.015,29.00743,0.0
2019-08-30 20:00:00,468.23605,28.978062,0.0
2019-08-30 21:00:00,459.35345,28.94779,0.0
2019-08-30 22:00:00,457.8148,28.666645,0.0
2019-08-30 23:00:00,463.0095,28.429806,0.0
2019-08-31 00:00:00,445.07794,28.724806,0.0
2019-08-31 01:00:00,439.26733,28.354502,0.0
2019-08-31 02:00:00,420.0779,28.138544,0.0
2019-08-31 03:00:00,401.3081,27.9805,0.0
2019-08-31 04:00:00,377.15826,27.891958,0.0
2019-08-31 05:00:00,364.31564,27.857653,0.0
2019-08-31 06:00:00,365.1234,27.98763,83.976295
2019-08-31 07:00:00,374.69864,28.801678,158.66855
2019-08-31 08:00:00,429.05856,29.026783,432.53748
2019-08-31 09:00:00,439.77594,29.18268,603.33746
2019-08-31 10:00:00,459.88416,30.100302,735.20264
2019-08-31 11:00:00,483.8658,30.525303,862.3926
2019-08-31 12:00:00,522.60657,30.536127,873.1666
2019-08-31 13:00:00,526.51276,30.76504,802.0842
2019-08-31 14:00:00,527.0068,30.618967,684.0038
2019-08-31 15:00:00,530.62036,30.492275,530.93634
2019-08-31 16:00:00,534.69324,30.027342,361.22537
2019-08-31 17:00:00,504.11868,29.62955,191.31465
2019-08-31 18:00:00,491.8055,29.268877,0.0
2019-08-31 19:00:00,477.41275,28.912987,0.0
2019-08-31 20:00:00,473.6256,28.768774,0.0
2019-08-31 21:00:00,484.77402,28.736204,0.0
2019-08-31 22:00:00,506.95694,28.624166,0.0
2019-08-31 23:00:00,540.45074,28.448563,0.0
