date,sunrise,sunset
2019-01-23,2019-01-23T06:39,2019-01-23T17:31
2019-01-24,2019-01-24T06:39,2019-01-24T17:32
2019-01-25,2019-01-25T06:39,2019-01-25T17:32
2019-01-26,2019-01-26T06:38,2019-01-26T17:33
2019-01-27,2019-01-27T06:38,2019-01-27T17:34
2019-01-28,2019-01-28T06:38,2019-01-28T17:35
2019-01-29,2019-01-29T06:37,2019-01-29T17:35
2019-01-30,2019-01-30T06:37,2019-01-30T17:36
2019-01-31,2019-01-31T06:37,2019-01-31T17:37
2019-02-01,2019-02-01T06:36,2019-02-01T17:37
2019-02-02,2019-02-02T06:36,2019-02-02T17:38
2019-02-03,2019-02-03T06:35,2019-02-03T17:39
2019-02-04,2019-02-04T06:35,2019-02-04T17:40
2019-02-05,2019-02-05T06:34,2019-02-05T17:40
2019-02-06,2019-02-06T06:34,2019-02-06T17:41
2019-02-07,2019-02-07T06:33,2019-02-07T17:42
2019-02-08,2019-02-08T06:33,2019-02-08T17:42
2019-02-09,2019-02-09T06:32,2019-02-09T17:43
2019-02-10,2019-02-10T06:32,2019-02-10T17:44
2019-02-11,2019-02-11T06:31,2019-02-11T17:44
2019-02-12,2019-02-12T06:30,2019-02-12T17:45
2019-02-13,2019-02-13T06:30,2019-02-13T17:46
2019-02-14,2019-02-14T06:29,2019-02-14T17:46
2019-02-15,2019-02-15T06:28,2019-02-15T17:47
2019-02-16,2019-02-16T06:27,2019-02-16T17:48
2019-02-17,2019-02-17T06:27,2019-02-17T17:48
2019-02-18,2019-02-18T06:26,2019-02-18T17:49
2019-02-19,2019-02-19T06:25,2019-02-19T17:49
2019-02-20,2019-02-20T06:24,2019-02-20T17:50
2019-02-21,2019-02-21T06:24,2019-02-21T17:51
2019-02-22,2019-02-22T06:23,2019-02-22T17:51
2019-02-23,2019-02-23T06:22,2019-02-23T17:52
2019-02-24,2019-02-24T06:21,2019-02-24T17:52
2019-02-25,2019-02-25T06:20,2019-02-25T17:53
2019-02-26,2019-02-26T06:19,2019-02-26T17:53
2019-02-27,2019-02-27T06:18,2019-02-27T17:54
2019-02-28,2019-02-28T06:18,2019-02-28T17:55
2019-03-01,2019-03-01T06:17,2019-03-01T17:55
2019-03-02,2019-03-02T06:16,2019-03-02T17:56
2019-03-03,2019-03-03T06:15,2019-03-03T17:56
2019-03-04,2019-03-04T06:14,2019-03-04T17:57
2019-03-05,2019-03-05T06:13,2019-03-05T17:57
2019-03-06,2019-03-06T06:12,2019-03-06T17:58
2019-03-07,2019-03-07T06:11,2019-03-07T17:58
2019-03-08,2019-03-08T06:10,2019-03-08T17:59
2019-03-09,2019-03-09T06:09,2019-03-09T17:59
2019-03-10,2019-03-10T06:08,2019-03-10T18:00
2019-03-11,2019-03-11T06:07,2019-03-11T18:00
2019-03-12,2019-03-12T06:06,2019-03-12T18:01
2019-03-13,2019-03-13T06:05,2019-03-13T18:01
2019-03-14,2019-03-14T06:04,2019-03-14T18:01
2019-03-15,2019-03-15T06:03,2019-03-15T18:02
2019-03-16,2019-03-16T06:02,2019-03-16T18:02
2019-03-17,2019-03-17T06:01,2019-03-17T18:03
2019-03-18,2019-03-18T06:00,2019-03-18T18:03
2019-03-19,2019-03-19T05:59,2019-03-19T18:04
2019-03-20,2019-03-20T05:58,2019-03-20T18:04
2019-03-21,2019-03-21T05:57,2019-03-21T18:05
2019-03-22,2019-03-22T05:56,2019-03-22T18:05
2019-03-23,2019-03-23T05:55,2019-03-23T18:06
2019-03-24,2019-03-24T05:54,2019-03-24T18:06
2019-03-25,2019-03-25T05:53,2019-03-25T18:06
2019-03-26,2019-03-26T05:52,2019-03-26T18:07
2019-03-27,2019-03-27T05:51,2019-03-27T18:07
2019-03-28,2019-03-28T05:50,2019-03-28T18:08
2019-03-29,2019-03-29T05:49,2019-03-29T18:08
2019-03-30,2019-03-30T05:48,2019-03-30T18:09
2019-03-31,2019-03-31T05:47,2019-03-31T18:09
2019-04-01,2019-04-01T05:46,2019-04-01T18:09
2019-04-02,2019-04-02T05:44,2019-04-02T18:10
2019-04-03,2019-04-03T05:43,2019-04-03T18:10
2019-04-04,2019-04-04T05:42,2019-04-04T18:11
2019-04-05,2019-04-05T05:41,2019-04-05T18:11
2019-04-06,2019-04-06T05:40,2019-04-06T18:12
2019-04-07,2019-04-07T05:39,2019-04-07T18:12
2019-04-08,2019-04-08T05:38,2019-04-08T18:12
2019-04-09,2019-04-09T05:37,2019-04-09T18:13
2019-04-10,2019-04-10T05:37,2019-04-10T18:13
2019-04-11,2019-04-11T05:36,2019-04-11T18:14
2019-04-12,2019-04-12T05:35,2019-04-12T18:14
2019-04-13,2019-04-13T05:34,2019-04-13T18:15
2019-04-14,2019-04-14T05:33,2019-04-14T18:15
2019-04-15,2019-04-15T05:32,2019-04-15T18:16
2019-04-16,2019-04-16T05:31,2019-04-16T18:16
2019-04-17,2019-04-17T05:30,2019-04-17T18:17
2019-04-18,2019-04-18T05:29,2019-04-18T18:17
2019-04-19,2019-04-19T05:28,2019-04-19T18:17
2019-04-20,2019-04-20T05:27,2019-04-20T18:18
2019-04-21,2019-04-21T05:26,2019-04-21T18:18
2019-04-22,2019-04-22T05:25,2019-04-22T18:19
2019-04-23,2019-04-23T05:24,2019-04-23T18:19
2019-04-24,2019-04-24T05:24,2019-04-24T18:20
2019-04-25,2019-04-25T05:23,2019-04-25T18:20
2019-04-26,2019-04-26T05:22,2019-04-26T18:21
2019-04-27,2019-04-27T05:21,2019-04-27T18:21
2019-04-28,2019-04-28T05:20,2019-04-28T18:22
2019-04-29,2019-04-29T05:20,2019-04-29T18:22
2019-04-30,2019-04-30T05:19,2019-04-30T18:23
2019-05-01,2019-05-01T05:18,2019-05-01T18:23
2019-05-02,2019-05-02T05:17,2019-05-02T18:24
2019-05-03,2019-05-03T05:17,2019-05-03T18:24
2019-05-04,2019-05-04T05:16,2019-05-04T18:25
2019-05-05,2019-05-05T05:15,2019-05-05T18:25
2019-05-06,2019-05-06T05:15,2019-05-06T18:26
2019-05-07,2019-05-07T05:14,2019-05-07T18:26
2019-05-08,2019-05-08T05:13,2019-05-08T18:27
2019-05-09,2019-05-09T05:13,2019-05-09T18:27
2019-05-10,2019-05-10T05:12,2019-05-10T18:28
2019-05-11,2019-05-11T05:11,2019-05-11T18:28
2019-05-12,2019-05-12T05:11,2019-05-12T18:29
2019-05-13,2019-05-13T05:10,2019-05-13T18:29
2019-05-14,2019-05-14T05:10,2019-05-14T18:30
2019-05-15,2019-05-15T05:09,2019-05-15T18:30
2019-05-16,2019-05-16T05:09,2019-05-16T18:31
2019-05-17,2019-05-17T05:08,2019-05-17T18:31
2019-05-18,2019-05-18T05:08,2019-05-18T18:32
2019-05-19,2019-05-19T05:07,2019-05-19T18:32
2019-05-20,2019-05-20T05:07,2019-05-20T18:33
2019-05-21,2019-05-21T05:07,2019-05-21T18:33
2019-05-22,2019-05-22T05:06,2019-05-22T18:34
2019-05-23,2019-05-23T05:06,2019-05-23T18:34
2019-05-24,2019-05-24T05:06,2019-05-24T18:35
2019-05-25,2019-05-25T05:05,2019-05-25T18:35
2019-05-26,2019-05-26T05:05,2019-05-26T18:36
2019-05-27,2019-05-27T05:05,2019-05-27T18:36
2019-05-28,2019-05-28T05:04,2019-05-28T18:37
2019-05-29,2019-05-29T05:04,2019-05-29T18:37
2019-05-30,2019-05-30T05:04,2019-05-30T18:38
2019-05-31,2019-05-31T05:04,2019-05-31T18:38
2019-06-01,2019-06-01T05:04,2019-06-01T18:39
2019-06-02,2019-06-02T05:03,2019-06-02T18:39
2019-06-03,2019-06-03T05:03,2019-06-03T18:40
2019-06-04,2019-06-04T05:03,2019-06-04T18:40
2019-06-05,2019-06-05T05:03,2019-06-05T18:41
2019-06-06,2019-06-06T05:03,2019-06-06T18:41
2019-06-07,2019-06-07T05:03,2019-06-07T18:41
2019-06-08,2019-06-08T05:03,2019-06-08T18:42
2019-06-09,2019-06-09T05:03,2019-06-09T18:42
2019-06-10,2019-06-10T05:03,2019-06-10T18:43
2019-06-11,2019-06-11T05:03,2019-06-11T18:43
2019-06-12,2019-06-12T05:03,2019-06-12T18:43
2019-06-13,2019-06-13T05:03,2019-06-13T18:44
2019-06-14,2019-06-14T05:03,2019-06-14T18:44
2019-06-15,2019-06-15T05:03,2019-06-15T18:44
2019-06-16,2019-06-16T05:03,2019-06-16T18:45
2019-06-17,2019-06-17T05:04,2019-06-17T18:45
2019-06-18,2019-06-18T05:04,2019-06-18T18:45
2019-06-19,2019-06-19T05:04,2019-06-19T18:45
2019-06-20,2019-06-20T05:04,2019-06-20T18:46
2019-06-21,2019-06-21T05:04,2019-06-21T18:46
2019-06-22,2019-06-22T05:05,2019-06-22T18:46
2019-06-23,2019-06-23T05:05,2019-06-23T18:46
2019-06-24,2019-06-24T05:05,2019-06-24T18:47
2019-06-25,2019-06-25T05:05,2019-06-25T18:47
2019-06-26,2019-06-26T05:05,2019-06-26T18:47
2019-06-27,2019-06-27T05:06,2019-06-27T18:47
2019-06-28,2019-06-28T05:06,2019-06-28T18:47
2019-06-29,2019-06-29T05:06,2019-06-29T18:47
2019-06-30,2019-06-30T05:07,2019-06-30T18:47
2019-07-01,2019-07-01T05:07,2019-07-01T18:47
2019-07-02,2019-07-02T05:07,2019-07-02T18:47
2019-07-03,2019-07-03T05:08,2019-07-03T18:47
2019-07-04,2019-07-04T05:08,2019-07-04T18:47
2019-07-05,2019-07-05T05:08,2019-07-05T18:47
2019-07-06,2019-07-06T05:09,2019-07-06T18:47
2019-07-07,2019-07-07T05:09,2019-07-07T18:47
2019-07-08,2019-07-08T05:10,2019-07-08T18:47
2019-07-09,2019-07-09T05:10,2019-07-09T18:47
2019-07-10,2019-07-10T05:11,2019-07-10T18:47
2019-07-11,2019-07-11T05:11,2019-07-11T18:47
2019-07-12,2019-07-12T05:11,2019-07-12T18:47
2019-07-13,2019-07-13T05:12,2019-07-13T18:46
2019-07-14,2019-07-14T05:12,2019-07-14T18:46
2019-07-15,2019-07-15T05:13,2019-07-15T18:46
2019-07-16,2019-07-16T05:13,2019-07-16T18:46
2019-07-17,2019-07-17T05:14,2019-07-17T18:45
2019-07-18,2019-07-18T05:14,2019-07-18T18:45
2019-07-19,2019-07-19T05:15,2019-07-19T18:45
2019-07-20,2019-07-20T05:15,2019-07-20T18:45
2019-07-21,2019-07-21T05:15,2019-07-21T18:44
2019-07-22,2019-07-22T05:16,2019-07-22T18:44
2019-07-23,2019-07-23T05:16,2019-07-23T18:43
2019-07-24,2019-07-24T05:17,2019-07-24T18:43
2019-07-25,2019-07-25T05:17,2019-07-25T18:42
2019-07-26,2019-07-26T05:18,2019-07-26T18:42
2019-07-27,2019-07-27T05:18,2019-07-27T18:42
2019-07-28,2019-07-28T05:19,2019-07-28T18:41
2019-07-29,2019-07-29T05:19,2019-07-29T18:41
2019-07-30,2019-07-30T05:20,2019-07-30T18:40
2019-07-31,2019-07-31T05:20,2019-07-31T18:39
2019-08-01,2019-08-01T05:21,2019-08-01T18:39
2019-08-02,2019-08-02T05:21,2019-08-02T18:38
2019-08-03,2019-08-03T05:22,2019-08-03T18:38
2019-08-04,2019-08-04T05:22,2019-08-04T18:37
2019-08-05,2019-08-05T05:23,2019-08-05T18:36
2019-08-06,2019-08-06T05:23,2019-08-06T18:36
2019-08-07,2019-08-07T05:24,2019-08-07T18:35
2019-08-08,2019-08-08T05:24,2019-08-08T18:34
2019-08-09,2019-08-09T05:24,2019-08-09T18:34
2019-08-10,2019-08-10T05:25,2019-08-10T18:33
2019-08-11,2019-08-11T05:25,2019-08-11T18:32
2019-08-12,2019-08-12T05:26,2019-08-12T18:31
2019-08-13,2019-08-13T05:26,2019-08-13T18:31
2019-08-14,2019-08-14T05:27,2019-08-14T18:30
2019-08-15,2019-08-15T05:27,2019-08-15T18:29
2019-08-16,2019-08-16T05:28,2019-08-16T18:28
2019-08-17,2019-08-17T05:28,2019-08-17T18:27
2019-08-18,2019-08-18T05:28,2019-08-18T18:26
2019-08-19,2019-08-19T05:29,2019-08-19T18:25
2019-08-20,2019-08-20T05:29,2019-08-20T18:25
2019-08-21,2019-08-21T05:30,2019-08-21T18:24
2019-08-22,2019-08-22T05:30,2019-08-22T18:23
2019-08-23,2019-08-23T05:30,2019-08-23T18:22
2019-08-24,2019-08-24T05:31,2019-08-24T18:21
2019-08-25,2019-08-25T05:31,2019-08-25T18:20
2019-08-26,2019-08-26T05:32,2019-08-26T18:19
2019-08-27,2019-08-27T05:32,2019-08-27T18:18
2019-08-28,2019-08-28T05:33,2019-08-28T18:17
2019-08-29,2019-08-29T05:33,2019-08-29T18:16
2019-08-30,2019-08-30T05:33,2019-08-30T18:15
2019-08-31,2019-08-31T05:34,2019-08-31T18:14
2019-09-01,2019-09-01T05:34,2019-09-01T18:13
2019-09-02,2019-09-02T05:34,2019-09-02T18:12
2019-09-03,2019-09-03T05:35,2019-09-03T18:11
2019-09-04,2019-09-04T05:35,2019-09-04T18:10
2019-09-05,2019-09-05T05:36,2019-09-05T18:09
2019-09-06,2019-09-06T05:36,2019-09-06T18:08
2019-09-07,2019-09-07T05:36,2019-09-07T18:07
2019-09-08,2019-09-08T05:37,2019-09-08T18:06
2019-09-09,2019-09-09T05:37,2019-09-09T18:05
2019-09-10,2019-09-10T05:37,2019-09-10T18:04
2019-09-11,2019-09-11T05:38,2019-09-11T18:03
2019-09-12,2019-09-12T05:38,2019-09-12T18:02
2019-09-13,2019-09-13T05:38,2019-09-13T18:01
2019-09-14,2019-09-14T05:39,2019-09-14T17:59
2019-09-15,2019-09-15T05:39,2019-09-15T17:58
2019-09-16,2019-09-16T05:40,2019-09-16T17:57
2019-09-17,2019-09-17T05:40,2019-09-17T17:56
2019-09-18,2019-09-18T05:40,2019-09-18T17:55
2019-09-19,2019-09-19T05:41,2019-09-19T17:54
2019-09-20,2019-09-20T05:41,2019-09-20T17:53
2019-09-21,2019-09-21T05:41,2019-09-21T17:52
2019-09-22,2019-09-22T05:42,2019-09-22T17:51
2019-09-23,2019-09-23T05:42,2019-09-23T17:50
2019-09-24,2019-09-24T05:43,2019-09-24T17:49
2019-09-25,2019-09-25T05:43,2019-09-25T17:48
2019-09-26,2019-09-26T05:43,2019-09-26T17:47
2019-09-27,2019-09-27T05:44,2019-09-27T17:45
2019-09-28,2019-09-28T05:44,2019-09-28T17:44
2019-09-29,2019-09-29T05:45,2019-09-29T17:43
2019-09-30,2019-09-30T05:45,2019-09-30T17:42
2019-10-01,2019-10-01T05:45,2019-10-01T17:41
2019-10-02,2019-10-02T05:46,2019-10-02T17:40
2019-10-03,2019-10-03T05:46,2019-10-03T17:39
2019-10-04,2019-10-04T05:47,2019-10-04T17:38
2019-10-05,2019-10-05T05:47,2019-10-05T17:37
2019-10-06,2019-10-06T05:47,2019-10-06T17:36
2019-10-07,2019-10-07T05:48,2019-10-07T17:35
2019-10-08,2019-10-08T05:48,2019-10-08T17:34
2019-10-09,2019-10-09T05:49,2019-10-09T17:33
2019-10-10,2019-10-10T05:49,2019-10-10T17:32
2019-10-11,2019-10-11T05:50,2019-10-11T17:31
2019-10-12,2019-10-12T05:50,2019-10-12T17:30
2019-10-13,2019-10-13T05:50,2019-10-13T17:29
2019-10-14,2019-10-14T05:51,2019-10-14T17:28
2019-10-15,2019-10-15T05:51,2019-10-15T17:27
2019-10-16,2019-10-16T05:52,2019-10-16T17:26
2019-10-17,2019-10-17T05:52,2019-10-17T17:25
2019-10-18,2019-10-18T05:53,2019-10-18T17:24
2019-10-19,2019-10-19T05:53,2019-10-19T17:24
2019-10-20,2019-10-20T05:54,2019-10-20T17:23
2019-10-21,2019-10-21T05:54,2019-10-21T17:22
2019-10-22,2019-10-22T05:55,2019-10-22T17:21
2019-10-23,2019-10-23T05:55,2019-10-23T17:20
2019-10-24,2019-10-24T05:56,2019-10-24T17:19
2019-10-25,2019-10-25T05:57,2019-10-25T17:19
2019-10-26,2019-10-26T05:57,2019-10-26T17:18
2019-10-27,2019-10-27T05:58,2019-10-27T17:17
2019-10-28,2019-10-28T05:58,2019-10-28T17:16
2019-10-29,2019-10-29T05:59,2019-10-29T17:16
2019-10-30,2019-10-30T05:59,2019-10-30T17:15
2019-10-31,2019-10-31T06:00,2019-10-31T17:14
2019-11-01,2019-11-01T06:01,2019-11-01T17:13
2019-11-02,2019-11-02T06:01,2019-11-02T17:13
2019-11-03,2019-11-03T06:02,2019-11-03T17:12
2019-11-04,2019-11-04T06:02,2019-11-04T17:12
2019-11-05,2019-11-05T06:03,2019-11-05T17:11
2019-11-06,2019-11-06T06:04,2019-11-06T17:10
2019-11-07,2019-11-07T06:04,2019-11-07T17:10
2019-11-08,2019-11-08T06:05,2019-11-08T17:09
2019-11-09,2019-11-09T06:06,2019-11-09T17:09
2019-11-10,2019-11-10T06:06,2019-11-10T17:08
2019-11-11,2019-11-11T06:07,2019-11-11T17:08
2019-11-12,2019-11-12T06:08,2019-11-12T17:07
2019-11-13,2019-11-13T06:08,2019-11-13T17:07
2019-11-14,2019-11-14T06:09,2019-11-14T17:06
2019-11-15,2019-11-15T06:10,2019-11-15T17:06
2019-11-16,2019-11-16T06:10,2019-11-16T17:06
2019-11-17,2019-11-17T06:11,2019-11-17T17:05
2019-11-18,2019-11-18T06:12,2019-11-18T17:05
2019-11-19,2019-11-19T06:13,2019-11-19T17:05
2019-11-20,2019-11-20T06:13,2019-11-20T17:05
2019-11-21,2019-11-21T06:14,2019-11-21T17:04
2019-11-22,2019-11-22T06:15,2019-11-22T17:04
2019-11-23,2019-11-23T06:15,2019-11-23T17:04
2019-11-24,2019-11-24T06:16,2019-11-24T17:04
2019-11-25,2019-11-25T06:17,2019-11-25T17:04
2019-11-26,2019-11-26T06:18,2019-11-26T17:04
2019-11-27,2019-11-27T06:18,2019-11-27T17:03
2019-11-28,2019-11-28T06:19,2019-11-28T17:03
2019-11-29,2019-11-29T06:20,2019-11-29T17:03
2019-11-30,2019-11-30T06:21,2019-11-30T17:03
2019-12-01,2019-12-01T06:21,2019-12-01T17:03
2019-12-02,2019-12-02T06:22,2019-12-02T17:03
2019-12-03,2019-12-03T06:23,2019-12-03T17:03
2019-12-04,2019-12-04T06:23,2019-12-04T17:03
2019-12-05,2019-12-05T06:24,2019-12-05T17:04
2019-12-06,2019-12-06T06:25,2019-12-06T17:04
2019-12-07,2019-12-07T06:25,2019-12-07T17:04
2019-12-08,2019-12-08T06:26,2019-12-08T17:04
2019-12-09,2019-12-09T06:27,2019-12-09T17:04
2019-12-10,2019-12-10T06:27,2019-12-10T17:04
2019-12-11,2019-12-11T06:28,2019-12-11T17:05
2019-12-12,2019-12-12T06:29,2019-12-12T17:05
2019-12-13,2019-12-13T06:29,2019-12-13T17:05
2019-12-14,2019-12-14T06:30,2019-12-14T17:06
2019-12-15,2019-12-15T06:31,2019-12-15T17:06
2019-12-16,2019-12-16T06:31,2019-12-16T17:06
2019-12-17,2019-12-17T06:32,2019-12-17T17:07
2019-12-18,2019-12-18T06:32,2019-12-18T17:07
2019-12-19,2019-12-19T06:33,2019-12-19T17:08
2019-12-20,2019-12-20T06:33,2019-12-20T17:08
2019-12-21,2019-12-21T06:34,2019-12-21T17:09
2019-12-22,2019-12-22T06:34,2019-12-22T17:09
2019-12-23,2019-12-23T06:35,2019-12-23T17:10
2019-12-24,2019-12-24T06:35,2019-12-24T17:10
2019-12-25,2019-12-25T06:36,2019-12-25T17:11
2019-12-26,2019-12-26T06:36,2019-12-26T17:11
2019-12-27,2019-12-27T06:37,2019-12-27T17:12
2019-12-28,2019-12-28T06:37,2019-12-28T17:12
2019-12-29,2019-12-29T06:37,2019-12-29T17:13
2019-12-30,2019-12-30T06:38,2019-12-30T17:13
2019-12-31,2019-12-31T06:38,2019-12-31T17:14
2020-01-01,2020-01-01T06:38,2020-01-01T17:15
