time,temperature_2m (°C),relative_humidity_2m (%),dew_point_2m (°C),apparent_temperature (°C),rain (mm),showers (mm),cloud_cover (%),cloud_cover_low (%),cloud_cover_mid (%),cloud_cover_high (%),evapotranspiration (mm),shortwave_radiation_instant (W/m²),direct_radiation_instant (W/m²),diffuse_radiation_instant (W/m²),direct_normal_irradiance_instant (W/m²),global_tilted_irradiance_instant (W/m²),terrestrial_radiation_instant (W/m²)
2024-11-05T00:00,23.0,77,18.8,25.3,0.00,0.00,44,44,0,0,0.03,0.0,0.0,0.0,0.0,0.0,0.0
2024-11-05T01:00,22.9,78,18.9,25.3,0.00,0.00,47,47,0,0,0.03,0.0,0.0,0.0,0.0,0.0,0.0
2024-11-05T02:00,22.8,78,18.8,25.2,0.00,0.00,67,54,0,37,0.03,0.0,0.0,0.0,0.0,0.0,0.0
2024-11-05T03:00,22.8,76,18.4,25.0,0.00,0.00,51,50,0,17,0.03,0.0,0.0,0.0,0.0,0.0,0.0
2024-11-05T04:00,22.4,79,18.6,24.9,0.00,0.00,56,56,0,2,0.02,0.0,0.0,0.0,0.0,0.0,0.0
2024-11-05T05:00,22.0,82,18.8,24.7,0.00,0.00,68,68,0,1,0.02,0.0,0.0,0.0,0.0,0.0,0.0
2024-11-05T06:00,21.9,84,19.1,24.7,0.00,0.10,89,78,79,0,0.02,0.0,0.0,0.0,0.0,0.0,0.0
2024-11-05T07:00,22.1,85,19.4,25.1,0.00,0.40,92,81,85,0,0.02,32.1,6.4,25.7,33.4,21.7,267.4
2024-11-05T08:00,23.0,80,19.4,25.4,0.00,0.20,93,64,84,5,0.04,78.6,29.3,49.3,74.6,78.6,546.8
2024-11-05T09:00,23.5,78,19.5,25.6,0.00,0.00,91,57,78,7,0.09,187.8,86.3,101.5,154.4,187.8,777.9
2024-11-05T10:00,23.9,76,19.4,25.7,0.00,0.00,97,82,87,7,0.13,212.5,91.5,121.0,134.8,212.5,945.2
2024-11-05T11:00,24.2,75,19.5,25.8,0.00,0.00,92,61,72,26,0.14,250.5,113.3,137.2,152.1,250.5,1037.1
2024-11-05T12:00,24.5,74,19.6,26.0,0.00,0.00,90,56,71,22,0.18,342.5,193.7,148.8,257.4,342.5,1047.4
2024-11-05T13:00,23.9,77,19.6,25.7,0.00,0.00,88,73,64,18,0.14,201.2,94.9,106.3,135.3,201.2,975.4
2024-11-05T14:00,23.5,78,19.5,25.4,0.00,0.00,99,97,82,2,0.10,115.7,46.5,69.2,78.3,115.7,826.0
2024-11-05T15:00,23.1,78,19.1,24.7,0.00,0.00,99,98,80,0,0.06,33.7,2.5,31.2,5.8,33.7,609.4
2024-11-05T16:00,22.9,76,18.4,24.2,0.00,0.00,100,99,88,5,0.05,15.6,1.4,14.2,5.8,15.6,340.3
2024-11-05T17:00,22.4,79,18.5,23.8,0.00,0.00,100,100,100,7,0.05,0.6,0.0,0.6,0.0,0.5,37.1
2024-11-05T18:00,22.0,76,17.6,22.9,0.00,0.10,100,100,100,16,0.06,0.0,0.0,0.0,0.0,0.0,0.0
2024-11-05T19:00,21.7,72,16.4,21.9,0.00,0.10,100,100,86,13,0.06,0.0,0.0,0.0,0.0,0.0,0.0
2024-11-05T20:00,21.5,71,16.0,21.5,0.00,0.00,100,100,100,15,0.06,0.0,0.0,0.0,0.0,0.0,0.0
2024-11-05T21:00,21.4,70,15.7,21.5,0.00,0.00,100,100,100,4,0.06,0.0,0.0,0.0,0.0,0.0,0.0
2024-11-05T22:00,21.3,70,15.6,21.3,0.00,0.00,100,100,100,0,0.05,0.0,0.0,0.0,0.0,0.0,0.0
2024-11-05T23:00,21.2,69,15.3,21.3,0.00,0.00,100,100,100,0,0.05,0.0,0.0,0.0,0.0,0.0,0.0
2024-11-06T00:00,21.1,70,15.4,21.4,0.00,0.00,99,94,98,0,0.05,0.0,0.0,0.0,0.0,0.0,0.0
2024-11-06T01:00,21.0,71,15.5,21.4,0.00,0.00,100,100,100,0,0.04,0.0,0.0,0.0,0.0,0.0,0.0
2024-11-06T02:00,20.9,72,15.7,21.3,0.00,0.00,100,100,100,0,0.04,0.0,0.0,0.0,0.0,0.0,0.0
2024-11-06T03:00,20.9,71,15.4,21.0,0.00,0.00,100,100,95,18,0.04,0.0,0.0,0.0,0.0,0.0,0.0
2024-11-06T04:00,20.9,69,15.0,20.8,0.00,0.00,100,100,100,13,0.04,0.0,0.0,0.0,0.0,0.0,0.0
2024-11-06T05:00,20.9,69,15.0,20.8,0.00,0.00,99,99,89,30,0.05,0.0,0.0,0.0,0.0,0.0,0.0
2024-11-06T06:00,20.9,69,15.0,20.8,0.00,0.00,94,93,89,31,0.04,0.0,0.0,0.0,0.0,0.0,0.0
2024-11-06T07:00,20.8,70,15.1,20.8,0.00,0.00,100,100,92,30,0.05,23.6,0.0,23.6,0.0,15.9,263.8
2024-11-06T08:00,21.0,67,14.7,20.7,0.00,0.00,97,96,90,24,0.07,52.1,2.7,49.4,6.8,52.1,542.9
2024-11-06T09:00,21.2,69,15.3,21.1,0.00,0.00,100,89,100,29,0.10,102.7,22.2,80.5,39.9,102.7,773.9
2024-11-06T10:00,21.4,69,15.5,21.5,0.00,0.00,100,100,98,21,0.12,143.9,19.6,124.3,29.0,143.9,941.0
2024-11-06T11:00,21.7,68,15.5,21.8,0.00,0.00,100,100,90,1,0.12,160.1,14.6,145.6,19.6,160.1,1032.9
2024-11-06T12:00,21.5,69,15.5,21.4,0.00,0.00,100,96,100,0,0.12,127.8,14.0,113.8,18.7,127.8,1043.2
2024-11-06T13:00,21.5,68,15.4,21.1,0.00,0.00,100,100,82,0,0.10,78.6,3.8,74.7,5.5,78.6,971.3
2024-11-06T14:00,21.3,71,15.8,21.0,0.00,0.00,100,100,91,4,0.10,92.9,6.4,86.5,10.8,92.9,822.1
2024-11-06T15:00,21.2,68,15.1,20.8,0.00,0.00,100,97,100,3,0.08,37.9,0.0,37.9,0.0,37.9,605.8
2024-11-06T16:00,21.2,69,15.3,20.9,0.00,0.00,100,100,100,0,0.07,21.3,0.0,21.3,0.0,21.3,337.0
2024-11-06T17:00,20.9,70,15.2,20.7,0.00,0.00,100,87,100,0,0.05,1.6,0.0,1.6,0.0,1.4,34.1
2024-11-06T18:00,20.8,67,14.4,20.1,0.00,0.00,100,100,87,2,0.05,0.0,0.0,0.0,0.0,0.0,0.0
2024-11-06T19:00,20.9,67,14.5,20.5,0.00,0.00,100,100,86,1,0.05,0.0,0.0,0.0,0.0,0.0,0.0
2024-11-06T20:00,20.8,69,14.9,20.5,0.00,0.00,93,91,82,0,0.05,0.0,0.0,0.0,0.0,0.0,0.0
2024-11-06T21:00,20.7,67,14.4,20.1,0.00,0.00,95,90,90,22,0.05,0.0,0.0,0.0,0.0,0.0,0.0
2024-11-06T22:00,20.6,66,14.0,20.1,0.00,0.00,97,91,64,64,0.05,0.0,0.0,0.0,0.0,0.0,0.0
2024-11-06T23:00,20.5,68,14.4,20.1,0.00,0.00,99,98,59,76,0.05,0.0,0.0,0.0,0.0,0.0,0.0
2024-11-07T00:00,20.5,70,14.9,20.5,0.00,0.00,99,96,98,46,0.05,0.0,0.0,0.0,0.0,0.0,0.0
2024-11-07T01:00,20.5,67,14.1,19.9,0.00,0.00,100,100,100,40,0.04,0.0,0.0,0.0,0.0,0.0,0.0
2024-11-07T02:00,20.5,65,13.7,20.0,0.00,0.00,100,100,86,1,0.05,0.0,0.0,0.0,0.0,0.0,0.0
2024-11-07T03:00,20.7,65,13.9,20.5,0.00,0.00,100,100,96,2,0.05,0.0,0.0,0.0,0.0,0.0,0.0
2024-11-07T04:00,20.7,65,13.9,20.7,0.00,0.00,100,86,100,0,0.05,0.0,0.0,0.0,0.0,0.0,0.0
2024-11-07T05:00,20.6,70,15.0,20.9,0.00,0.10,92,81,87,0,0.04,0.0,0.0,0.0,0.0,0.0,0.0
2024-11-07T06:00,20.8,67,14.4,20.6,0.00,0.00,86,83,79,0,0.04,0.0,0.0,0.0,0.0,0.0,0.0
2024-11-07T07:00,21.0,66,14.4,20.8,0.00,0.00,100,100,100,17,0.05,21.4,2.1,19.3,11.5,14.4,260.2
2024-11-07T08:00,21.3,65,14.4,20.9,0.00,0.00,100,100,92,13,0.07,41.5,0.0,41.5,0.0,41.5,539.0
2024-11-07T09:00,21.6,65,14.8,21.5,0.00,0.00,100,100,94,0,0.09,75.9,7.0,68.9,12.7,75.9,769.8
2024-11-07T10:00,22.1,67,15.7,22.2,0.00,0.00,100,100,98,0,0.11,147.2,31.6,115.6,47.0,147.2,936.8
2024-11-07T11:00,22.9,64,15.7,22.6,0.00,0.00,90,85,85,0,0.15,260.0,85.3,174.7,115.5,260.0,1028.7
2024-11-07T12:00,22.9,64,15.7,22.3,0.00,0.00,100,100,90,0,0.18,293.5,107.8,185.7,144.6,293.5,1039.1
2024-11-07T13:00,22.6,69,16.6,22.4,0.00,0.00,91,88,77,1,0.16,249.1,96.7,152.3,139.3,249.1,967.4
2024-11-07T14:00,22.8,69,16.8,22.8,0.00,0.00,93,89,72,4,0.14,200.3,85.6,114.7,145.7,200.3,818.4
2024-11-07T15:00,22.7,69,16.7,22.7,0.00,0.00,94,86,55,9,0.12,155.8,56.4,99.4,130.5,155.8,602.3
2024-11-07T16:00,22.2,73,17.1,22.3,0.00,0.00,91,88,77,12,0.09,76.4,23.4,53.1,97.5,76.4,333.8
2024-11-07T17:00,21.9,73,16.8,22.1,0.00,0.00,100,100,100,23,0.05,2.5,0.3,2.2,3.9,2.1,31.3
2024-11-07T18:00,21.7,72,16.4,21.9,0.00,0.00,100,100,100,33,0.05,0.0,0.0,0.0,0.0,0.0,0.0
2024-11-07T19:00,21.6,70,15.9,21.8,0.00,0.00,100,100,100,30,0.05,0.0,0.0,0.0,0.0,0.0,0.0
2024-11-07T20:00,21.6,69,15.7,21.9,0.00,0.00,100,100,100,25,0.05,0.0,0.0,0.0,0.0,0.0,0.0
2024-11-07T21:00,21.6,69,15.6,21.8,0.00,0.00,100,100,92,37,0.05,0.0,0.0,0.0,0.0,0.0,0.0
2024-11-07T22:00,21.5,69,15.5,21.8,0.00,0.00,100,100,49,15,0.05,0.0,0.0,0.0,0.0,0.0,0.0
2024-11-07T23:00,21.5,71,16.0,22.1,0.00,0.00,100,100,40,33,0.04,0.0,0.0,0.0,0.0,0.0,0.0
2024-11-08T00:00,21.5,72,16.3,22.2,0.00,0.00,100,100,34,93,0.04,0.0,0.0,0.0,0.0,0.0,0.0
2024-11-08T01:00,21.5,72,16.3,22.3,0.00,0.00,99,96,50,90,0.04,0.0,0.0,0.0,0.0,0.0,0.0
2024-11-08T02:00,21.4,73,16.4,22.3,0.00,0.00,100,100,65,60,0.04,0.0,0.0,0.0,0.0,0.0,0.0
2024-11-08T03:00,21.4,74,16.5,22.4,0.00,0.00,100,100,64,78,0.04,0.0,0.0,0.0,0.0,0.0,0.0
2024-11-08T04:00,21.3,74,16.5,22.4,0.00,0.00,100,100,61,73,0.04,0.0,0.0,0.0,0.0,0.0,0.0
2024-11-08T05:00,21.3,76,16.9,22.7,0.00,0.00,97,93,53,75,0.03,0.0,0.0,0.0,0.0,0.0,0.0
2024-11-08T06:00,21.3,76,16.9,22.7,0.00,0.00,99,96,47,89,0.03,0.0,0.0,0.0,0.0,0.0,0.0
2024-11-08T07:00,21.4,77,17.2,22.9,0.00,0.00,99,97,45,78,0.03,21.5,2.1,19.3,11.7,14.3,256.6
2024-11-08T08:00,21.7,76,17.3,23.1,0.00,0.00,99,98,51,72,0.04,52.3,8.0,44.3,21.0,52.3,535.2
2024-11-08T09:00,22.3,75,17.6,23.6,0.00,0.00,100,100,42,79,0.07,108.7,12.9,95.9,23.4,108.7,765.8
2024-11-08T10:00,22.9,72,17.6,23.7,0.00,0.00,95,86,45,62,0.10,185.4,56.7,128.7,84.8,185.4,932.7
2024-11-08T11:00,23.4,70,17.6,24.0,0.00,0.00,93,85,47,59,0.14,225.7,79.0,146.6,107.5,225.7,1024.5
2024-11-08T12:00,23.9,69,17.8,24.3,0.00,0.00,97,94,47,52,0.17,270.6,120.8,149.8,162.7,270.6,1035.0
2024-11-08T13:00,23.8,70,18.0,24.6,0.00,0.00,97,94,41,46,0.15,205.0,80.5,124.5,116.4,205.0,963.5
2024-11-08T14:00,23.3,76,18.8,24.9,0.00,0.00,100,100,39,71,0.09,96.5,6.4,90.1,10.9,96.5,814.7
2024-11-08T15:00,23.3,78,19.2,25.2,0.00,0.00,100,100,41,81,0.08,58.1,0.8,57.2,2.0,58.1,599.0
2024-11-08T16:00,23.2,80,19.5,25.5,0.00,0.00,100,100,42,90,0.06,26.8,0.7,26.1,3.0,26.8,330.8
2024-11-08T17:00,23.1,82,19.8,25.8,0.00,0.00,100,100,44,100,0.05,2.0,0.2,1.9,1.8,1.7,28.6
2024-11-08T18:00,23.0,84,20.2,26.0,0.00,0.00,100,96,52,100,0.04,0.0,0.0,0.0,0.0,0.0,0.0
2024-11-08T19:00,23.0,85,20.3,26.1,0.00,0.00,100,93,60,100,0.03,0.0,0.0,0.0,0.0,0.0,0.0
2024-11-08T20:00,23.0,86,20.5,26.3,0.00,0.00,100,89,68,100,0.02,0.0,0.0,0.0,0.0,0.0,0.0
2024-11-08T21:00,23.1,87,20.8,26.6,0.00,0.00,99,89,64,90,0.01,0.0,0.0,0.0,0.0,0.0,0.0
2024-11-08T22:00,23.2,88,21.1,27.0,0.00,0.00,98,90,60,79,0.01,0.0,0.0,0.0,0.0,0.0,0.0
2024-11-08T23:00,23.3,88,21.2,27.2,0.00,0.00,97,90,56,69,0.01,0.0,0.0,0.0,0.0,0.0,0.0
2024-11-09T00:00,23.5,88,21.4,27.5,0.00,0.00,98,92,59,79,0.01,0.0,0.0,0.0,0.0,0.0,0.0
2024-11-09T01:00,23.6,87,21.3,27.7,0.00,0.00,99,93,63,90,0.01,0.0,0.0,0.0,0.0,0.0,0.0
2024-11-09T02:00,23.8,87,21.5,28.0,0.00,0.00,100,95,66,100,0.01,0.0,0.0,0.0,0.0,0.0,0.0
2024-11-09T03:00,23.9,87,21.6,28.2,0.00,0.00,100,94,77,68,0.01,0.0,0.0,0.0,0.0,0.0,0.0
2024-11-09T04:00,23.9,87,21.6,28.3,0.00,0.00,100,94,89,35,-0.00,0.0,0.0,0.0,0.0,0.0,0.0
2024-11-09T05:00,24.0,87,21.7,28.4,0.00,0.00,100,93,100,3,-0.00,0.0,0.0,0.0,0.0,0.0,0.0
2024-11-09T06:00,24.1,86,21.6,28.4,0.00,0.00,100,95,100,3,-0.00,0.0,0.0,0.0,0.0,0.0,0.0
2024-11-09T07:00,24.2,86,21.7,28.6,0.00,0.00,100,98,100,3,-0.00,6.5,0.0,6.5,0.0,4.3,252.9
2024-11-09T08:00,24.4,85,21.7,28.7,0.00,0.00,100,100,100,3,-0.00,12.1,0.0,12.1,0.0,12.1,531.3
2024-11-09T09:00,24.5,85,21.8,28.8,0.00,0.00,100,100,98,2,-0.00,18.7,0.0,18.7,0.0,18.7,761.7
2024-11-09T10:00,24.6,85,21.9,28.8,0.00,0.00,100,100,95,1,0.01,26.2,0.0,26.2,0.0,26.2,928.6
2024-11-09T11:00,24.7,85,22.0,28.8,0.00,0.00,100,100,93,0,0.02,35.4,1.0,34.3,1.4,35.4,1020.4
2024-11-09T12:00,24.8,85,22.1,28.8,0.00,0.00,100,99,86,0,0.03,50.9,4.0,46.9,5.4,50.9,1031.0
2024-11-09T13:00,24.8,84,21.9,28.5,0.00,0.00,99,98,79,0,0.05,65.1,7.7,57.5,11.1,65.1,959.7
2024-11-09T14:00,24.8,84,21.9,28.4,0.00,0.00,99,97,72,0,0.06,64.6,8.2,56.4,14.1,64.6,811.2
2024-11-09T15:00,24.7,84,21.8,28.3,0.00,0.00,99,97,62,0,0.06,47.9,5.0,42.9,11.8,47.9,595.7
2024-11-09T16:00,24.5,85,21.8,28.4,0.00,0.00,98,96,52,0,0.05,24.7,1.4,23.3,6.0,24.7,327.9
2024-11-09T17:00,24.3,85,21.6,28.3,0.00,0.00,98,96,42,0,0.04,1.7,0.0,1.7,0.0,1.4,26.0
2024-11-09T18:00,24.2,85,21.5,28.2,0.00,0.00,98,96,41,21,0.03,0.0,0.0,0.0,0.0,0.0,0.0
2024-11-09T19:00,24.1,85,21.4,28.3,0.00,0.00,97,95,41,41,0.03,0.0,0.0,0.0,0.0,0.0,0.0
2024-11-09T20:00,24.0,85,21.3,28.3,0.00,0.00,97,95,40,62,0.02,0.0,0.0,0.0,0.0,0.0,0.0
2024-11-09T21:00,24.0,85,21.3,28.4,0.00,0.00,96,93,43,42,0.01,0.0,0.0,0.0,0.0,0.0,0.0
2024-11-09T22:00,24.0,86,21.5,28.5,0.00,0.00,95,91,46,21,0.01,0.0,0.0,0.0,0.0,0.0,0.0
2024-11-09T23:00,24.0,86,21.5,28.6,0.00,0.00,94,89,49,1,-0.00,0.0,0.0,0.0,0.0,0.0,0.0
2024-11-10T00:00,24.0,86,21.5,28.4,0.00,0.00,94,89,42,2,-0.00,0.0,0.0,0.0,0.0,0.0,0.0
2024-11-10T01:00,23.9,86,21.4,28.1,0.00,0.00,94,89,35,4,-0.00,0.0,0.0,0.0,0.0,0.0,0.0
2024-11-10T02:00,23.8,87,21.5,27.8,0.00,0.00,94,89,28,5,-0.00,0.0,0.0,0.0,0.0,0.0,0.0
2024-11-10T03:00,23.5,89,21.5,27.5,0.00,0.10,96,93,36,3,-0.00,0.0,0.0,0.0,0.0,0.0,0.0
2024-11-10T04:00,23.1,92,21.7,27.3,0.00,0.10,98,96,44,2,0.01,0.0,0.0,0.0,0.0,0.0,0.0
2024-11-10T05:00,22.8,94,21.8,27.1,0.00,0.10,100,100,52,0,0.01,0.0,0.0,0.0,0.0,0.0,0.0
2024-11-10T06:00,22.8,95,21.9,27.2,0.00,0.00,99,96,65,18,0.01,0.0,0.0,0.0,0.0,0.0,0.0
2024-11-10T07:00,22.9,95,22.1,27.4,0.00,0.00,99,92,79,36,0.01,15.1,0.0,15.1,0.0,9.9,249.2
2024-11-10T08:00,23.3,93,22.1,27.9,0.00,0.00,98,88,92,54,0.01,36.4,2.7,33.7,7.1,36.4,527.3
2024-11-10T09:00,24.1,89,22.1,28.8,0.00,0.00,97,85,90,36,0.02,73.8,16.4,57.4,30.2,73.8,757.7
2024-11-10T10:00,25.1,84,22.2,29.5,0.00,0.00,95,82,87,18,0.04,125.5,40.4,85.2,61.0,125.5,924.4
2024-11-10T11:00,25.8,80,22.1,29.8,0.00,0.00,94,79,85,0,0.06,168.5,61.4,107.2,84.3,168.5,1016.3
2024-11-10T12:00,26.0,79,22.0,29.8,0.00,0.00,95,82,77,19,0.08,190.7,69.9,120.8,95.0,190.7,1027.1
2024-11-10T13:00,25.9,80,22.2,29.6,0.00,0.00,95,86,69,38,0.10,187.7,66.1,121.6,96.4,187.7,955.9
2024-11-10T14:00,25.7,81,22.2,29.4,0.00,0.00,96,89,61,57,0.11,156.5,52.8,103.7,91.1,156.5,807.7
2024-11-10T15:00,25.4,82,22.1,29.2,0.00,0.00,96,90,60,59,0.10,100.0,31.1,68.9,73.2,100.0,592.5
2024-11-10T16:00,25.0,82,21.7,28.8,0.00,0.00,97,92,59,62,0.07,41.5,10.5,30.9,45.3,41.5,325.1
2024-11-10T17:00,24.6,83,21.5,28.6,0.00,0.00,97,93,58,64,0.05,2.4,0.5,1.9,6.1,2.0,23.6
2024-11-10T18:00,24.5,84,21.6,28.7,0.00,0.00,96,91,60,45,0.03,0.0,0.0,0.0,0.0,0.0,0.0
2024-11-10T19:00,24.4,84,21.5,28.7,0.00,0.00,94,89,62,27,0.02,0.0,0.0,0.0,0.0,0.0,0.0
2024-11-10T20:00,24.3,85,21.6,28.6,0.00,0.00,93,87,64,8,0.01,0.0,0.0,0.0,0.0,0.0,0.0
2024-11-10T21:00,24.1,86,21.6,28.4,0.00,0.00,94,89,68,5,0.01,0.0,0.0,0.0,0.0,0.0,0.0
2024-11-10T22:00,24.0,88,21.9,28.3,0.00,0.00,95,92,72,3,0.01,0.0,0.0,0.0,0.0,0.0,0.0
2024-11-10T23:00,23.9,89,21.9,28.1,0.00,0.00,96,94,76,0,0.01,0.0,0.0,0.0,0.0,0.0,0.0
2024-11-11T00:00,23.9,89,22.0,28.2,0.00,0.00,97,95,84,8,0.01,0.0,0.0,0.0,0.0,0.0,0.0
2024-11-11T01:00,24.0,88,21.9,28.2,0.00,0.00,99,97,92,15,0.01,0.0,0.0,0.0,0.0,0.0,0.0
2024-11-11T02:00,24.1,87,21.8,28.3,0.00,0.00,100,98,100,23,0.01,0.0,0.0,0.0,0.0,0.0,0.0
2024-11-11T03:00,24.1,87,21.8,28.3,0.00,0.00,100,99,97,16,0.01,0.0,0.0,0.0,0.0,0.0,0.0
2024-11-11T04:00,24.1,86,21.6,28.2,0.00,0.00,100,99,95,10,0.01,0.0,0.0,0.0,0.0,0.0,0.0
2024-11-11T05:00,24.1,86,21.6,28.1,0.00,0.00,100,100,92,3,0.01,0.0,0.0,0.0,0.0,0.0,0.0
2024-11-11T06:00,24.1,86,21.6,28.0,0.00,0.00,100,100,95,2,0.01,0.0,0.0,0.0,0.0,0.0,0.0
2024-11-11T07:00,24.1,86,21.6,28.0,0.00,0.00,100,100,97,2,0.01,2.2,0.0,2.2,0.0,1.4,245.4
2024-11-11T08:00,24.2,85,21.5,27.8,0.00,0.00,100,100,100,1,0.02,6.8,0.0,6.8,0.0,6.8,523.3
2024-11-11T09:00,24.2,84,21.3,27.5,0.00,0.00,100,100,88,1,0.03,12.9,0.0,12.9,0.0,12.9,753.5
2024-11-11T10:00,24.3,83,21.2,27.2,0.00,0.00,99,99,75,0,0.04,21.8,0.0,21.8,0.0,21.8,920.3
2024-11-11T11:00,24.4,81,20.9,27.0,0.00,0.00,99,99,63,0,0.05,40.6,1.0,39.5,1.4,40.6,1012.2
2024-11-11T12:00,24.7,79,20.8,27.0,0.00,0.00,97,96,56,0,0.07,82.9,11.0,71.9,15.0,82.9,1023.1
2024-11-11T13:00,25.0,77,20.7,27.2,0.00,0.00,96,93,49,0,0.10,126.4,23.0,103.4,33.7,126.4,952.2
2024-11-11T14:00,25.2,76,20.6,27.2,0.00,0.00,94,90,42,0,0.12,137.3,27.3,110.1,47.4,137.3,804.3
2024-11-11T15:00,25.0,76,20.4,26.9,0.00,0.00,93,88,42,0,0.12,105.8,21.8,84.0,51.7,105.8,589.5
2024-11-11T16:00,24.6,76,20.1,26.4,0.00,0.00,92,87,41,0,0.10,56.1,11.9,44.2,51.6,56.1,322.4
2024-11-11T17:00,24.2,77,19.9,26.1,0.00,0.00,91,85,41,0,0.08,3.5,0.7,2.8,8.4,2.9,21.2
2024-11-11T18:00,24.1,78,20.0,26.1,0.00,0.00,91,84,36,0,0.06,0.0,0.0,0.0,0.0,0.0,0.0
2024-11-11T19:00,24.0,78,19.9,26.2,0.00,0.00,90,84,32,0,0.04,0.0,0.0,0.0,0.0,0.0,0.0
2024-11-11T20:00,23.9,79,20.0,26.2,0.00,0.00,90,83,27,0,0.03,0.0,0.0,0.0,0.0,0.0,0.0
2024-11-11T21:00,23.7,80,20.1,26.1,0.00,0.00,85,81,18,0,0.03,0.0,0.0,0.0,0.0,0.0,0.0
2024-11-11T22:00,23.6,80,20.0,26.0,0.00,0.00,81,78,9,0,0.03,0.0,0.0,0.0,0.0,0.0,0.0
2024-11-11T23:00,23.5,81,20.0,25.9,0.00,0.00,76,76,0,0,0.03,0.0,0.0,0.0,0.0,0.0,0.0
