,GHI_MAE_TRAIN,GHI_MAPE_TRAIN,GHI_RMSE_TRAIN
0,67.7612,4.842202823078707e+16,10630.6186
1,60.4139,5.908396707344111e+16,7498.829
2,59.5548,6.179926320419089e+16,5360.6989
3,58.0332,6.9064437458621784e+16,4975.8184
4,58.7051,8.43144806628939e+16,4851.5816
5,61.359,9.683804404423066e+16,4784.9811
6,59.1541,8.942240227673157e+16,4626.6072
7,53.6611,8.574126463787554e+16,3850.2324
8,49.2981,6.738429076797303e+16,3703.7458
9,47.3322,5.8797167097850536e+16,3989.6845
10,55.5402,5.8051214538265944e+16,6125.2077
11,69.7776,4.1691433657521496e+16,13602.9244
12,67.0823,1.8723748149810516e+16,12441.4478
13,66.7338,0.4866,12460.7186
14,73.9101,0.5759,16403.7622
15,78.0387,0.8071,15759.5043
16,65.8151,0.8299,12070.6293
17,60.8684,0.9935,9836.8729
18,62.7066,1.0853,10310.8267
19,65.6321,2495729617950037.5,11286.2613
20,73.5419,0.3619,12627.075
21,77.3308,2808872999146837.5,15411.5415
22,79.683,0.3599,16722.2324
23,76.2675,7509509798887424.0,14879.9687
24,79.1905,3986207107885738.5,15747.0544
25,103.6367,1.1071970422554624e+16,29451.1442
26,120.3285,2.0712047424918868e+16,37211.3675
27,134.7163,2.9281715497904812e+16,47026.2372
28,156.4595,3.974117025487258e+16,63981.438
29,178.7669,5.117078188833724e+16,81042.4524
30,202.2938,8.71916798640565e+16,96353.4607
31,179.9748,4.662004660550588e+16,87000.7274
32,164.9045,1.113183027654383e+16,77853.7041
33,147.4673,8901989020030293.0,64704.688
34,126.1649,0.3142,49521.1344
35,117.1329,0.4304,40087.2001
36,122.4698,1402788395352064.5,41364.0127
37,100.6711,1287533216399360.5,32829.9454
38,83.7139,3291216974883498.5,22852.8523
39,70.6005,0.6221,16007.1838
40,57.646,3122869647179776.5,9800.5654
41,57.6891,6900230033244160.0,8686.945
42,55.6865,1.255927894245376e+16,7592.6531
43,53.6573,3821289669481813.5,7274.1607
44,48.5446,842607174702422.0,6272.9398
45,47.9069,0.555,6533.1929
46,48.544,0.6474,6940.4129
47,49.9011,1.2024701542989824e+16,7501.5293
48,49.4263,1.6214746009174016e+16,7640.8503
49,48.6784,1.0567431532227242e+16,7748.1687
50,50.3018,1.4035429316274858e+16,8004.3957
51,56.7635,2.6834293569355776e+16,8942.5715
52,49.1321,3.4128994829161812e+16,6202.8276
53,51.2624,4.440156106356599e+16,5089.6586
54,51.5926,6.123374642620006e+16,4448.7698
55,44.9394,4.11828374994944e+16,4808.3374
56,54.3564,5.091312357902473e+16,6466.6615
57,66.8683,5.0931245119788376e+16,9770.8386
58,64.9746,4.277933303590639e+16,9228.1467
59,66.7621,1.81756207548771e+16,12098.347
60,82.9133,5401504416530432.0,20275.5899
61,99.129,0.6723,25617.1777
62,93.8314,2778095621417643.0,22490.5066
63,79.5464,0.1959,17952.0866
64,79.0723,0.1795,17981.3138
65,64.5211,0.1886,12296.3994
66,65.8182,0.3444,11524.2749
67,75.0982,0.6344,13556.6154
68,80.6956,0.7048,15236.4975
69,89.3335,0.7443,17808.2677
70,90.7133,0.6513,19659.8313
71,106.9258,5428313960306006.0,28006.8849
72,125.9923,1.1150589262036992e+16,40240.2805
73,123.4448,7902423428715861.0,37246.7893
74,120.4856,8278210786973013.0,36391.1817
75,130.334,2.1913659552126292e+16,41546.996
76,138.1904,2.7805312436841132e+16,48711.9244
77,133.4308,3.9557379835385176e+16,48559.583
78,127.9346,2.983371757968862e+16,44454.6993
79,124.6898,2.4353324635521024e+16,42673.5071
80,127.8018,2.8758788913059156e+16,39709.9506
81,121.3855,2.322570437058014e+16,36010.5481
82,124.6878,2.0379883960008708e+16,35426.0232
83,120.243,1.422409416572928e+16,33426.3611
84,108.7532,1.2326925506707456e+16,27795.0658
85,91.1196,2.334300766732288e+16,18831.7131
86,94.2752,1.7348984416064854e+16,18870.9555
87,116.5974,1.2562992657509034e+16,30071.0587
88,140.2732,2.5834,45374.1148
89,151.5095,3731107883253761.5,54346.0336
90,153.9603,4798530020791640.0,56757.8366
91,155.553,2.7713,58076.0271
92,158.9052,9667811037850286.0,60294.5857
93,170.3584,1.7069747654186326e+16,66295.0112
94,161.1008,1.2567110099490136e+16,60609.9451
95,107.5796,3843037952212993.5,27468.4896
96,80.1471,1.093706693144303e+16,14675.2254
97,72.2928,8175328514015232.0,11464.4219
98,64.6744,1.6872046551455062e+16,8679.7451
99,58.6037,4.017210069824307e+16,6254.6865
100,55.2157,4.659342147688858e+16,4954.1042
101,52.5732,6.429816223956992e+16,4210.5149
102,50.7638,5.562221300862157e+16,3934.2065
103,49.9547,2.7664409055373996e+16,4780.0948
104,51.0669,2.837205466742784e+16,4970.2076
105,59.2026,2.9545151343536812e+16,6907.3814
106,61.0728,2.614201937681886e+16,7303.6115
107,60.7734,1.9850864427182764e+16,7786.7281
108,57.3451,2.100611596156928e+16,6725.1816
109,50.3566,2.921058851304243e+16,5134.9484
110,44.8861,3.446832587866112e+16,4121.8026
111,43.3125,2.607659733885474e+16,3842.1795
112,40.2675,2.501845866127906e+16,3731.605
113,43.7177,1.7102892336239958e+16,4559.0118
114,46.449,4384234970021889.0,5339.361
115,54.0475,5931105022640129.0,6484.2507
116,55.6524,1.060389253860557e+16,7154.2092
117,53.4407,1.1720643136105132e+16,6619.1291
118,51.9867,1.4895057177935872e+16,6009.7085
119,49.8319,1.8095160358688084e+16,5398.6967
120,48.4795,2.712636839113523e+16,4977.8228
121,53.5433,3.5410467399314092e+16,5732.2783
122,56.4373,5.057998623028019e+16,5677.9149
123,54.2097,8.948651620634898e+16,3799.8889
124,58.7487,1.3359222113208456e+17,4025.5406
125,57.0657,1.3093022903513907e+17,4269.6195
126,54.6327,1.2319523971670562e+17,4063.1163
127,58.5595,1.0787085170228155e+17,4435.3933
128,56.8496,9.35672931253835e+16,4445.3248
129,60.2924,9.627130440852002e+16,4957.376
130,55.5805,7.451216480532344e+16,5178.3293
131,64.2417,6.954526204493824e+16,7738.2968
132,80.367,6.230687832010479e+16,15269.0906
133,79.8953,3.3652628195202388e+16,16027.8401
134,83.4881,1.140507305364685e+16,18177.412
135,82.7992,3682319918082732.0,18014.5554
136,82.2333,269893306591916.25,17805.4609
137,82.9344,1.3071,16856.9059
138,78.7185,1.2028,15591.3927
139,78.8096,2862374511968257.0,15344.7005
140,77.1392,5037679526455980.0,15263.7978
141,74.0072,1.5578556483851606e+16,14031.9605
142,73.0957,2.761652160167936e+16,14380.4424
143,71.7106,4.444500089966865e+16,15074.9486
144,69.1955,6.2017656385612456e+16,13963.6582
145,78.245,6.9901702275618136e+16,13617.3414
146,78.9965,5.47081300171817e+16,14459.7547
147,80.0305,5.528417358105805e+16,14782.131
148,81.7075,8.123131955423915e+16,14975.3021
149,77.1478,6.5968912212863656e+16,13916.5321
150,72.8706,2.7917628158072148e+16,13825.213
151,72.9653,9791920918233088.0,13132.607
152,75.9297,888370588112214.4,13945.6444
153,71.7472,9839921830647126.0,13639.6067
154,69.092,8880324847075328.0,13707.2345
155,74.6855,1.6599534097749334e+16,15133.2341
156,65.7538,1.6047255706402816e+16,8663.3813
157,58.9678,1.716402177249553e+16,6808.2384
158,53.2338,1.819061690162654e+16,5746.3851
159,48.8429,1.0287080539510102e+16,4946.965
160,47.0382,5651156190975317.0,5411.6536
161,45.4606,0.6407,5106.6382
162,51.7546,0.7751,6147.7575
163,55.298,3083580002183851.5,6693.4266
164,52.7296,6308486619070464.0,6155.6553
165,46.5393,1.1190621041590274e+16,5152.8021
166,42.6201,1.3964692457608534e+16,4014.8821
167,43.8653,1.3470756186182998e+16,4118.0234
168,44.3158,2.060482223538176e+16,4446.6688
169,46.8008,2.9485759909418324e+16,4948.6938
170,49.3259,3.319534944727859e+16,4872.7095
171,47.4343,2.56169244374685e+16,4739.5522
172,57.9898,6.371773624317815e+16,5936.2151
173,58.1074,5.539677959286511e+16,7658.6609
174,51.1538,2.931512515371554e+16,6434.8247
175,49.9602,9936412565919062.0,5872.1257
176,42.6649,8134628688090453.0,4182.4237
177,40.2836,1.002204696604399e+16,4370.6944
178,42.7646,2.1642110781707604e+16,5249.7192
179,48.3431,1.5106473184985088e+16,5780.0141
180,54.7236,1.1880688426243414e+16,7454.3157
181,52.5177,4975178267579733.0,7053.0899
182,52.9822,5338061665031509.0,7803.0062
183,45.3265,2849147086438400.5,6253.63
184,39.4234,2817138842664960.0,5717.4637
185,38.7413,2563706423257770.5,5371.1319
186,40.1935,5747569616835925.0,5456.5749
187,39.9375,1010127363287722.8,5743.881
188,42.1528,0.2399,6291.8209
189,45.4378,2920039637669205.5,6834.4035
190,44.7878,5618916376881835.0,6832.4483
191,42.9962,6035149800079360.0,6341.4242
192,49.0877,1.887186888827426e+16,6876.775
193,53.4141,2.2026702017615188e+16,7479.0299
194,50.8138,1.4877866783845034e+16,7249.8226
195,54.6611,2.2476993368249684e+16,8415.79
196,62.0167,4.899766068576256e+16,9581.3451
197,57.5805,3.936762627883008e+16,8895.7665
198,52.4906,2.7514497516874412e+16,7501.898
199,44.3342,8633959438439765.0,6186.001
200,35.3115,1071967286678869.4,5314.1188
201,52.848,7060547561674069.0,10019.0658
202,69.0417,2321292921405440.5,17315.5344
203,39.2928,1.0782166788429142e+16,5852.5439
204,27.3946,8490692930174976.0,2088.046
205,30.288,3649335642991274.5,2878.2785
206,31.5398,4527187229846187.0,2971.5559
207,35.7957,2626402745232042.5,3259.43
208,35.3685,0.1655,3700.5786
209,37.4486,0.13,4076.6947
210,33.7917,0.0997,3466.1839
211,36.2485,0.1711,3871.0706
212,40.8067,0.171,4335.8418
213,32.1853,0.1353,3004.7287
214,37.1977,0.1564,3976.0756
215,31.5532,604159493537792.1,2906.3733
216,43.8572,6632337890607104.0,5034.4653
217,56.073,1.5751060981983914e+16,8154.9428
218,55.1663,8889330319753216.0,8773.9461
219,49.6975,1.327228359995119e+16,6943.2637
220,76.7176,3.8279944713448104e+16,12323.6715
221,89.8297,5.030415376685466e+16,17614.5841
222,95.7035,4.751170203829316e+16,19813.2221
223,90.7449,4.5093298295712424e+16,17914.4272
224,77.2144,3.752416504499405e+16,12426.483
225,69.6901,2.6345644357932372e+16,11123.435
226,63.719,2.417456702291968e+16,9139.3392
227,70.9453,3.922078092195703e+16,11571.2606
228,81.1241,3.4716949008438612e+16,15585.4649
229,86.2005,2.211205071293645e+16,19803.3496
230,91.2609,1.3613949680003754e+16,25226.4538
231,85.7379,0.21,21657.2739
232,96.1635,0.1929,26593.6068
233,99.6044,980390351907498.8,27545.5648
234,94.6396,0.1605,25754.1259
235,91.2955,0.152,24703.0672
236,95.0457,0.1667,24980.0251
237,86.8486,0.1654,22834.4319
238,73.3426,0.1604,15885.1475
239,58.4718,0.1452,10287.0278
240,61.7947,0.1544,10728.6818
241,62.4819,0.1384,11580.1459
242,57.8041,0.0964,10106.3401
243,63.18,0.1486,10427.2785
244,72.5769,0.2221,13842.1226
245,89.9656,1.87341806253725e+16,21058.5257
246,95.4952,7567844044701696.0,23504.7399
247,95.2478,6952914965408427.0,23171.4816
248,89.9932,1.5482891813956266e+16,20841.0387
249,88.5806,7841280274290005.0,20008.9387
250,87.5295,4735046825017344.0,18992.1394
251,82.5249,6017574883382613.0,17606.881
252,71.7101,4724997317372587.0,14471.196
253,78.8706,0.1503,17838.633
254,75.3378,0.2052,15150.0234
255,62.3037,0.1608,11176.5653
256,58.5583,0.1663,9626.6877
257,70.1811,0.3435,12170.6813
258,63.3297,0.3329,11652.2526
259,59.1909,0.1226,10189.5109
260,57.6885,0.1368,8945.024
261,59.0949,0.1767,9427.3147
262,66.4029,1.0354425984625322e+16,11386.1639
263,77.0747,2.3710190863908864e+16,13480.877
264,73.035,1.5381079614204586e+16,11892.0255
265,62.6333,8739194727126357.0,9396.8544
266,43.6567,0.1594,6015.5676
267,39.7179,0.1244,4862.2397
268,60.7835,1.0959699977437184e+16,9316.8315
269,86.1617,2.5225075937159852e+16,16235.8155
270,73.9874,4530719124619264.0,13157.1553
271,62.6018,0.1631,10014.7851
272,56.6585,0.1504,8288.1913
273,57.8044,0.148,8691.3522
274,56.6066,0.1217,8885.1669
275,49.7073,0.1286,6863.001
276,53.4203,0.1411,7690.9528
277,40.3724,0.0932,4355.1901
278,39.667,0.1307,4113.2584
279,42.7451,0.115,5112.098
280,59.2482,0.1843,11898.7924
281,57.1401,5399640042810027.0,11008.7123
282,55.3998,8588897357398016.0,9730.3908
283,51.7908,204601325606229.5,10162.6118
284,55.9896,7135471834497024.0,11849.3265
285,65.084,7996205471279787.0,14153.3908
286,71.4437,1.546776637079552e+16,15065.0729
287,74.268,2.0954137551525204e+16,15331.3471
288,66.3771,1.81867541154147e+16,13071.6221
289,61.6031,9293220454334464.0,11137.6604
290,54.2376,8725963364543147.0,9570.5564
291,52.4005,1.19942867320832e+16,8385.6373
292,55.4942,1.215055124304145e+16,8787.9845
293,54.9655,5828782079694165.0,9066.4292
294,51.3216,0.13,8367.1744
295,56.265,0.2387,9148.0085
296,54.8436,0.3255,8387.9418
297,48.9302,0.3491,7219.4663
298,47.8546,0.3946,6051.1742
299,47.9299,1.0176607180292096e+16,6596.5409
300,45.9196,7067606340425045.0,4989.5822
301,44.1584,1.2522778878716586e+16,5542.3528
302,48.3211,4015878889450154.5,8439.4306
303,49.0426,2867501808134827.0,10438.8541
304,38.9528,0.3284,4631.3281
305,39.8192,0.3998,4383.1457
306,41.3475,0.3935,5147.7286
307,45.3832,0.5022,5215.4285
308,42.0887,0.4649,4807.0188
309,35.7735,451257852493824.44,3555.5766
310,32.6681,701791079497728.4,2988.3655
311,33.4212,4096742386215594.5,3225.7918
312,36.5216,0.4002,3390.111
313,38.052,0.4751,3678.2623
314,49.414,849633741198677.9,6111.2211
315,57.5244,0.5618,7951.2013
316,65.4441,0.6505,9276.2535
317,66.8671,0.635,10164.1613
318,62.3034,0.5786,9339.2059
319,58.8115,0.5023,8581.3928
320,53.5817,0.5111,7623.4929
321,45.9718,1322838921314304.2,5582.4043
322,65.34,1.4393942942416896e+16,10199.3648
323,70.0062,1.8434798498349056e+16,13008.9174
324,58.8944,1.5246259159127382e+16,12012.214
325,47.5511,7083139805478912.0,8737.1153
326,36.6872,815252706951168.0,7090.3309
327,34.5683,0.1587,5936.387
328,38.8342,0.1807,5556.2188
329,40.1988,2551814374643029.5,5087.4332
330,51.9348,1.2748213122149034e+16,6359.5616
331,48.4519,0.2424,6351.0927
332,40.8462,0.1757,5449.0393
333,37.0195,0.1443,5309.3833
334,40.8245,0.1871,6086.5959
335,49.4942,1814064620983637.8,8234.459
336,54.8506,5954072360255488.0,9617.5769
337,56.0671,1.0126110533965142e+16,10672.7973
338,56.9452,1.060271446486767e+16,9886.5418
339,53.5386,1903396719514965.5,8665.4221
340,52.565,0.2808,9096.9698
341,44.8316,4192926389239808.0,7213.0586
342,41.0831,0.1685,6886.1267
343,47.3684,0.7223,7446.0793
344,58.309,55004102656000.664,10064.2721
345,63.6739,9341833041674240.0,11522.8891
346,67.2282,6453967182976343.0,11838.4459
347,87.7473,6990358490294956.0,19008.2727
348,69.6204,1.048164721090014e+16,14469.3466
349,75.3042,1.395476750401536e+16,14645.2986
350,73.4154,1.2332687563248982e+16,13201.2501
351,74.1345,6910566587869868.0,14259.0216
352,76.9683,3445259198180011.5,14912.1782
353,86.2668,1.1841,18305.8851
354,89.725,1.2709,19501.7944
355,83.365,4985202900205569.0,17476.7731
356,79.7003,1.0923788592655018e+16,15053.631
357,75.1846,1.9512397560894804e+16,13577.2267
358,75.3132,2.75335857831936e+16,13323.6715
359,78.418,2.393066871508173e+16,14418.6656
360,84.9424,1.3867959951469226e+16,16816.9862
361,101.0161,8598090734895106.0,23013.679
362,106.7654,8616767400181762.0,26003.9183
363,111.2369,3284054043175596.5,29391.6901
364,113.494,2543543520329730.0,30259.2559
365,118.9546,6250848157958148.0,31315.5747
366,120.0878,8248630720856067.0,31537.0302
367,112.9613,122308242265431.14,30946.3738
368,106.6173,7758348750771542.0,26974.0322
369,99.9687,7859004172664832.0,22800.4541
370,98.5794,1.2466745303717206e+16,22110.8001
371,93.303,1.3666633180512256e+16,20020.5314
372,89.2763,1.3569778804675926e+16,18217.4275
373,84.5176,1.0617562882637824e+16,17048.1738
374,79.3207,1.1470402369530538e+16,14732.1391
375,67.7722,10140250013696.24,11700.2927
376,53.5966,0.1836,7749.5167
377,55.416,6084214164291584.0,7617.7563
378,54.4453,3784415943589888.0,7588.5164
379,52.8913,0.1617,7872.2317
380,54.7383,0.1759,8161.1742
381,56.234,0.174,8578.0973
382,61.7408,0.206,9839.5835
383,66.3615,4476503394527914.5,11268.3165
384,63.7629,0.2141,10347.5737
385,56.2365,0.1813,8737.212
386,58.3953,0.1764,9424.5745
387,57.5305,1828690058368341.2,8938.5203
388,59.0268,6357230202912768.0,8548.3896
389,60.5191,9387595918213120.0,8650.1623
390,58.2107,2116871268597760.0,8963.3138
391,63.6746,0.2038,10586.2824
392,67.7391,0.2482,11765.1322
393,73.39,0.2607,15332.2123
394,86.8845,0.3251,20708.6144
395,93.6187,9793497529144662.0,21129.7981
396,87.3031,1.6118196754972672e+16,20587.3495
397,83.7204,1.3549192668512256e+16,20232.0342
398,90.2385,8792883249982123.0,23088.5538
399,89.177,3893755789355690.5,21773.6776
400,93.8091,0.2376,22884.8253
401,95.0183,0.2387,23386.6506
402,93.2414,1804995081710250.8,22019.6018
403,88.2983,930428518487381.4,20791.2158
404,87.283,1245969654655658.8,20331.5689
405,90.3407,1180800236825259.0,21015.8927
406,88.1653,0.2237,20476.5239
407,86.1001,577598789429930.9,19456.6463
408,87.3181,0.2427,19603.6277
409,88.6903,3343525381581482.5,20568.3529
410,89.1909,6547903128535040.0,21383.8587
411,88.5887,1.0635523720041814e+16,20361.5085
412,87.3699,9468243234957994.0,21181.3061
413,87.9591,5498343759981227.0,21427.8377
414,91.6533,7935214788192939.0,19764.5565
415,91.6512,4237653820746411.0,19611.2279
416,83.3872,1.1548,17942.803
417,70.5755,1.0523,15678.2279
418,68.5502,1.1023,15334.345
419,73.7552,5039757216885420.0,17363.9207
420,76.6243,2.2255504768106496e+16,13769.4571
421,81.1371,4.693021429019443e+16,13977.6032
422,82.6258,3.798230849063049e+16,14191.9763
423,86.0495,2.5437214538902188e+16,16038.0072
424,83.3661,1.210984032178449e+16,14380.2188
425,94.4025,2.1065,19419.4329
426,105.2137,1094258614337538.5,25128.0302
427,115.4379,3014783216036524.5,29512.0704
428,120.26,2870785310632621.0,32453.085
429,117.0287,7570777507364866.0,30302.7946
430,111.9634,6629612018029911.0,27769.2634
431,105.8772,8720870964985858.0,24963.8144
432,101.2356,8825708969197570.0,22437.5862
433,101.9311,1.073696154181086e+16,22098.8875
434,107.5528,1.6312670189780996e+16,24022.9828
435,106.2875,1.922771478048495e+16,22762.0507
436,102.6324,2.168460805144576e+16,20507.6206
437,91.2153,1.3587487670665218e+16,16048.3986
438,88.7218,1.87678571060265e+16,16291.3172
439,85.6036,1.8364680651844268e+16,15453.7493
440,76.966,1.9685654394131796e+16,12492.6707
441,62.2111,1.6672366363585194e+16,8703.8248
442,58.2282,2.9057961123556012e+16,6269.5796
443,74.7055,8.719944263156805e+16,9710.23
444,69.2442,2.957613899570654e+16,13018.6279
445,89.6148,3.80651902641111e+16,24600.6498
446,109.1888,4.0872920265086296e+16,32549.1155
447,110.7973,2.8474800127781548e+16,31516.2524
448,102.9749,1.8575678794366976e+16,28808.2399
449,90.0568,3314928773496832.0,25902.4039
450,85.0901,0.2563,26144.6859
451,84.2329,2773975316125013.5,27615.8128
452,88.9146,2448460997459968.0,29602.7622
453,89.326,5429537847028395.0,29652.9585
454,89.1831,7922010627069269.0,29335.5995
455,92.1119,5104158461919232.0,29800.4741
456,87.9024,1.4804645968871424e+16,27678.7537
457,87.6291,1.591685906764049e+16,26572.9741
458,95.5879,2.6722548586643456e+16,28860.6176
459,101.3195,2.4196503428573868e+16,33346.3007
460,116.1352,5.4459959301810856e+16,39777.4065
461,126.511,7.534271334484104e+16,44768.5103
462,124.9341,6.0449047300101464e+16,45110.8173
463,112.9685,2.9471323987465556e+16,37358.9797
464,94.8628,9990925722495658.0,26697.6489
465,87.069,3841800643717802.5,20454.0535
466,80.6381,0.5716,17204.413
467,71.3781,0.493,13613.9377
468,62.4114,0.4086,11516.9047
469,60.5063,0.3319,10474.3577
470,66.6631,0.4014,13801.215
471,80.1212,0.513,18985.6847
472,79.1076,0.4907,19536.2327
473,82.166,0.6448,16840.6984
474,67.2225,4597031272185857.0,11573.1846
475,56.6033,0.6118,9057.9612
476,52.9922,0.537,8128.3081
477,49.4648,0.4659,7500.3277
478,48.9668,0.4412,7550.9529
479,52.3003,2391281739934379.5,7994.7096
480,52.9006,1768525261701120.2,8404.1195
481,50.8557,2208558082949120.8,6754.5376
482,75.5397,507551407232341.94,15258.3949
483,66.8769,0.5877,12139.0636
484,48.2013,1.983836589339443e+16,4872.4599
485,48.8239,3.0654937427869696e+16,4867.9127
486,49.4264,3.32025399607296e+16,5171.1354
487,59.7292,4.586025346907068e+16,6980.886
488,68.2697,5.601880675433404e+16,9304.3022
489,61.9677,4.915206887606409e+16,8007.0974
490,62.4849,3.1980418827812864e+16,9097.1149
491,59.2295,8509924149559296.0,9733.8748
492,74.9431,0.9611,15715.964
493,72.9223,3632316477166934.0,14635.293
494,83.3843,5784892882638166.0,21781.6518
495,95.2672,2852710477638315.5,25786.0494
496,105.3829,0.8749,30517.941
497,102.4385,0.6801,29171.9988
498,95.0965,0.6169,25677.4507
499,93.0129,4601636192955051.0,24823.8787
500,90.9832,1.0712035000057856e+16,24523.0872
501,95.4085,1.4448931408707584e+16,27792.965
502,99.6045,1.3796451788259328e+16,33662.3113
503,110.0104,3.4502881395955028e+16,36761.2943
504,112.2554,3.7502602944621224e+16,36855.2425
505,106.4037,2.2019910690056876e+16,32511.1297
506,99.5675,2.2574541202347348e+16,29629.5691
507,98.426,4.0914507040904536e+16,30076.3755
508,114.0779,7.199349379851878e+16,36153.0883
509,120.0826,5.477970167656175e+16,40160.7954
510,114.9811,3.819778127324774e+16,37018.8796
511,110.4938,2.301521254206669e+16,33778.0091
512,114.1167,2.3886075859217068e+16,35863.5369
513,138.2301,2.8593571542772396e+16,43932.8478
514,152.9317,4.310073483390703e+16,52741.2268
515,137.7402,1.7837947003513514e+16,44454.2999
516,127.6732,8601434366935040.0,39894.4817
517,145.8139,0.2698,52013.6531
518,117.7639,0.2248,33667.0202
519,88.9691,0.1948,18472.8152
520,82.0688,0.2033,14674.513
521,78.3886,0.1866,13882.9132
522,73.1888,0.167,13532.2085
523,72.0513,0.1734,12078.7705
524,81.9665,0.213,14360.1106
525,88.5965,0.1954,20021.0292
526,74.7714,0.1792,15149.4923
527,70.2834,0.1845,10892.5044
528,66.6867,0.1412,10131.9662
529,63.9131,0.1399,10680.0264
530,69.0437,0.166,12016.3211
531,80.9253,0.1826,15559.8003
532,91.4925,0.2429,19844.2362
533,96.0409,0.1842,23646.0914
534,97.7581,0.1991,24843.4501
535,100.2036,0.1962,26906.0641
536,100.937,2833730659243349.5,27615.857
537,93.8762,0.2297,21974.8794
538,82.0449,0.1721,16900.6005
539,78.6328,0.1748,14175.0967
540,81.3482,0.2119,15147.4632
541,86.0611,0.2505,16810.6786
542,83.6132,0.2506,15480.933
543,77.5011,0.1814,14240.2396
544,72.975,0.1789,11943.4879
545,68.8072,0.1494,14169.2245
546,71.3448,5508174940121771.0,15163.3123
547,65.6124,0.1831,13745.885
548,72.7859,0.2136,16355.8005
549,85.3411,5521398070684331.0,17420.368
550,74.2067,1.0493708910723072e+16,14363.2029
551,64.5899,1.262682016649489e+16,12425.4199
552,57.355,4733885752191659.0,10741.2078
553,54.1454,1850745968132096.0,9422.2902
554,49.4399,543253949229738.8,8455.9179
555,49.4054,0.1218,7846.4196
556,61.5459,0.322,10355.5799
557,68.693,4742934174542507.0,12562.5701
558,63.8764,0.1604,12486.2609
559,64.9851,0.1614,13098.2616
560,61.7179,0.1425,12121.4529
561,62.7769,0.1454,11532.6984
562,62.1812,0.2045,11106.8707
563,71.5796,0.2996,12809.3032
564,77.359,0.2331,15030.9899
565,80.5243,0.39,15977.0279
566,80.8137,0.6222,14852.0754
567,73.1164,0.6426,11189.5015
568,75.0564,0.5229,12187.8904
569,81.9995,0.8342,15091.037
570,77.0151,0.7069,13770.4388
571,64.8266,0.148,10750.6681
572,56.2022,0.1392,7910.9729
573,40.0916,0.1118,4553.6532
574,32.275,0.1096,3238.856
575,27.0863,0.0951,2285.6822
576,30.1415,0.0969,2571.4438
577,29.6497,0.0798,2201.5455
578,31.3656,0.0861,2641.094
579,42.7126,0.1357,4244.9138
580,60.9689,0.2476,7893.1847
581,57.7097,0.1763,7685.2154
582,52.349,0.1176,7053.3444
583,47.1591,0.0968,5859.3585
584,43.1796,0.111,5228.767
585,40.0867,0.1207,3960.7269
586,37.8028,0.165,3453.5485
587,41.1991,0.1888,3935.4875
588,48.1084,0.2418,5593.535
589,51.3892,5770061286823253.0,6055.552
590,57.2682,7904956743592619.0,7875.4479
591,67.4043,9268835777511424.0,14110.3292
592,73.9474,8525797129540949.0,15836.9326
593,60.2638,0.3785,11943.7149
594,60.7373,0.3464,11637.4013
595,63.7492,0.3627,12110.4348
596,67.077,0.3734,14245.2851
597,76.2899,0.452,17179.0365
598,82.0115,0.4738,19732.4816
599,80.0711,0.4893,19775.2419
600,76.7681,0.4577,18682.2103
601,75.2432,0.4435,20343.6021
602,73.1987,0.4402,21359.9364
603,71.3511,0.433,19431.058
604,79.3515,1.1775601313928534e+16,14649.0651
605,90.527,1.9601300162696532e+16,17624.6037
606,84.5283,7822472612500821.0,16418.0255
607,77.2,0.5768,14604.8254
608,72.8519,1080373879854421.8,13310.4954
609,69.2372,0.7591,13335.2867
610,81.5049,2597233832755200.5,16318.9055
611,84.9371,6549459338351959.0,20291.1098
612,102.8422,2313245584348503.0,31971.4398
613,91.8385,5711719166902273.0,21374.4952
614,72.878,1.118285180366575e+16,13528.0719
615,70.2823,4081532833278635.0,13570.4087
616,78.3582,0.9532,16923.7788
617,78.6028,1.0014,18413.2572
618,81.788,2372517743646038.5,19079.5738
619,79.9711,8497239176161963.0,16002.2495
620,76.0041,6821934211093845.0,15082.666
621,73.7089,1656773075970731.8,14996.9484
622,76.2921,1546202901031596.0,16685.3482
623,78.677,1903671060550998.5,17245.7995
624,92.8352,1.4575,23674.1579
625,106.647,1.6876,30573.7506
626,116.0786,1.6943,36367.8904
627,123.3084,324681564771670.94,41232.5049
628,119.4969,6927525266238124.0,37349.626
629,119.5766,7388900674764802.0,38251.4299
630,121.4931,3023231416707756.5,39824.3667
631,114.0074,1.4859,36702.1896
632,104.7446,1.3818,31188.1267
633,77.8151,0.927,18324.6566
634,65.1462,1.540972172209903e+16,11286.0307
635,57.3931,1.238292758528e+16,7728.3933
636,46.3405,1.082346003566865e+16,5175.5852
637,47.7698,9477203968393216.0,5546.0934
638,61.2,2.6132133659541504e+16,8079.54
639,57.8928,2.669514159502131e+16,7136.5123
640,59.9242,1.441605486571247e+16,7883.2034
641,53.907,0.5806,7574.1346
642,38.3677,0.3767,4268.7487
643,28.7415,2166088014670506.8,2421.9076
644,26.9516,2261015381846698.5,1750.0851
645,26.7127,5755613374753451.0,1774.1987
646,27.1169,9616749603323904.0,1650.4741
647,26.9293,9096112057090048.0,1727.231
648,28.8319,1.5942000464013994e+16,1829.4493
649,36.5037,1.7863102783553536e+16,2947.2596
650,43.6831,3.227354962993698e+16,3601.6075
651,45.2842,5.080196087755571e+16,3441.4044
652,52.1894,1.0091802008608222e+17,3869.5345
653,61.5178,1.512082055902877e+17,5164.0498
654,53.9019,1.2598983087585144e+17,4670.5032
655,33.6618,4.0534252116945576e+16,2763.5364
656,24.7548,7747736512932523.0,1507.2047
657,28.0066,0.234,2201.9995
658,31.4879,7890182056094379.0,2722.8401
659,59.4164,2.5450885632316756e+16,8889.8092
660,76.1322,1.959946048503808e+16,16264.6301
661,77.405,9113661472418474.0,15838.7006
662,64.4789,1778395454461269.8,11459.1584
663,69.3206,0.3375,12684.4697
664,75.4301,0.4998,15754.1345
665,74.6828,0.5063,16455.8799
666,65.8036,0.4738,17138.5032
667,68.8647,0.5265,18893.3995
668,68.3368,0.5096,18662.5288
669,69.4479,0.5012,17894.2037
670,72.0089,0.5175,17416.4215
671,64.4276,0.5236,18492.3911
672,64.4527,0.4947,18420.4525
673,71.0737,0.46,17392.1415
674,71.2626,0.4974,19171.3312
675,70.7816,0.5458,22512.876
676,82.155,0.6336,23967.7453
677,83.5022,364188441160363.2,22055.9295
678,70.6292,0.487,16250.2271
679,78.2113,0.4867,16817.486
680,79.1002,0.4695,16819.0506
681,89.6154,8199990216228864.0,19089.5579
682,81.9712,0.442,16551.8964
683,76.8151,0.4299,17539.5487
684,83.3641,0.4276,20965.0048
685,85.9291,0.4493,20070.0964
686,82.4448,0.4384,17398.0283
687,78.8002,1.1277495345086464e+16,14168.0692
688,81.0667,2.0341975862826324e+16,15305.9619
689,74.9603,2.590994855886848e+16,12730.034
690,65.038,2.2911233889228116e+16,9048.7364
691,47.9556,0.228,6880.0049
692,50.8007,8372504735951531.0,6340.8108
693,55.6664,1.0745648828994902e+16,7719.665
694,43.6845,1.3289583728219478e+16,5123.855
695,49.6024,2.2779554486900052e+16,6386.7759
696,50.9286,1.8383493682342572e+16,7119.0539
697,45.3192,1.1362393247798614e+16,6207.5325
698,41.4538,9216886000582656.0,5872.6784
699,52.9181,9696280228571818.0,8298.5501
700,54.5112,1.8434419109571244e+16,8537.3968
701,56.0593,1.676035539005167e+16,9082.1644
702,51.0094,5945468109105835.0,8498.4111
703,55.5766,606741216275114.9,10089.6921
704,54.8623,5571722560405504.0,8792.6234
705,52.607,0.2663,7638.0936
706,55.4724,0.2633,8557.507
707,57.5006,0.2628,9232.6228
708,55.6168,7200073869251925.0,7363.3309
709,56.2118,0.3271,8022.4591
710,51.3866,0.2721,7541.2977
711,41.9067,0.2071,5641.8668
712,41.289,0.2058,5224.2307
713,41.4661,0.2568,4952.9907
714,41.2429,0.3112,4555.1951
715,45.9701,0.348,5550.0183
716,51.0506,0.3518,6598.3793
717,60.306,0.3747,9947.4377
718,65.2612,4473177300271104.0,12399.0958
719,69.6807,6139741648977920.0,13433.0582
720,75.4303,3271806943931050.5,15428.6036
721,76.9058,777759432026795.1,15681.7862
722,76.7181,0.457,16325.1123
723,65.5042,0.4627,12979.0269
724,63.7401,1.1973,12076.6988
725,55.9032,1.1526,9892.8833
726,51.4165,0.7621,7819.0886
727,53.8712,0.7587,7939.636
728,48.8399,0.6343,6183.5556
729,48.1905,0.8113,6479.3058
730,59.3399,1.5167,9978.0093
731,70.4903,1.2581738758100312e+16,15255.4131
732,88.4253,1.2207290624333142e+16,21554.9903
733,90.8604,6394870580467031.0,23252.8815
734,91.1324,4658773574549506.0,22692.1346
735,98.2186,5664608028546391.0,25927.3569
736,106.2127,3137893442781185.5,28945.9547
737,98.705,1.2523,28526.8791
738,93.7664,1.1127,27989.2108
739,99.004,4240259434239317.5,29582.6013
740,104.5836,5076903673200641.0,31920.5079
741,109.9304,1.1210363574594218e+16,35273.6892
742,107.4221,1.4830563216414038e+16,38018.5312
743,105.541,1.2766567933323946e+16,38083.9671
744,110.3283,1.1924522146638506e+16,37790.901
745,114.3986,1.3052594591105024e+16,36316.1984
746,103.0553,1.2206581954729302e+16,25729.6126
747,106.8195,1.105716781776896e+16,27174.3551
748,111.2804,8739589148289707.0,28309.5596
749,112.2482,1.1322633303883776e+16,30387.4913
750,101.5588,2812427979369131.5,27473.667
751,99.9889,0.5975,27828.3647
752,99.7955,880644926210048.6,30332.587
753,100.8104,814935237285206.0,29148.0376
754,98.532,0.8462,22878.4848
755,88.8183,0.7945,20056.9496
756,88.2677,41778052857856.836,19906.85
757,79.8585,0.8614,17406.104
758,77.7489,0.7993,16942.5703
759,64.5035,0.6273,14414.0967
760,61.746,0.6671,13571.8599
761,66.825,0.6884,13876.9657
762,59.6961,0.4888,12020.2354
763,58.3887,0.5599,11749.7925
764,62.0368,0.5875,12656.3157
765,62.11,0.5353,12539.4428
766,67.2601,0.5003,14554.015
767,65.8566,0.5701,16358.6972
768,73.1605,0.612,19519.7501
769,77.1412,0.7538,20125.7852
770,81.2037,2588165904094550.0,22563.7871
771,79.2207,0.7096,20583.7634
772,70.306,0.7039,16873.3393
773,63.0429,1941082194225834.8,13527.1162
774,64.2363,3553782284331691.5,13701.4049
775,57.2561,0.4292,11321.7764
776,57.1189,2853225694756864.5,10180.6726
777,69.0224,8121657886856533.0,12938.0466
778,78.1015,1.2602220517610838e+16,15550.3911
779,75.8435,1.7873617355625814e+16,13463.6156
780,78.749,2.4046892319681196e+16,15034.2111
781,67.5749,5.6264673230935384e+16,8296.8079
782,64.2393,4.8712826865669464e+16,8166.6161
783,72.7411,1.7100766892261376e+16,14078.1797
784,86.0764,7058938380593835.0,19690.0228
785,101.0638,6392139697094656.0,25264.5762
786,107.6205,3022613299331073.5,28139.6696
787,109.0666,774849054812843.5,30614.2821
788,113.6405,27488126238720.887,32713.6372
789,128.0971,1.1884927558964566e+16,36126.1484
790,125.0456,1.127367425584879e+16,34633.3232
791,117.3687,7649899394891776.0,32323.4561
792,118.0045,9313698142573910.0,33681.2021
793,128.6914,1.2464174049962666e+16,39291.0623
794,133.9102,9748219268082346.0,42632.7037
795,130.8112,1.0907952063971328e+16,40235.6172
796,133.6717,1.9222548829612716e+16,39670.1179
797,125.5529,1.3106015394332672e+16,36166.4788
798,107.6027,2654877483619670.0,29410.4003
799,96.1525,0.7816,24199.1729
800,99.0555,7357679841662293.0,23742.2333
801,102.1318,1.5226301877758634e+16,23650.3367
802,108.6814,9779105451649706.0,27762.5626
803,122.847,1.6978734075958614e+16,37801.705
804,130.8345,1.4523828837984938e+16,41411.1575
805,144.2572,1.2745027419635712e+16,53159.6194
806,159.3888,1.6935664501828266e+16,61371.4999
807,119.9027,0.2476,38360.5322
808,122.7422,0.2398,38176.9502
809,111.6566,0.2288,32449.6289
810,105.9558,0.2187,30624.8662
811,104.483,0.2112,30274.8194
812,109.5293,0.2255,32738.4044
813,113.2848,0.2356,35020.659
814,112.5643,2434984284869973.5,35733.1306
815,110.4215,397639257074346.94,33669.0589
816,105.0908,4807346156994560.0,29840.488
817,98.2468,1018784585700693.4,26378.3463
818,97.1615,2868348453563050.5,25960.0113
819,108.2289,9443615176654848.0,31285.8666
820,115.2303,1.9072703773627732e+16,34309.5657
821,113.0387,1.6745658011964758e+16,32912.4225
822,111.1314,2411909036201301.5,33011.6627
823,117.531,0.2536,36743.9262
824,127.4431,0.3489,38698.9506
825,134.9584,6047535143583744.0,40033.765
826,130.9727,0.3829,39026.4965
827,125.1739,2153509487116288.5,37586.9448
828,120.0949,6471683923072341.0,38680.2267
829,102.3661,0.2402,28369.8393
830,90.0664,0.251,20655.9892
831,87.9672,0.1977,20983.5667
832,77.0519,0.2265,15941.1479
833,78.2414,0.2466,16512.8412
834,82.1891,4033006503198720.0,16750.1517
835,77.4076,0.3146,15518.7738
836,70.3152,1510902743782741.2,13198.5456
837,68.5911,3101117427395242.5,12503.5498
838,72.9272,4470741695900330.5,13858.2409
839,72.8841,3943471109548714.5,13515.951
840,79.2987,641255931379712.4,15670.5835
841,81.9381,0.8099,15724.5875
842,93.5847,0.8631,19948.196
843,94.0157,0.7796,19997.237
844,88.5645,6833523464514219.0,18399.3546
845,74.847,1.3746492370758314e+16,13726.1941
846,75.1609,1.0566001084421462e+16,14617.7941
847,74.6304,3124931231481856.0,14998.8899
848,81.336,6599188617188693.0,16749.0947
849,89.5369,0.4256,18817.2011
850,94.0081,0.7454,19202.0534
851,97.3689,0.8561,20184.0131
852,81.495,1.1178202143653888e+16,17141.307
853,72.7663,7067759527591936.0,14180.8652
854,80.4389,7205177006227456.0,19411.4952
855,68.7853,0.251,14150.494
856,65.7481,0.2443,11899.5053
857,69.335,0.2604,12097.1161
858,77.1909,0.4389,15841.8922
859,79.8259,0.2495,18351.3726
860,78.6087,0.2339,18358.6575
861,86.929,6331922108121088.0,21190.3286
862,81.8451,6935589783164245.0,19805.6506
863,62.2268,3064108767947434.5,11489.2429
864,58.6244,0.2076,9096.4504
865,61.9667,0.3692,8818.0063
866,59.4099,890403628777472.4,8406.5633
867,56.2714,0.2243,7797.3941
868,54.2208,7440786743012011.0,7576.1386
869,55.2579,8696849928727211.0,7546.2534
870,50.8912,3682570099927722.5,6407.6092
871,59.1003,0.2995,8392.327
872,56.7615,4938399209925291.0,7319.0301
873,45.9042,0.2662,5854.7025
874,42.7235,0.2254,5241.3783
875,46.4862,0.3726,5231.0948
876,44.6039,904008474558464.1,5359.1061
877,52.6394,0.3481,7438.0504
878,48.5762,0.3306,7405.2004
879,51.368,0.2119,9070.9731
880,53.1881,0.2157,8946.7338
881,63.1645,0.3359,11077.7274
882,65.5692,167454768627712.34,12321.7706
883,68.0612,2866641204062890.5,13329.3746
884,67.6689,2699028315766784.0,13162.223
885,65.9148,1595352180326400.0,13332.5832
886,61.8972,0.1482,12718.6956
887,55.9322,86545822384128.11,10567.4617
888,55.2366,0.1413,9659.7972
889,43.2326,632708722764458.9,5644.8537
890,38.9996,1.0180262197460992e+16,4172.4413
891,30.695,2243681430710954.8,2868.4824
892,27.9731,0.1208,3125.4093
893,40.1621,6197592710971392.0,4859.3316
894,46.9625,3685700415258624.0,5228.7835
895,38.0182,0.1291,4389.0163
896,37.9019,1728628594660693.2,4567.1515
897,31.8224,0.0969,3342.8273
898,36.4173,0.1204,3990.1632
899,43.4663,3153985253583530.5,5425.4966
900,53.6643,7064566935235243.0,7411.675
901,51.678,1317107376936277.5,7593.5973
902,56.8607,7026532136517632.0,7875.3495
903,58.0819,1.3878292032170666e+16,7930.3417
904,54.6704,5380979125736789.0,7230.1661
905,61.5774,4124488948689578.5,8575.6026
906,78.9879,1.4217540045635584e+16,13005.2488
907,88.0842,1.8669080374411264e+16,15975.596
908,84.7286,2.2400397458363732e+16,15186.8132
909,70.4094,1.265918274507025e+16,10567.4069
910,66.2589,7751745954381824.0,9697.2397
911,64.5867,7083206377472000.0,9463.1695
912,59.1791,0.4915,8475.3049
913,51.062,0.4463,6236.8405
914,55.8896,7250000716584277.0,7119.1365
915,55.8019,2179712366761301.5,7666.4231
916,52.4442,0.4315,7172.1556
917,50.4593,1425756448795306.8,8104.3949
918,47.5698,2458818490051242.5,7703.6391
919,46.26,0.294,6777.1315
920,49.8481,0.3267,7619.9795
921,56.4496,0.4176,8613.2803
922,59.7236,0.5846,8115.8321
923,64.3414,7660195863156053.0,8806.6245
924,65.3985,1.0808790574869162e+16,9893.1881
925,65.1437,7937305005610325.0,10564.2551
926,68.8384,1.0633848682796374e+16,12282.3524
927,66.8381,8179765931059883.0,10803.7863
928,74.8767,0.5725,14079.3766
929,87.5806,0.7492,17870.178
930,92.1398,3640737476378624.5,20167.3055
931,95.4563,7748541908779010.0,21790.3478
932,98.5072,1.0038041513732782e+16,22339.8593
933,100.8952,5071772261023746.0,23176.5343
934,97.4368,1.3338,22377.8723
935,98.3409,1.3462,22545.5959
936,104.2675,1.4789,24688.6615
937,117.3888,1.826,30721.6779
938,125.8735,3737315900566188.0,36719.2918
939,123.2682,1.829,35534.4898
940,111.7662,1085623672067415.0,28129.009
941,101.1277,4565210217403734.0,22693.7701
942,97.8189,4296563234264405.5,21697.0736
943,93.6947,1.6472,19746.6202
944,78.8256,3892601516894892.0,13185.5602
945,64.4455,2017110452600834.0,9018.5573
946,54.439,1.9565886457249796e+16,5867.2296
947,49.5683,2.553206445126451e+16,5183.2479
948,49.9132,3.5422489728603476e+16,5024.3324
949,57.0414,6.664598177378031e+16,5927.5656
950,61.0138,7.353551545940923e+16,6028.0136
951,50.2488,3.324475242044894e+16,4920.908
952,58.136,1.336518911127279e+16,8114.7003
953,64.7748,9542872128116056.0,10111.9257
954,75.2771,7854744280935085.0,13251.121
955,85.7392,9540846793785346.0,17004.5972
956,87.9872,5931125065820845.0,17680.668
957,82.7932,4253418699532973.0,16192.5362
958,84.681,1.0317799219352918e+16,17115.2075
959,90.7756,2.1753775636436308e+16,19129.8387
960,102.3463,2.9480606127620096e+16,23917.262
961,113.0844,3.016700954725581e+16,29254.0832
962,111.2572,2.539207965592781e+16,28494.7757
963,103.3888,2.3703772751112876e+16,24461.2063
964,99.3295,2.593488585481694e+16,22457.8401
965,94.4371,1.3620711390183424e+16,21034.5295
966,92.8582,8092718397216086.0,19868.5833
967,85.8186,2677229388212908.0,17869.3447
968,79.51,1.595191924359168e+16,15334.9302
969,68.0279,2.6906878829832876e+16,11771.9011
970,60.1824,1.946476188847309e+16,8514.0508
971,61.2449,1.9194298861180244e+16,8249.532
972,60.9542,1.2075896121502378e+16,8516.8579
973,62.8377,9993123314095446.0,8805.9708
974,59.5454,5636594820186113.0,8009.7339
975,55.1633,4573822342660097.0,6938.3971
976,46.4609,0.5047,5168.8795
977,44.1621,6875008553626283.0,4594.196
978,46.6512,1.167266598022895e+16,5146.5007
979,49.2162,1.1021078639236438e+16,5897.674
980,53.8009,2.1331362381649236e+16,6570.2804
981,65.6165,3.638692928780151e+16,9264.4636
982,60.4108,3.1139089853273428e+16,8183.6393
983,60.5796,3.5068594802917376e+16,9195.4964
984,63.7303,3.7529815790299816e+16,9900.8796
985,67.5726,3.2450986898008748e+16,11316.7546
986,64.8546,2.9898177164694868e+16,10365.6958
987,61.5071,3.5202345811137876e+16,9028.4464
988,59.8345,3.674157404319471e+16,8643.6525
989,54.8175,2.9234047803370156e+16,7955.0898
990,49.5443,1.8008716267749376e+16,7536.8544
991,49.2888,8361029299164501.0,8304.9572
992,50.346,1.0060953732601174e+16,8118.4693
993,49.4337,5470370995896321.0,5881.5227
994,52.2038,7950471227856214.0,7078.5535
995,66.3833,1.2290514205627734e+16,11466.8815
996,83.6491,1.6020809266320726e+16,18279.1987
997,78.7917,1.065813600702737e+16,17627.1419
998,80.6894,7151531433044652.0,18574.0143
999,91.6849,1.221,22981.5563
1000,86.8771,1.1495,21248.3944
1001,84.8241,4726723894225579.0,19516.766
1002,84.1785,1.0149663418788524e+16,18101.7482
1003,77.7792,2736653303021569.0,15257.5159
1004,57.8081,1.1759,8909.1619
1005,48.3372,6818433812747607.0,5580.0832
1006,43.8939,9506102655844352.0,4671.9923
1007,41.168,1.1063903400230914e+16,4195.6576
1008,47.9706,1.4688513632326998e+16,5258.8816
1009,60.5259,7268126373358252.0,8751.8298
1010,66.6137,5225783077371905.0,11181.427
1011,67.0917,1.543344170799377e+16,10276.4325
1012,68.9797,1.8290543252821332e+16,10571.5997
1013,68.5829,2.403420713377246e+16,11018.7251
1014,71.7958,2.180813453210419e+16,12229.4369
1015,69.5132,1.9878578240531116e+16,11403.5929
1016,64.5303,2.1813927011330732e+16,9784.4327
1017,79.8498,1.4476472528579242e+16,15337.8999
1018,72.3989,2.006034233023966e+16,11662.3143
1019,57.6473,2.1145389939818496e+16,8634.8647
1020,48.2095,2.2798986350602924e+16,4719.1745
1021,48.8346,2.4871580085518336e+16,5423.4151
1022,58.4493,2.647607857765854e+16,9536.3476
1023,70.6551,2.3600197467286188e+16,12862.2038
1024,76.1691,2.9283075570881876e+16,14945.7792
1025,78.5738,2.8817570551300096e+16,15559.714
1026,75.9264,2.3098909643505664e+16,15385.1687
1027,77.3584,2.359161057496269e+16,15750.2182
1028,75.1078,2.4195720452680364e+16,14654.7003
1029,73.6179,2.3704817501907628e+16,14292.1898
1030,70.6956,1.6691249634694486e+16,12808.7743
1031,68.7136,1.502067888680687e+16,12299.9985
1032,80.792,2.273960771190784e+16,16906.2346
1033,92.517,3.3964299297401516e+16,21594.0773
1034,103.2225,4.5920795328075096e+16,28175.9986
1035,111.0329,5.910375148237619e+16,30328.9988
1036,112.0162,5.584078393905425e+16,31549.7124
1037,107.1062,4.256667784131379e+16,29412.6694
1038,100.321,3.5592169211996844e+16,26965.1941
1039,90.7371,2.731610438753758e+16,23275.2207
1040,66.566,1.930705052159181e+16,13776.9084
1041,54.7445,1.000658374160111e+16,6802.6689
1042,70.1036,2.3161589322481664e+16,11832.8476
1043,78.4345,2.466700148744738e+16,18089.6628
1044,95.8027,1.6135301641185962e+16,29350.2168
1045,102.8892,1.3861657623833258e+16,34201.3779
1046,96.4,2717790343528448.5,30377.2692
1047,93.0249,0.311,26529.6507
1048,116.4608,0.6445,31430.1903
1049,125.019,1.0544,35105.7718
1050,135.0355,1.0241,42449.7308
1051,144.7482,4536364501215915.0,51310.3687
1052,152.9895,0.2724,56274.0642
1053,155.8949,0.2736,59036.233
1054,155.9777,0.264,59530.1793
1055,159.1669,1749509293998080.2,60505.8106
1056,147.524,0.2513,52901.5638
1057,141.082,0.2295,48929.4818
1058,142.381,0.2379,49991.56
1059,151.3424,2248144438602410.8,56006.971
1060,152.4801,7627362985661781.0,56551.2253
1061,149.641,9837486584190294.0,55834.843
1062,145.2928,3717297057999530.5,54116.7579
1063,140.8856,0.2254,50601.9688
1064,135.9988,0.2414,43979.8081
1065,127.9504,0.2438,38011.0428
1066,119.8389,0.2297,32995.8262
1067,115.0708,0.2235,30775.4894
1068,110.6791,0.1916,29813.6481
1069,112.2469,0.2086,30639.8998
1070,107.9139,0.219,27457.8646
1071,107.9653,0.207,28402.7046
1072,104.285,0.2044,25350.5883
1073,98.45,0.1888,22019.0229
1074,89.6955,0.1587,19282.1181
1075,84.1235,0.1463,17200.8558
1076,79.3832,0.1575,14615.9237
1077,77.0259,0.1695,13026.7595
1078,65.5969,0.1672,9917.8048
1079,53.7881,0.1613,6311.4516
1080,59.8386,0.1239,8327.243
1081,61.9314,0.1307,8736.6432
1082,60.9544,0.1198,8588.3504
1083,59.3042,0.1268,8077.258
1084,65.9263,0.1492,10724.2842
1085,82.3998,9441548581557590.0,16236.0037
1086,86.55,0.2066,19081.891
1087,82.7455,0.1783,18120.1003
1088,79.4108,0.1794,15377.2697
1089,79.6261,0.1859,14166.8355
1090,82.2454,0.1689,15414.6891
1091,88.7757,0.1799,18136.7054
1092,93.3431,0.1771,20185.0432
1093,91.1218,0.1977,19240.5959
1094,101.7323,0.2422,23914.8881
1095,104.1228,1480477911285760.2,24936.586
1096,92.5036,0.1862,22348.3736
1097,88.6234,0.2186,19133.4191
1098,81.1325,0.1865,16846.0957
1099,73.3963,0.1461,15232.3273
1100,64.0614,0.1449,11569.3332
1101,50.0795,0.1365,7661.0806
1102,41.5322,0.1387,4942.9822
1103,36.8232,0.1199,4286.2629
1104,39.0535,0.1297,4159.2674
1105,34.0028,0.0937,3307.4412
1106,34.5196,0.1023,3254.4545
1107,48.9666,0.1529,5468.2679
1108,55.0693,0.1323,7441.6213
1109,61.0556,1.3741243920722602e+16,9118.5223
1110,54.1986,130259468244309.5,7759.9173
1111,50.4992,0.1301,7200.4407
1112,56.7699,0.156,8080.0293
1113,64.5045,0.1853,9499.4352
1114,71.227,0.1871,12471.9501
1115,66.6613,0.17,11324.066
1116,68.4804,0.1951,11413.2329
1117,75.2931,0.2263,13732.5127
1118,71.7688,0.247,12395.1832
1119,64.1724,669646425773397.5,10941.7918
1120,50.4087,0.1571,7908.1505
1121,50.3508,0.1557,7428.0357
1122,58.422,0.1679,9017.9436
1123,53.9954,0.1548,8348.1319
1124,52.5007,0.1689,7479.0144
1125,58.2909,0.2031,8202.1914
1126,61.4076,0.2121,8911.9064
1127,61.4167,3307444077155669.5,8861.589
1128,57.2002,3008072687550464.0,7980.136
1129,55.6391,0.1673,9433.1888
1130,53.0889,0.1645,9402.3637
1131,56.2264,0.1837,9670.018
1132,62.9969,1.3657933008426326e+16,8599.7346
1133,67.1337,1.607150992359424e+16,9850.4798
1134,61.0764,6755571955575467.0,8508.1502
1135,58.2523,582239993724928.1,8419.3584
1136,57.3795,5757119118704640.0,8237.6679
1137,61.6051,0.182,8978.2272
1138,66.6662,0.1747,11418.265
1139,76.5534,0.198,15775.3881
1140,62.7429,6661598786966869.0,12135.9136
1141,77.9514,6047908805738496.0,18328.8671
1142,88.336,8499012281827328.0,24027.7412
1143,98.0637,0.2035,28547.1621
1144,111.7557,0.2257,32123.7957
1145,120.8477,0.228,36948.1611
1146,122.7482,2252750791027370.5,38840.5805
1147,127.5451,0.2328,41681.8599
1148,142.4589,1.0669252814045184e+16,49866.1551
1149,155.8853,1.9518858265449812e+16,58178.6607
1150,148.8811,1.1622691172428458e+16,54660.4899
1151,136.3031,1.1001249491058688e+16,46563.4208
1152,114.9672,8653135751588523.0,34778.5717
1153,96.9783,4524906244298069.0,25833.7756
1154,94.6599,5441120121126912.0,22734.566
1155,96.5984,8890902277783552.0,23132.0244
1156,106.4428,1.6797282087206912e+16,27304.2551
1157,105.0575,1.3102023938058922e+16,27231.6676
1158,101.0268,8926543348061525.0,25291.9176
1159,106.3959,6549860917794133.0,27782.424
1160,102.4136,1.0034911198401878e+16,26477.4664
1161,94.646,0.2098,23500.2701
1162,92.089,0.1651,22703.6957
1163,101.0373,0.1801,27496.8528
1164,129.3192,1.0285371500440234e+16,41033.6018
1165,123.5857,4507331238122837.0,37564.9511
1166,108.805,0.2051,29343.0993
1167,103.1886,0.209,26699.8586
1168,101.4045,0.2001,27164.7016
1169,103.9155,0.1988,28591.9951
1170,109.6372,0.205,30593.7156
1171,113.3998,0.2096,32494.8999
1172,115.1629,0.2243,33379.9847
1173,120.0429,7547065708751531.0,32818.279
1174,109.7704,2759603102853802.5,28620.4237
1175,103.2813,4565595332804608.0,25375.1478
1176,93.3426,4598309740784299.0,21588.6076
1177,79.5862,732713143937706.8,16857.9992
1178,73.5965,0.1343,14501.5381
1179,73.4896,0.1407,14272.814
1180,83.9441,2059154424332288.0,18945.0662
1181,88.5022,1397308911867221.5,20251.0553
1182,87.4904,0.1831,19588.7251
1183,86.7358,0.1771,19545.224
1184,97.6831,0.2042,23049.0164
1185,100.6005,0.1895,25763.5315
1186,102.1258,0.2276,26376.3227
1187,97.5308,5561105401249792.0,23800.8436
1188,111.2579,7623707968492885.0,30925.9331
1189,97.4258,0.1776,24571.3809
1190,114.6214,0.2148,31912.5118
1191,117.2174,0.2377,31945.8227
1192,119.9257,0.2541,30472.8621
1193,114.1903,0.2476,27010.7199
1194,106.8143,0.221,24367.3718
1195,100.2987,0.1863,22858.2955
1196,98.5382,0.207,21460.7443
1197,111.8717,0.2308,27792.5891
1198,112.2809,0.1999,29134.852
1199,101.1574,0.1864,23472.3468
1200,95.5943,0.1806,21082.6456
1201,92.271,0.2188,18811.287
1202,86.5716,7864607673330347.0,15972.195
1203,82.6923,3833475565442389.5,15031.9454
1204,91.2965,1385465629026987.0,18948.9233
1205,96.6252,3814616721959594.5,21289.7768
1206,92.4066,0.1902,20145.5635
1207,85.5859,0.1569,18549.7639
1208,82.4656,0.1703,16840.367
1209,79.3457,0.2055,16126.4036
1210,71.4281,0.2488,12592.041
1211,67.448,3400751883747328.0,11256.3148
1212,74.876,1.0308261528644266e+16,14539.2126
1213,84.5987,4789849176058539.0,19147.5701
1214,88.4104,1497761754469717.8,21199.7581
1215,87.1284,3838314561929217.0,22166.4298
1216,79.0869,1022253308663125.8,20273.1952
1217,78.3671,2415232982974465.0,18709.9288
1218,75.7584,5704621017617750.0,17147.4339
1219,76.9818,9996061787553792.0,16846.4203
1220,73.466,9877017373704192.0,16266.6678
1221,77.3645,1.9858785957489324e+16,15673.6395
1222,74.0497,2.858918638116318e+16,13678.8046
1223,68.2131,1.9703283445312172e+16,12595.9868
1224,78.7502,1.2814507910889472e+16,17203.0987
1225,93.5321,1.2548636013494272e+16,23449.6034
1226,118.6777,1.740222250422545e+16,36626.5998
1227,126.3587,1.4205259526176768e+16,42015.1739
1228,125.5235,6980342626560684.0,41637.2173
1229,118.3231,3380279206303062.5,35974.9625
1230,119.0042,1.329,36464.3531
1231,124.1302,1.7492,39270.3523
1232,121.593,1.5761,37751.3648
1233,110.4631,1.5367,33156.0514
1234,105.1035,6466883581291180.0,29027.3945
1235,88.6772,2.3997638708472492e+16,21017.2637
1236,84.5527,3.054480023932109e+16,16841.805
1237,74.9372,2.95025226299037e+16,14547.529
1238,63.9842,2.4235327209428308e+16,11299.6554
1239,61.0734,1.470882703806737e+16,10058.9088
1240,64.6777,8419759397797888.0,10973.0147
1241,65.4487,8494090249306112.0,12224.1271
1242,72.6191,1.3951370900712106e+16,14574.5454
1243,74.8351,1.6106417986120362e+16,14981.1288
1244,77.0816,2.357425085402317e+16,15615.5152
1245,74.8572,2.0693016782744236e+16,14693.3482
1246,70.8299,1.4640980334477312e+16,13274.2067
1247,71.4438,1.4083856325236054e+16,14039.6402
1248,79.8414,1.89377724547072e+16,17981.7608
1249,84.9651,2.2294696031507796e+16,20492.5424
1250,89.2472,3.5693308533538816e+16,22114.5384
1251,87.1205,3.670501384991539e+16,20788.4689
1252,80.0376,1.3968585129634474e+16,16159.4407
1253,76.5978,5016628817996460.0,14258.903
1254,78.4181,1.6545,15060.0582
1255,78.0504,3235845540675585.5,16340.695
1256,80.8725,1.2209439539636906e+16,18436.992
1257,87.0548,1.655218405183761e+16,19245.6503
1258,88.5753,1.8375334676135936e+16,19895.8645
1259,83.7407,2.1086359551388332e+16,17329.54
1260,97.8348,1.4698229922092374e+16,22744.4992
1261,100.5768,1.339345035399441e+16,24443.3382
1262,115.8013,1.8448595364959572e+16,30227.6861
1263,117.4367,1.8325673400948056e+16,29871.6935
1264,120.7425,9061175540405590.0,31707.5063
1265,129.0395,1.1170182008056494e+16,36108.4191
1266,133.3857,2.146292367237666e+16,38192.5982
1267,136.1615,3.73703329171811e+16,40890.9142
1268,136.2893,4.3895741154503336e+16,39829.7424
1269,137.9238,3.4842760411698516e+16,39282.3306
1270,136.6658,1.5623307179764396e+16,40850.8723
1271,143.784,1.744300465035674e+16,45279.3721
1272,148.4751,2.4158048220785324e+16,49264.8984
1273,147.2105,3.0701754539922772e+16,49282.8767
1274,148.1811,4.386017238284151e+16,48492.7548
1275,149.5316,5.4030867540650664e+16,49042.896
1276,142.522,3.633803108513655e+16,44607.8581
1277,132.9157,1.9099118269890564e+16,38875.8562
1278,126.8396,4382270022483969.5,34418.1991
1279,123.7732,1.6042,33821.8415
1280,119.5656,1.3921,32188.0031
1281,94.3676,1.3117,22043.1351
1282,72.5553,1.5568452573287766e+16,11418.4948
1283,74.489,3.325756600798413e+16,12883.7372
1284,71.8228,1.8204608294464172e+16,12837.3518
1285,76.4949,1.2820620544136534e+16,13888.7566
1286,89.4077,1.3909258746374826e+16,21330.4848
1287,93.4987,1918732437116246.0,23817.2178
1288,87.1043,0.671,21621.0735
1289,89.8714,0.9947,22172.6585
1290,93.596,1.6468,23734.7369
1291,96.5987,5611272050922839.0,25011.066
1292,97.2088,0.8793,27820.7633
1293,114.8809,2.7419288471426388e+16,37431.6339
1294,129.7224,4.631871832142643e+16,45222.1393
1295,152.1525,8.859259714683973e+16,56612.9119
1296,163.335,1.1459584635402104e+17,63090.9203
1297,152.8614,1.002962251883916e+17,57294.1999
1298,147.1187,9.231825793782034e+16,53047.2569
1299,154.8207,1.0354072365651285e+17,57931.9142
1300,174.089,1.2398165556583902e+17,68979.3357
1301,157.9013,9.683899341096005e+16,59916.2816
1302,117.9152,3.761823556619469e+16,38362.0588
1303,105.9075,2.699768624963038e+16,32459.8574
1304,96.4742,2.6892116937758036e+16,30168.1688
1305,92.2105,3.58479817591139e+16,28221.4452
1306,83.3184,3.161921422570291e+16,21584.5603
1307,75.6098,2.3645381596981932e+16,17028.8168
1308,96.4729,1.7519124355743744e+16,27276.8234
1309,95.6502,181375685973334.62,27330.9119
1310,106.0238,1.8343,29554.5214
1311,118.8013,2.0366,34685.6168
1312,109.1548,1.7676,33097.0343
1313,94.2678,1.3747,25283.6593
1314,86.5712,0.7297,23756.22
1315,70.2407,0.4228,19744.9566
1316,66.7007,0.385,19188.6106
1317,72.0555,0.4535,20714.735
1318,82.2643,1.3017829694155434e+16,22729.9583
1319,83.5461,2.676300637326541e+16,21791.6011
1320,85.0413,2.6330651611365376e+16,23361.2879
1321,82.1341,2.426135972203725e+16,21850.531
1322,79.9974,2.13684658882915e+16,21114.0512
1323,75.0693,1.3939317790823766e+16,18953.7977
1324,73.5681,2.3946088005588308e+16,17920.461
1325,76.4097,2.1992139520999424e+16,18440.5947
1326,76.6331,1.3923397778713258e+16,18727.0486
1327,79.2588,2.310354677652958e+16,19624.4072
1328,83.9372,2.88061309059072e+16,21728.9068
1329,78.5104,1.6838005535451818e+16,20664.3555
1330,77.2931,1.4844519371505664e+16,20096.5746
1331,83.0689,2.354742878325965e+16,21073.4838
1332,64.4999,2.73048623106403e+16,9812.6383
1333,69.9276,2.316701064495104e+16,15327.0412
1334,88.076,4.232969514665028e+16,20205.3933
1335,84.395,2.9257964328757932e+16,18936.4005
1336,80.3011,1.4231104984012118e+16,19332.2425
1337,85.6229,1.757863542259712e+16,19518.2998
1338,94.0383,3.4457740573846188e+16,21673.7972
1339,101.9452,4.325277273913207e+16,23837.856
1340,104.1481,4.688932906484804e+16,24791.6289
1341,107.3103,5.563241503234458e+16,26172.7362
1342,112.7158,7.205377581200179e+16,27360.0046
1343,112.0247,7.256065174614835e+16,26380.4652
1344,107.466,6.702194245186355e+16,25469.5912
1345,102.5724,5.874801866860134e+16,24513.8259
1346,96.2353,4.236572920643584e+16,23171.7433
1347,96.2901,4.4328192821602984e+16,22184.0265
1348,99.0744,5.1962067693513384e+16,22824.7978
1349,96.0007,4.352895524239223e+16,21765.3291
1350,98.3151,4.637078191498854e+16,22255.6043
1351,101.8819,5.542265741954253e+16,23577.8779
1352,96.1285,4.603830992826095e+16,22019.6816
1353,87.1643,2.4680388721552044e+16,21488.3639
1354,93.7246,1.823491215204898e+16,22975.4078
1355,94.4686,1.7074868658896896e+16,25367.7624
1356,107.3176,1.6836549541538474e+16,30511.6102
1357,104.0582,1.4787951788905814e+16,26844.0636
1358,101.1435,1.951175725285376e+16,24805.3359
1359,93.479,1.3570490337591296e+16,21940.6399
1360,79.9167,0.3778,17254.6026
1361,82.0171,0.5984,20276.3794
1362,83.0805,678438715959979.0,20447.0522
1363,82.6455,7839126348191061.0,18676.4427
1364,84.3478,1.2189874531947862e+16,17831.6631
1365,82.0161,1.4297705610215424e+16,16716.1892
1366,91.9681,2.1672140119299412e+16,19657.4151
1367,100.7527,3.1822737335560876e+16,23143.9439
1368,94.6543,3.213452082273758e+16,21066.8736
1369,87.8072,2.6193198788728148e+16,19040.5461
1370,88.3099,1.8451470129736364e+16,19300.8094
1371,88.877,8323390353266005.0,21195.1666
1372,86.9435,1.4812883447709696e+16,21420.795
1373,92.0479,1.3516818994604714e+16,23217.5468
1374,93.9024,1.0874748387633834e+16,24698.8582
1375,101.491,1.9659470483925676e+16,25201.0248
1376,95.4445,2.691871325430306e+16,21875.7791
1377,81.6022,1.3321554033115136e+16,17263.2662
1378,70.5816,9415881141168810.0,14879.512
1379,70.1311,5879592616547669.0,14830.851
1380,65.7413,3196175791073963.5,13426.4911
1381,59.561,0.4913,10721.0237
1382,77.1877,1444931330288299.2,15163.4455
1383,77.9123,1.396516919897839e+16,14299.4915
1384,67.2132,6667654690854229.0,12289.0551
1385,62.0913,3942280329865898.5,9124.9143
1386,61.7035,1.408661512589585e+16,10004.9984
1387,62.7613,1.5213835019354112e+16,9862.886
1388,48.3134,6298777845497856.0,5789.9225
1389,44.3537,0.1268,5349.9611
1390,42.5347,0.121,5330.3668
1391,44.3896,7608159471053483.0,5438.5824
1392,50.4,1.528789027712751e+16,6621.6887
1393,49.6029,1.386589389324288e+16,6430.3402
1394,48.9062,1.090603078193425e+16,6811.6109
1395,46.6089,1333391387525120.2,5805.2946
1396,41.5643,4573448322591403.0,5215.8976
1397,44.6439,7079544202024277.0,5255.0096
1398,42.4936,0.1309,5030.283
1399,48.2206,0.2535,5809.9349
1400,57.8619,1.226975233371887e+16,8448.0966
1401,59.0617,650616365208917.6,8503.3797
1402,63.4991,0.3101,9838.9385
1403,51.4286,639999877141845.5,7360.6283
1404,60.6773,2401170007348565.5,10621.4407
1405,51.842,0.2424,9244.6548
1406,47.0019,0.2193,7062.6684
1407,44.1799,5664500654363989.0,6278.27
1408,41.1779,6658844281274368.0,6978.8128
1409,51.4284,6297636815852885.0,8267.735
1410,59.716,2.186936358587597e+16,9544.1764
1411,63.96,2.837147699432653e+16,10354.1426
1412,49.8986,1.4796683457418582e+16,7699.2955
1413,51.5101,7642356000664235.0,8346.9851
1414,49.0872,993161079248213.4,8220.967
1415,49.9188,8344500833353728.0,8727.0872
1416,44.5567,0.1704,7493.7822
1417,53.0608,984712699620010.8,9229.831
1418,54.9859,1.0768457968648192e+16,9310.8345
1419,53.2331,6331928550572032.0,9152.4789
1420,46.8297,6296051972920661.0,7468.0199
1421,48.5815,7367639154993835.0,8163.5076
1422,49.3743,6302364859017899.0,7950.2843
1423,50.0445,4490217583017984.0,7756.3841
1424,47.1192,874747667677184.1,6705.1056
1425,44.0107,0.1585,6867.0269
1426,37.0243,1597762014893397.2,4510.9866
1427,39.4471,5602474168330923.0,4652.264
1428,44.6009,1.3380845340808534e+16,6446.2975
1429,53.2747,1.2949113080730966e+16,8647.6614
1430,75.9707,2.1921787956690944e+16,13988.2524
1431,93.1448,3.877933881456503e+16,20948.3346
1432,96.7586,4.6029024208967e+16,20654.5262
1433,80.1361,2.866327528284706e+16,16839.2711
1434,89.6181,3.8709022683736744e+16,19742.9591
1435,97.6673,5.405621357432013e+16,21682.243
1436,98.5474,5.149678672805888e+16,21610.6525
1437,72.2647,2.64821405660829e+16,15615.0775
1438,62.5772,8615090931280555.0,13813.8699
1439,59.9443,7711238686157483.0,13489.9486
1440,64.1387,0.2153,13655.0043
1441,69.6058,0.2236,14590.4868
1442,67.4496,3625408738099200.0,15110.6079
1443,65.4989,0.2193,15484.59
1444,67.5595,0.2282,14375.8401
1445,85.0063,1.1425174932247894e+16,16271.1799
1446,84.844,5173493908548267.0,16159.0478
1447,82.0569,2120085872661845.5,15567.8954
1448,74.7171,8491018631861589.0,14048.1438
1449,64.9598,113635696661845.52,12061.3351
1450,73.2205,9795963556200448.0,14727.416
1451,85.1145,2.095882538529587e+16,18282.6614
1452,71.0533,9979251285557248.0,13872.9906
1453,73.3408,1191571298975744.0,15633.0258
1454,65.703,1416045080346624.2,12447.6055
1455,65.7643,0.1715,10767.9829
1456,67.5216,0.2852,12833.2555
1457,81.8491,0.6229,18559.8202
1458,93.7063,9025004757494444.0,21463.3248
1459,84.7749,6625504597639169.0,17821.712
1460,67.9403,0.7048,12623.0023
1461,64.8076,0.4548,10965.124
1462,66.9761,6309063576343893.0,11854.6905
1463,68.8292,1.4166119265512106e+16,11407.5932
1464,72.1608,1.6318085427713366e+16,11651.2184
1465,71.3152,1.8130543015100416e+16,12190.8764
1466,74.4837,2.3791604832316076e+16,11969.4329
1467,69.6557,1.9852091893044564e+16,11360.097
1468,71.362,3.0803563071056556e+16,11249.3087
1469,66.0051,1.6612548385527126e+16,10650.7605
1470,66.3267,3147416816932182.0,11973.5462
1471,67.8965,0.5637,12536.4393
1472,67.0233,1979848390082560.8,12350.8019
1473,69.8706,0.5748,12963.8902
1474,74.2024,518769459156310.0,13547.7846
1475,72.3973,8600978384573781.0,12771.414
1476,74.8335,5459475379694251.0,14056.3363
1477,83.3946,1.0544,17112.5007
1478,80.0597,1.1385,15864.2835
1479,71.9054,0.8038,13807.318
1480,62.6579,0.7019,10622.3295
1481,59.92,0.8766,8286.1406
1482,63.7168,5747811924574209.0,8595.0668
1483,62.3137,7919984118333440.0,8280.8841
1484,55.4752,0.2327,8118.0619
1485,57.6891,0.2516,9028.5401
1486,50.845,0.2097,7843.1009
1487,51.2323,0.2211,7204.6759
1488,54.5745,0.2524,7613.5442
1489,56.0835,49942332702720.28,7579.1104
1490,55.4903,1.1053473430066518e+16,7088.3262
1491,55.2525,2137831245873152.5,7209.03
1492,59.198,1437473030100309.5,8368.1002
1493,70.9978,1.1935081323735722e+16,11531.0826
1494,66.1138,6251478086494891.0,10691.2991
1495,71.0228,5681515883134976.0,12217.2287
1496,71.0676,1.161336894591249e+16,12584.1296
1497,62.9378,7042324015437141.0,10313.509
1498,69.4624,1.4645915788771328e+16,12367.1022
1499,60.5889,9186999470653440.0,8661.4562
1500,53.7936,3831356714909696.0,7319.7476
1501,55.6636,0.2464,8053.1073
1502,65.7958,2700643044513109.5,10198.6308
1503,72.3235,1.2228679561467222e+16,11466.9092
1504,65.1716,6200413072829099.0,10285.1792
1505,71.1999,4229890667358890.5,10928.651
1506,79.116,1.6840924681557334e+16,12481.5244
1507,79.2136,1.6930232799854592e+16,12511.1251
1508,54.9999,8219518716695893.0,6420.658
1509,29.9332,0.0849,3037.6518
1510,30.8166,0.0923,3277.8866
1511,31.548,71017955328000.14,3185.8283
1512,33.5855,7908435667102379.0,2866.251
1513,33.4172,7087565769277440.0,3470.2844
1514,35.298,6800269680224939.0,3805.2956
1515,38.3487,0.1399,4508.7526
1516,36.846,0.1407,3966.1348
1517,37.9851,3436149572545194.5,3917.4325
1518,40.0442,0.1529,4648.6896
1519,39.6046,0.1203,4654.0874
1520,31.9539,77871884271616.08,3394.0289
1521,26.8346,0.1144,2446.0686
1522,28.8944,81844712243200.08,3198.2364
1523,31.0734,835159969846613.4,3116.8469
1524,39.1989,6368886028326229.0,4269.0909
1525,37.1015,1420190618572117.2,4304.8418
1526,44.5356,779016873181184.1,6017.242
1527,48.7733,0.1429,7174.3311
1528,44.772,0.1249,5803.0353
1529,45.9068,0.246,5163.5278
1530,51.1955,9155544561833302.0,5633.0493
1531,48.1933,7075511943561216.0,5574.9145
1532,47.1052,0.1034,6643.9655
1533,57.8008,0.1766,8120.8766
1534,51.4132,0.1411,6558.8045
1535,53.8906,0.1763,7279.6825
1536,57.2037,3367845633895082.5,7694.9769
1537,51.372,4011659441995776.0,6675.5315
1538,53.1673,6848162860542635.0,6854.9985
1539,58.1848,3795802617719466.5,7305.389
1540,73.5963,1.6578258798291626e+16,11207.7401
1541,86.6506,1.8617441982611456e+16,15328.912
1542,88.4716,1.641083667812625e+16,15892.0745
1543,92.333,1.527582714564881e+16,18005.5871
1544,91.8926,2.014590058417357e+16,17373.0346
1545,79.8736,1.0812852898103296e+16,14334.7014
1546,71.009,1.4403809913951574e+16,12533.521
1547,80.8666,2.0920068081363628e+16,14665.4762
1548,63.2594,1.3998639879116118e+16,9269.7735
1549,45.8288,2229958294372352.0,5833.1664
1550,36.7321,0.124,3620.6871
1551,31.388,4825732554074795.0,2909.8241
1552,32.8232,670479112557909.4,2906.2994
1553,45.5004,1247810585012907.0,4530.3112
1554,54.6618,1.4277902947669334e+16,5871.4476
1555,52.4029,1.397002251202287e+16,5520.0625
1556,39.0283,6680919697347925.0,3741.061
1557,32.5501,0.0998,3335.7383
1558,33.6639,0.125,3396.7025
1559,36.2275,1550459750492842.8,3263.175
1560,36.215,0.1204,3755.0951
1561,37.3452,0.1415,3784.7506
1562,43.6096,8234434422287019.0,4675.0046
1563,40.4573,639242352285013.4,4475.5094
1564,32.9376,0.1216,3099.9564
1565,34.5783,5744259628706475.0,3747.8329
1566,32.3467,0.1147,3405.3227
1567,31.1179,0.1136,3153.8196
1568,35.6144,5104989180177067.0,3708.4002
1569,39.4709,0.1158,4414.619
1570,41.6872,1528389882085376.0,5239.0341
1571,47.4132,5310231708609195.0,6804.5855
1572,58.1882,4419450838537557.5,11827.1434
1573,75.613,0.1677,15967.6737
1574,73.7149,0.2161,15568.7471
1575,76.1765,9233130282724010.0,15854.1032
1576,81.0272,9410083651147094.0,16755.4623
1577,88.1479,7635956499393195.0,19514.1339
1578,101.8182,2.2701947291172864e+16,24998.1693
1579,104.9807,3.0022211883149996e+16,27344.2763
1580,83.5292,1.6749835583488e+16,19296.2676
1581,72.4211,9665191107799722.0,15558.9307
1582,69.8947,4114011733884928.0,14445.8614
1583,78.4863,1.202925563997935e+16,16304.3888
1584,78.4967,3032685355554133.5,16487.8172
1585,61.736,1791207162948266.8,12026.372
1586,66.8106,1.1101257804546048e+16,11528.6226
1587,70.7149,6975017582941525.0,12439.0087
1588,75.4945,6059664131227648.0,14673.457
1589,66.2947,4980567198837419.0,14070.5857
1590,56.6056,0.0932,11837.695
1591,57.4061,0.1214,10812.1244
1592,56.2607,518004954977621.4,9750.4604
1593,55.2662,0.1248,9043.0811
1594,55.7363,0.108,10236.5761
1595,58.3991,0.1123,11195.7063
1596,57.9637,3353889853494613.5,9722.1404
1597,74.1462,6538667517192875.0,13151.4653
1598,85.9567,1.4856260380437162e+16,16796.4331
1599,88.3625,2.4999217923620864e+16,17313.8382
1600,79.5736,1.6433804731569494e+16,14389.6722
1601,73.6734,8003562750257835.0,13479.4353
1602,82.7746,1.5924046516453376e+16,15774.5236
1603,90.2308,2.1375488472995156e+16,18565.1811
1604,81.0314,1.819298754461696e+16,14652.4631
1605,68.4913,9820603783577600.0,11051.7399
1606,64.8104,3000912440197120.0,10532.3827
1607,63.8344,5986969662259200.0,10355.6588
1608,50.3354,0.1624,6991.0731
1609,40.8782,0.1338,6036.8561
1610,36.8887,0.1036,5864.5909
1611,42.0733,0.1214,7081.5951
1612,39.8932,0.1051,6029.0121
1613,48.5182,1.039820959706863e+16,6662.3725
1614,43.0112,15924732100608.172,6150.3215
1615,44.8467,0.2659,6560.5838
1616,47.4313,0.3389,7877.2155
1617,44.1148,0.3084,6877.4834
1618,43.8626,0.2633,6709.3987
1619,41.209,0.2593,5377.1783
1620,53.0648,5312615057544533.0,7474.506
1621,70.1316,9804310109312342.0,12419.6503
1622,74.0382,8712918833037312.0,14058.8844
1623,70.9042,6977407016413867.0,13019.8287
1624,62.6371,0.305,9712.9506
1625,56.1901,0.3141,7384.6724
1626,53.7165,8088655358154069.0,6522.113
1627,57.1836,8501823337922562.0,7666.2334
1628,59.6816,694019470393344.6,8588.9808
1629,67.6031,0.4531,11485.8138
1630,68.5283,0.5201,11521.5829
1631,70.0656,2471665810975403.5,11896.8068
1632,72.7758,6524266491849387.0,12691.1484
1633,69.2013,5365246302617600.0,10742.5278
1634,71.0094,8940884959690752.0,11586.5316
1635,75.7018,8678657878917120.0,13463.7287
1636,92.5992,2.1912824186579628e+16,19032.577
1637,95.9191,1.7798496230135126e+16,20294.0761
1638,89.5766,1.3175994728142166e+16,18092.7304
1639,85.7772,9715362052440064.0,17832.7116
1640,74.0675,1.14392695832576e+16,14451.2122
1641,70.9079,1536896780642986.8,13885.252
1642,84.4233,2899154822321493.5,17751.9876
1643,108.2359,9028365569403562.0,26775.985
1644,100.7786,6395728142270464.0,23885.7857
1645,89.0931,0.4784,18656.415
1646,81.4529,0.5976,16049.6725
1647,64.8435,0.3812,10734.1246
1648,55.0203,0.4289,7817.39
1649,67.1055,0.8564,10381.4983
1650,82.6312,1.1368137050729132e+16,14632.814
1651,76.4487,1.150067974148369e+16,13131.4575
1652,52.0076,1176245334529365.2,7627.0182
1653,48.0553,0.1397,5612.3405
1654,42.1469,0.1044,4741.2071
1655,42.1955,0.1036,5188.3414
1656,43.1617,0.0858,5774.3984
1657,49.0466,0.1633,6743.5322
1658,60.2773,9831774277686614.0,8515.5872
1659,57.7278,3979783626380629.5,8163.175
1660,59.3887,3017006935354026.5,9015.6588
1661,62.8102,4906201629676885.0,10855.7421
1662,60.2399,0.1629,10875.9583
1663,60.1559,0.1432,10793.9059
1664,52.3113,0.103,8600.732
1665,51.9633,0.1456,6916.9168
1666,52.9303,0.129,7392.2002
1667,62.1697,3233360544180906.5,12643.1545
1668,66.11,7214812765356032.0,13223.72
1669,62.2313,0.2692,13999.6954
1670,67.6094,0.3336,16036.7556
1671,73.2628,0.333,17595.7419
1672,83.9561,0.402,21984.2993
1673,96.844,0.52,24604.9837
1674,108.2561,7059387204676267.0,26431.4123
1675,99.2147,5956903101617494.0,23388.9913
1676,90.8451,0.548,22555.8297
1677,88.9491,0.4823,23140.0338
1678,92.7808,0.5035,24886.744
1679,93.55,0.5112,24179.0233
1680,93.8244,0.5425,24313.0845
1681,99.3845,43077263687680.63,25962.4344
1682,105.2244,519935005906261.94,29020.1625
1683,100.7651,0.5845,25898.6163
1684,90.2056,5493163671508309.0,21413.9122
1685,88.5582,1.1096204059694422e+16,20300.525
1686,89.2621,4164339086917632.0,21539.9846
1687,86.5457,0.4836,19859.7863
1688,83.6372,3110965071577088.0,19503.4029
1689,88.3702,0.4826,21760.8991
1690,99.9793,0.5422,25931.2105
1691,84.1964,5282045985729195.0,17734.5521
1692,63.934,1.245392625799441e+16,12712.5939
1693,63.4109,5373038804948309.0,11888.7275
1694,52.7254,7142415364958891.0,8787.2113
1695,66.2243,515807587074048.3,13992.4832
1696,69.7126,0.4661,15854.5843
1697,81.4813,0.8681,20301.7506
1698,88.9113,1.1235,22310.3641
1699,86.7963,335348183160150.56,20776.2182
1700,69.2981,4821768299260587.0,13360.7737
1701,66.5082,1.8120159215834452e+16,11008.2469
1702,69.0484,2.076450042884915e+16,12330.4206
1703,72.4499,2.3816475914185388e+16,13081.2865
1704,73.8821,2.166090332163277e+16,13470.8618
1705,73.4512,2.4755809421011628e+16,13255.241
1706,71.3895,2.5966623560389972e+16,12315.4878
1707,73.2498,2.315901493698014e+16,13173.4252
1708,70.7287,3.0325955907376468e+16,12755.2246
1709,71.5127,1.758529262190592e+16,13401.8431
1710,72.9342,8252429619429376.0,15380.2257
1711,74.0388,5460539815755777.0,15544.1132
1712,70.5277,1.2438870965966166e+16,13995.0973
1713,73.7098,2471615703023617.0,14825.2756
1714,84.9491,0.9205,20450.8424
1715,93.0068,1.067,24089.9715
1716,108.7885,5855493912963755.0,30342.8759
1717,111.4615,1793320286857899.8,31416.7913
1718,114.5294,851714205461163.6,32225.2397
1719,102.187,0.7812,26226.4133
1720,102.6545,0.8793,24818.2426
1721,105.0843,0.8077,23321.6002
1722,103.5812,4704465226214059.0,24080.7169
1723,101.6988,7971022646367573.0,24345.9735
1724,96.4982,4582601255813120.0,22095.6878
1725,90.8728,0.1633,19523.734
1726,88.0496,0.1587,18308.1558
1727,90.1827,1229589544173568.2,19333.4048
1728,93.0871,0.1657,21746.758
1729,95.6801,3626002159413930.5,22054.223
1730,95.8551,1.305875930083055e+16,21642.8715
1731,92.5664,4915137309136213.0,21341.054
1732,94.1297,850692092723200.0,22059.6081
1733,94.3927,2571500357244245.5,22003.4145
1734,91.6669,0.1535,20878.1256
1735,94.4824,0.179,20957.1371
1736,100.1957,7621832499440299.0,22252.7603
1737,94.4762,677447249603242.9,19505.2071
1738,84.6597,0.158,16901.6971
1739,86.7601,0.1429,19863.4805
1740,86.7252,0.1335,21573.013
1741,93.4106,0.1597,25010.494
1742,112.2947,5311535947011413.0,32388.4186
1743,123.3264,1.776821241573103e+16,36549.4197
1744,117.4274,1.297109901831919e+16,35222.0529
1745,121.0649,7812667917991936.0,36473.9204
1746,137.6872,1.621622884663296e+16,42037.2915
1747,152.879,2.6160912266865324e+16,49247.8168
1748,148.4034,2.8348916962776404e+16,47094.2906
1749,133.7723,1.7343733460631556e+16,39187.7573
1750,132.6644,1.3331402393124866e+16,38710.656
1751,135.1238,1.5863066570784772e+16,39220.2227
1752,132.2597,8970707780938411.0,38668.5831
1753,117.1669,5474447635688108.0,32780.7559
1754,109.4784,1.0582045650583554e+16,27693.6956
1755,104.6765,3919177342866774.5,25051.4894
1756,112.6797,2052315941612204.5,27494.8094
1757,116.3089,7295455787133612.0,28773.8159
1758,115.4776,6583921440107180.0,29173.4008
1759,113.2549,1.6515,28721.2975
1760,96.1648,0.9162,23283.5908
1761,78.0829,0.6108,17690.8594
1762,82.3205,0.9797,17945.5433
1763,96.2719,1.3513,22641.9561
1764,106.9308,5718910373811543.0,25827.1572
1765,122.4755,8861681467785218.0,31834.1101
1766,139.4895,1.831700186197743e+16,39381.4711
1767,147.3371,2.914722289199787e+16,42352.8507
1768,143.8951,2.2649938100529836e+16,40234.683
1769,132.2619,8529085642833922.0,35514.1022
1770,128.6373,1.3016840420021592e+16,33337.1256
1771,131.3163,1.863658465184973e+16,34193.0178
1772,128.4687,2.1414829791816364e+16,33036.9016
1773,111.8481,1.1060779885264896e+16,26670.3612
1774,105.8087,5085757390367403.0,24700.9584
1775,108.0535,9794555522755242.0,25224.3867
1776,99.4408,0.2689,23352.1172
1777,83.6807,0.2032,18990.0868
1778,79.236,4247892306952192.0,16582.1768
1779,81.3228,0.2086,16904.5338
1780,85.3226,0.2173,19470.1161
1781,79.4484,0.1693,18430.8965
1782,77.5508,0.1794,17541.0839
1783,77.2615,0.1922,16849.2106
1784,71.7026,0.1692,15872.5012
1785,78.1929,0.1905,16616.5404
1786,92.4551,0.1964,21946.392
1787,103.95,0.2317,26282.1655
1788,117.9644,3409538671007061.5,32599.3428
1789,128.6402,3768868519892309.5,36764.4473
1790,140.7107,7761514857496576.0,41384.6012
1791,154.1483,2.154239058894302e+16,47483.6495
1792,135.8459,1.0336141593018368e+16,39829.7454
1793,129.9444,2859851218681856.0,37264.5365
1794,126.9104,1.0775846028225194e+16,36713.32
1795,128.9171,1.488034083041007e+16,38281.0496
1796,125.8957,1.437787260645103e+16,36299.9006
1797,115.1494,2130730770148010.8,30974.5048
1798,109.208,0.181,28771.2403
1799,108.1558,0.1739,29407.8353
1800,110.7184,1047793331688789.4,31533.4044
1801,105.1683,2142025460394666.8,28587.3817
1802,102.4315,1281840684640938.8,26182.1519
1803,107.1405,0.1763,28868.875
1804,112.3106,0.1737,32091.1901
1805,120.3196,6054916044881920.0,34529.6987
1806,113.6688,0.2046,31276.4849
1807,112.782,0.1949,30934.1984
1808,110.6441,0.1952,29914.0361
1809,105.6983,0.192,26454.4341
1810,100.1286,0.1714,24587.8803
1811,96.8066,0.1634,23232.409
1812,96.7156,0.1572,24378.9321
1813,97.4613,0.1697,24664.8952
1814,93.3366,0.2037,22066.7934
1815,91.9701,9406864573158742.0,20552.478
1816,85.8717,4656887010164736.0,18869.0396
1817,85.9902,0.2199,18509.921
1818,88.1409,0.227,18895.7377
1819,86.5484,2513127635681280.0,18512.7507
1820,79.7562,112974249328640.23,16668.2736
1821,72.9091,0.1859,13878.9299
1822,69.3256,0.1791,12296.8475
1823,68.9342,0.1755,12556.8386
1824,61.5083,0.1611,11756.4691
1825,54.7262,0.1342,9583.4194
1826,55.7522,0.1417,9844.6876
1827,59.709,0.1496,10461.4125
1828,69.1946,0.1626,13311.0416
1829,69.8818,4431845398325930.5,13093.5358
1830,68.5009,0.1802,12801.3354
1831,73.3798,0.1929,13588.7771
1832,76.3658,0.2,14732.288
1833,72.9534,0.1894,13734.5464
1834,82.1645,0.2077,17164.5006
1835,98.1744,1311517834914474.8,23605.5818
1836,95.4264,6212500542455808.0,22659.68
1837,89.3357,4976442598577493.0,19898.4001
1838,81.7039,3192736238097749.5,17215.7149
1839,76.5197,4577927257653248.0,14419.0075
1840,62.7889,0.1767,10674.0713
1841,62.6535,0.1788,11354.9062
1842,78.7955,4979412210548736.0,15425.7934
1843,79.9312,8242960648197461.0,15545.6175
1844,68.1564,5842223895674880.0,12013.5487
1845,57.9786,0.189,10272.9238
1846,54.6312,0.1573,9966.4965
1847,60.7546,0.1816,10974.2957
1848,57.4791,0.1843,9783.5041
1849,61.29,0.2267,10693.7127
1850,67.3683,7371069402207573.0,11630.0303
1851,59.3963,0.1822,11121.5801
1852,51.3599,0.1478,9270.5838
1853,51.7315,7687496106945195.0,7902.9754
1854,49.5364,1959255811467946.8,7602.4422
1855,50.3821,0.1642,8233.0516
1856,49.2666,4382916415062016.0,7248.7803
1857,49.3505,0.1648,8056.9931
1858,48.8617,0.1152,9128.1568
1859,47.3471,0.1266,8689.3617
1860,40.4756,9738977930117120.0,4595.1141
1861,55.9487,8111941239177216.0,8405.1245
1862,60.8807,1.2861205121772202e+16,8453.6822
1863,54.9799,4209056138919936.0,7531.8707
1864,45.1611,0.1717,6746.2393
1865,43.0199,0.1276,6992.2954
1866,47.3218,0.1404,7708.5804
1867,44.0821,0.1345,6851.9326
1868,52.3102,1.1300676715238742e+16,7187.515
1869,61.5818,1.968672849386974e+16,8952.4412
1870,58.0732,1.5423720049519274e+16,8260.3128
1871,55.865,1.5142153446839638e+16,7796.5104
1872,48.9891,1.3990645513322496e+16,6837.5387
1873,46.4192,1.1286628593041408e+16,7300.8285
1874,44.3779,1.2692481626516138e+16,6743.4005
1875,50.1174,1.022822552891119e+16,7543.1533
1876,52.5992,1.6831328292962304e+16,7565.2413
1877,52.2742,1.581082402025199e+16,6974.2624
1878,49.8025,8749976526695083.0,7398.354
1879,51.001,6901925829498197.0,7245.9293
1880,58.769,1.4842595226157056e+16,8759.7609
1881,46.1117,4463758436990976.0,6854.3639
1882,42.055,2741522901150379.0,6473.7378
1883,55.2906,3910733795076778.5,10828.7741
1884,70.1567,7347822175890091.0,16177.4467
1885,66.586,6404588659802112.0,15024.5866
1886,75.1488,5398150047072256.0,17113.9999
1887,84.0235,0.5385,21157.2051
1888,86.5767,0.4808,22962.7418
1889,99.7693,0.5215,27703.8979
1890,114.0373,5364084513964033.0,31838.0407
1891,105.5221,3617532125992278.5,27390.5361
1892,90.4999,1.0251,22074.4136
1893,86.5742,0.7938,20900.7645
1894,91.4084,1.0215,22857.0581
1895,93.8631,0.9212,24459.5103
1896,98.549,1.2422,25642.6053
1897,101.4525,1.6243,26630.8201
1898,106.1838,3596199023433046.5,28233.4248
1899,104.674,1.434,27835.5065
1900,100.747,2704275334146731.5,26325.6595
1901,101.1082,8437950015952213.0,26048.519
1902,100.5263,1.0625,26037.4804
1903,104.1374,1.0183,28329.1051
1904,103.5825,287922102905515.6,27183.9413
1905,96.3836,0.8498,24020.137
1906,104.3342,1.2897,27965.3125
1907,110.5986,1.5875,31909.0084
1908,121.4968,2815051488559105.5,36498.8648
1909,117.9996,1528086371063127.2,37271.2464
1910,108.8292,2665518265095511.5,31088.4851
1911,86.4015,1.096523117948655e+16,19589.1526
1912,76.4648,4619170754854913.0,15768.9555
1913,76.8408,6341824155222017.0,15787.9971
1914,79.7136,2.0935508846706692e+16,16675.6944
1915,89.2201,3.385848919892514e+16,20799.5789
1916,81.8652,3.284668008750558e+16,18520.2361
1917,69.5004,1.753026317446895e+16,12936.57
1918,64.1244,9845203208765440.0,11811.9184
1919,68.7439,1.4839147799074134e+16,13252.5334
1920,65.3053,5351229318933163.0,12346.6119
1921,60.5672,4327071102795776.0,10331.8134
1922,58.5898,1.2471247861099178e+16,9592.594
1923,59.1687,6749843185030485.0,9964.6058
1924,61.6306,4927767376297984.0,11588.6788
1925,58.8311,3618537506253482.5,11106.7831
1926,56.481,0.2362,10282.1016
1927,54.5799,0.2044,10384.2193
1928,56.7019,888363608790358.0,11627.9081
1929,68.3759,0.9223,13490.4997
1930,56.7919,0.8488,11337.2801
1931,57.593,0.6529,11032.5309
1932,64.6706,7650673920660821.0,11658.0949
1933,92.001,1.2081800269878614e+16,21186.4344
1934,110.7808,2.0566677098506924e+16,28448.5456
1935,121.4431,3.5829551428097364e+16,32225.6581
1936,118.1862,4.25408951526359e+16,30682.1431
1937,112.5725,2.8388750279049216e+16,27984.2232
1938,117.5105,4.0083895402277544e+16,31083.6633
1939,125.6632,5.5541556430853464e+16,34366.3229
1940,130.626,5.973341167314534e+16,37165.3763
1941,113.6489,4.12280396143657e+16,28639.5329
1942,101.7958,2.5298620451738964e+16,24095.6444
1943,98.9492,2.0276993007637844e+16,23535.7532
1944,100.131,1.1341413048385536e+16,23610.453
1945,93.9188,6895440428881237.0,20980.4735
1946,92.7299,1.488515692040465e+16,20537.0788
1947,93.2611,1.076919312388369e+16,20254.7371
1948,96.725,8515510682867029.0,22243.746
1949,94.7136,5869393142961494.0,22575.0558
1950,91.6471,0.8968,22111.4349
1951,93.414,0.8586,23539.4552
1952,90.3228,1935766993240064.0,23395.4192
1953,93.759,0.1906,26439.9227
1954,105.9692,8718178736319147.0,30631.6217
1955,99.1691,1403249321399637.5,24996.2788
1956,108.1737,9720314149732352.0,26034.3672
1957,116.9039,1.2878080048278186e+16,27372.0204
1958,105.5402,1.3214582145985194e+16,22216.3067
1959,119.5975,3.113319572648755e+16,27899.1948
1960,125.9407,3.499994118234658e+16,29419.124
1961,122.8365,1.801808439672832e+16,28787.2179
1962,141.6776,3.2929596041767596e+16,37434.5723
1963,155.7472,4.949254023938048e+16,44512.7128
1964,153.0192,4.958185265264503e+16,42660.1876
1965,125.7595,2.628868736496435e+16,29252.9718
1966,103.8743,5484486763828566.0,21671.8556
1967,97.5316,6383859715975851.0,19764.8045
1968,88.8169,0.728,16643.4131
1969,83.5568,0.8026,15403.6607
1970,90.892,1.0673440407158784e+16,17318.0733
1971,87.4462,3759544503806635.0,16850.2214
1972,82.1595,1475817155941718.2,14772.7302
1973,73.5287,4337282521759744.0,11771.666
1974,67.9112,0.4668,11038.0025
1975,58.1309,0.2099,9051.4866
1976,49.6643,1.5497481817860778e+16,6458.5438
1977,48.0979,9655652701263190.0,6330.5525
1978,50.9904,1.1386595388511574e+16,6591.4295
1979,55.9103,1.0594129541070848e+16,8172.6804
1980,70.1392,1.0919014468070058e+16,13575.8902
1981,71.4975,6757330744683179.0,15565.5074
1982,68.5479,9794463896786262.0,14418.0171
1983,62.4045,1.0853192662603094e+16,13243.2741
1984,54.6138,0.1765,11546.3673
1985,61.4205,0.35,12789.393
1986,68.338,663257572442112.9,14520.2289
1987,63.07,3901590167617537.0,13136.0989
1988,66.3029,1.9557677611526828e+16,14202.7501
1989,72.0075,2.6389822391539028e+16,15664.1387
1990,85.9977,4.423688754351309e+16,20026.8195
1991,91.4602,5.205976245128397e+16,21978.2406
1992,88.7155,5.3853485391325864e+16,20200.5792
1993,92.69,6.082622592577263e+16,21815.469
1994,96.8632,5.812012308304145e+16,24435.673
1995,111.9767,7.895416547486379e+16,28882.2542
1996,116.2911,7.734649837060096e+16,31591.6213
1997,128.6019,8.854059654613128e+16,38065.983
1998,144.7383,1.0920302671927706e+17,45253.7082
1999,148.3518,1.1316961942734984e+17,48112.5882
2000,142.0807,1.1092988990342213e+17,43713.1048
2001,126.6942,9.386349876617762e+16,35351.4685
2002,119.0488,9.14426826836323e+16,31080.1733
2003,110.5725,7.55257572229557e+16,27502.8369
2004,89.0619,5.396174576864461e+16,19429.4583
2005,71.6435,2.8935334975417004e+16,11789.5384
2006,77.4259,3.2546922866671616e+16,15406.7751
2007,82.4012,2.8562480274516652e+16,16449.4029
2008,87.4948,1.814262046313677e+16,16522.5162
2009,96.4092,2.674757401889997e+16,19144.8919
2010,121.7626,4.510077654960265e+16,28327.6902
2011,128.4688,5.029766120795887e+16,32300.0599
2012,128.5508,5.145857368819849e+16,32120.7164
2013,127.8228,5.675628485131196e+16,31699.2276
2014,132.723,6.3156427504134824e+16,33383.2977
2015,126.9958,5.9835471459865944e+16,30925.2659
2016,112.344,5.2121826160366936e+16,23972.2516
2017,99.1894,4.093043274049126e+16,18977.4618
2018,89.1757,2.4309125484991828e+16,15739.4031
2019,85.5013,1.4813960679194624e+16,14776.2019
2020,81.0927,1.96071461500573e+16,13722.5026
2021,74.5847,1.5377272841524566e+16,12375.1796
2022,65.1425,6159475592047275.0,10969.8807
2023,68.6642,3835801648147114.5,11521.9659
2024,70.218,1.3760534050504704e+16,10486.6522
2025,62.0938,2707297738424320.0,8753.2577
2026,58.7802,1192998570295296.0,8686.5548
2027,59.0205,131958329136469.42,10699.1518
2028,66.5608,400855963882837.44,14321.4227
2029,74.9742,0.1433,18622.3469
2030,80.1655,0.2041,19678.3157
2031,78.506,8257663037079552.0,18435.4643
2032,67.931,2109492335826261.2,15533.1484
2033,89.3671,1942516534345728.5,21202.8976
2034,102.197,1.4662213758003882e+16,26011.6349
2035,105.1399,1.6700195783136598e+16,27972.973
2036,83.3419,9726891892146176.0,19876.792
2037,72.4462,0.2244,15723.3843
2038,66.434,0.1946,13747.5749
2039,67.9105,0.2304,13917.2889
2040,70.5946,6072642090740395.0,13476.1798
2041,62.8725,6630649968459776.0,11426.7851
2042,61.5305,4744681868318037.0,11066.3633
2043,69.5914,0.2344,13796.4961
2044,76.0612,1.0838563288165034e+16,16069.3315
2045,86.2809,1.5876645825718954e+16,18517.2801
2046,89.5799,1.492730916110336e+16,19416.2123
2047,93.0561,1.3461035959364266e+16,20588.1721
2048,91.2453,2.1964823528996864e+16,19735.7802
2049,85.5662,1.2847541399147862e+16,17514.0846
2050,80.976,1.1734187807604736e+16,15993.0369
2051,76.7888,8785316949262336.0,16383.1791
2052,75.7792,5544481014502741.0,17621.8208
2053,61.9927,0.2183,13954.9312
2054,69.8103,0.2576,15695.478
2055,76.0604,3716914090082304.0,17026.0825
2056,78.3904,0.224,17654.9479
2057,80.6611,0.1988,16549.3894
2058,90.7456,1.231192891256559e+16,19609.6267
2059,93.3744,1.3727587356377088e+16,21261.0064
2060,80.509,6539961018176853.0,16783.0865
2061,76.0121,0.1362,15279.7875
2062,75.2309,0.1435,14396.39
2063,75.7895,2134341584945152.0,15086.1151
2064,74.9407,0.1325,15673.2804
2065,75.9452,51238758514688.16,14848.1078
2066,73.5776,6560272634347520.0,13457.9545
2067,75.7743,1003684196515840.2,15366.9873
2068,78.8133,169757978394624.16,17057.8865
2069,79.3028,3133619995060906.5,16545.7277
2070,78.127,0.1462,16502.0126
2071,83.6462,0.1626,18754.9785
2072,93.6167,1.2055741271638016e+16,20519.9959
2073,87.4149,2279740365515434.5,18127.8816
2074,70.8781,986424065130496.2,14196.5469
2075,54.0426,0.1074,9876.2719
2076,49.2092,0.1206,7593.2394
2077,48.0058,818071189760682.6,6901.9691
2078,60.956,8138773331531093.0,8350.8647
2079,68.5441,2.5400410818740224e+16,9724.6007
2080,74.181,3.039507338441523e+16,11363.8738
2081,80.1867,2.34791201917283e+16,12526.196
2082,85.2546,3.1343772246387372e+16,14711.9837
2083,87.222,4.420221713584401e+16,14622.5261
2084,76.1464,3.283532061483554e+16,11156.3066
2085,67.0061,1.5899718032119126e+16,10524.8496
2086,63.9635,7378423817874091.0,10219.4321
2087,62.4577,1.2094464696778752e+16,10087.8272
2088,59.9312,2810493812430165.5,9534.5956
2089,59.1764,5325945562289493.0,10410.2472
2090,64.7144,1.35810087124992e+16,11513.0205
2091,72.0927,1.1072452174719658e+16,13965.0136
2092,80.3528,1.6982020083853994e+16,15256.2746
2093,92.4066,2.857231861293602e+16,17450.851
2094,99.5864,4.571750879933235e+16,19592.759
2095,100.1168,4.8974325233658536e+16,19741.2097
2096,93.0574,3.2756927082179244e+16,17526.7776
2097,77.8714,7835517144006656.0,14226.1536
2098,80.1734,7133232724880043.0,16280.535
2099,96.4903,1.1133405634756608e+16,23076.9019
2100,106.3853,1.817567309979102e+16,31163.1858
2101,110.853,1.589614640889856e+16,31507.2589
2102,127.9827,2.574091206787072e+16,38017.642
2103,136.7203,4.320639675601169e+16,42650.6341
2104,138.2672,5.0010284230355624e+16,41505.4998
2105,135.3077,3.747049799697476e+16,40304.4251
2106,142.5244,4.0827882164278616e+16,44645.9506
2107,145.1962,5.4047423207920984e+16,47130.7607
2108,141.2658,4.527271053291247e+16,43832.2894
2109,109.728,1.9119242160198996e+16,28817.9669
2110,100.1537,6107478570478251.0,25057.7704
2111,98.3764,1.0109554866694826e+16,24402.5667
2112,94.4981,0.2282,24570.243
2113,88.4251,2307275937721002.5,21175.2758
2114,97.2983,1.3684639115072854e+16,24035.8477
2115,100.4807,1.253964977869073e+16,25732.5704
2116,107.7275,1.3218396076944042e+16,29189.9939
2117,106.2261,1.3911641021568342e+16,28716.3445
2118,107.9231,1.4148501309663914e+16,29379.5336
2119,111.5501,1.3504027150341462e+16,31649.2792
2120,98.7188,1808534850590037.2,28326.8053
2121,97.0654,0.2075,26394.0201
2122,97.5191,1910964988761429.2,26652.4365
2123,105.085,8954534365757440.0,29049.9543
2124,101.8268,9619771828644522.0,28974.7363
2125,130.2357,1.3262681484733098e+16,41578.429
2126,145.3489,1.8870170743209984e+16,49161.4725
2127,147.0005,3.1818351816037716e+16,47883.0093
2128,131.6217,1.7915362827130198e+16,39840.3423
2129,128.7855,1.1013039176286208e+16,37502.248
2130,138.0185,2.1673206702844588e+16,41486.512
2131,143.4926,2.780274028830174e+16,44550.9787
2132,129.1262,1.7445203673612288e+16,37477.9481
2133,114.1842,2130629838416554.8,30626.0891
2134,105.8562,0.1613,28242.9807
2135,112.2361,502575956055381.6,31157.3748
2136,116.8659,8970358456931669.0,33102.1241
2137,108.941,9293743008688810.0,29498.3169
2138,109.8876,8552435948366507.0,28227.6126
2139,116.1655,1659619923460096.0,32668.2303
2140,122.7114,1.1229663010138794e+16,36624.3858
2141,130.3543,1.4304726450088618e+16,39126.7817
2142,129.8034,1.0946005474213888e+16,39207.9404
2143,133.732,9813521382506496.0,41563.9798
2144,131.9588,1.868882577072674e+16,40908.9933
2145,125.0372,8105964792184832.0,37123.8458
2146,120.6199,6742220333907968.0,34117.2514
2147,117.0066,4657686231995733.0,32452.8894
2148,113.2855,2648804757777066.5,32008.6618
2149,107.7575,0.1559,30872.2167
2150,111.4379,0.2188,30703.5852
2151,120.141,1.067671675137775e+16,33784.9739
2152,111.7962,2748836335670613.5,31329.0471
2153,114.021,0.2105,31523.9887
2154,117.4561,4402162163515392.0,32236.0223
2155,115.1016,6469744745338197.0,31450.7424
2156,109.6228,3128538646096554.5,29237.1502
2157,105.3745,0.1658,27752.2626
2158,102.3304,0.1551,26832.0509
2159,107.1821,0.2047,28900.1292
