,KW_MAE_TRAIN,KW_MAPE_TRAIN,KW_RMSE_TRAIN
0,52.3712,0.1143,4465.8159
1,55.305,0.1192,4365.5251
2,56.694,0.1198,4204.9587
3,56.6508,0.1197,4102.1337
4,57.2542,0.1225,4274.3988
5,60.6191,0.1322,4695.9953
6,59.7233,0.1327,4807.728
7,63.0788,0.1461,5503.3142
8,63.1045,0.1491,5449.3375
9,60.3513,0.145,4926.4939
10,52.1014,0.1265,3870.4349
11,39.191,0.0974,2305.5857
12,27.3294,0.0689,1175.0719
13,20.9018,0.0493,803.6037
14,26.6619,0.0586,1194.2194
15,32.4588,0.0732,1706.7354
16,42.975,0.0968,2661.2787
17,54.784,0.1222,3966.3146
18,68.1424,0.1522,5812.4476
19,79.3381,0.1802,7979.8918
20,82.3297,0.1898,8630.1222
21,81.9571,0.1919,8318.8808
22,72.9077,0.1706,6889.6941
23,68.0748,0.1594,5952.747
24,65.1066,0.1528,5299.1463
25,55.1171,0.1338,3900.2454
26,56.7954,0.1421,4270.064
27,56.0508,0.145,4421.2147
28,53.6656,0.144,4285.434
29,52.2487,0.1436,4199.1041
30,50.5441,0.1394,4167.8412
31,41.1636,0.1114,2678.3338
32,41.7316,0.1145,2781.6727
33,50.8409,0.1373,3681.8189
34,62.5102,0.1646,4867.9721
35,69.6861,0.182,5566.1781
36,65.0417,0.1708,5003.0986
37,60.8464,0.1607,4402.7007
38,57.7031,0.1539,4090.9879
39,53.7335,0.1443,3677.1954
40,56.9759,0.1533,4027.1092
41,62.3115,0.1682,4749.7227
42,65.028,0.1761,5165.6316
43,67.775,0.1837,5520.6872
44,69.5971,0.1882,5678.5602
45,68.147,0.1837,5430.744
46,66.0927,0.1771,4994.6858
47,63.4855,0.1688,4423.7561
48,56.0655,0.1492,3548.7595
49,47.7538,0.1263,2711.8854
50,40.8814,0.1074,2253.1253
51,39.3481,0.1035,2085.3433
52,45.28,0.1234,2707.6482
53,51.0555,0.1417,3361.7344
54,55.5943,0.1572,4228.8351
55,65.2223,0.1838,5603.7197
56,74.0011,0.2062,7036.4779
57,80.4091,0.2227,8360.363
58,78.0675,0.2163,7977.1742
59,79.8013,0.218,7760.1099
60,80.2906,0.2169,7384.3946
61,85.4424,0.2271,8082.5829
62,77.4808,0.2067,6673.2336
63,73.5907,0.1955,6197.294
64,80.9549,0.2145,7303.0459
65,85.7007,0.2247,8313.2501
66,92.0725,0.2411,9475.3423
67,95.0023,0.2487,9991.4431
68,94.9403,0.2492,10006.3772
69,89.0102,0.2363,9062.4398
70,77.2454,0.2104,7711.0691
71,66.8117,0.187,6522.7951
72,98.1402,0.2744,12565.663
73,121.4451,0.3334,17783.021
74,122.2017,0.3343,18217.8894
75,98.1995,0.2734,12972.5144
76,81.6366,0.228,9588.5886
77,80.8893,0.2235,9815.9058
78,75.5676,0.2065,8730.4226
79,74.5692,0.2014,8221.403
80,77.9087,0.2063,8273.9367
81,75.1538,0.1956,7591.4141
82,67.429,0.174,6547.8288
83,54.6883,0.1394,4336.8495
84,46.8339,0.1181,3074.591
85,42.725,0.1092,2834.0957
86,40.1349,0.1027,2601.6878
87,38.2011,0.0962,2170.323
88,39.3854,0.095,2036.6741
89,45.1168,0.1064,2756.3019
90,45.8504,0.1078,2765.5447
91,53.4627,0.1246,3463.8324
92,68.6018,0.1581,5550.9962
93,80.6742,0.1836,7428.0261
94,80.3231,0.1827,7091.5859
95,47.7851,0.1148,2910.0083
96,31.2015,0.0792,1622.3239
97,25.0898,0.0638,1069.5615
98,28.3417,0.07,1210.8671
99,37.1364,0.09,1838.6378
100,44.4362,0.1053,2464.8104
101,50.6422,0.1191,3092.8132
102,46.6879,0.1134,2881.467
103,41.0361,0.1028,2520.9311
104,42.1977,0.1075,2709.9597
105,38.5884,0.0998,2438.2281
106,35.3627,0.0928,2104.7064
107,34.5745,0.0926,2286.9283
108,38.301,0.1017,2800.1554
109,40.4174,0.107,2988.2838
110,43.5675,0.1128,3210.4521
111,43.8858,0.1118,3052.3255
112,44.9445,0.1149,3249.5714
113,46.5705,0.1179,3299.4028
114,42.2698,0.108,2836.8505
115,38.0702,0.0981,2301.3973
116,35.9442,0.0941,2243.7996
117,35.6696,0.0939,2299.2723
118,38.1837,0.0997,2490.1695
119,40.0321,0.105,2771.3956
120,40.0801,0.1056,2789.7702
121,40.2777,0.1061,2783.0512
122,45.1535,0.1164,3033.8389
123,52.3452,0.1321,3746.3146
124,55.4889,0.1378,4012.8327
125,54.6822,0.1376,4042.0655
126,53.2838,0.1378,4061.8855
127,51.8925,0.137,4113.1014
128,50.2609,0.1344,3980.7897
129,50.8361,0.1357,3983.7955
130,47.139,0.1263,3476.0225
131,42.8197,0.1164,3096.2659
132,38.5289,0.105,2574.7825
133,31.8039,0.0876,1929.957
134,25.9415,0.0711,1302.1445
135,23.9263,0.0635,1066.5004
136,28.0008,0.0721,1193.2402
137,31.3497,0.081,1470.9765
138,34.31,0.0901,1735.5616
139,37.0996,0.0982,2083.8941
140,38.9722,0.1043,2427.669
141,43.3584,0.1165,3041.9212
142,48.8714,0.1307,3818.4192
143,55.8898,0.1477,4694.961
144,60.8154,0.1575,5121.9066
145,62.4859,0.1575,4943.8718
146,59.3587,0.1494,4641.5048
147,56.4989,0.1434,4305.9849
148,57.7174,0.147,4543.909
149,55.3872,0.1394,4106.9708
150,45.6554,0.111,2675.2535
151,36.5461,0.0906,1846.595
152,32.1544,0.0822,1688.2019
153,35.9974,0.0916,2146.7535
154,35.603,0.0899,2077.0128
155,35.9168,0.0899,1974.4815
156,30.0145,0.0765,1540.6041
157,34.0858,0.0842,1727.8849
158,38.2448,0.0909,2111.2397
159,41.19,0.0967,2437.6184
160,42.1355,0.0995,2602.13
161,40.31,0.0964,2413.5686
162,38.3517,0.0927,2231.2501
163,36.63,0.0895,2122.2001
164,39.6192,0.0975,2481.8222
165,42.4721,0.1052,2893.575
166,44.9035,0.1104,2980.1408
167,46.2002,0.1129,3031.1399
168,46.3546,0.1132,3018.1007
169,46.1543,0.1131,3140.0398
170,48.3138,0.1178,3178.1548
171,50.3432,0.1206,3277.4522
172,54.4896,0.1275,3692.5023
173,52.3227,0.1202,3492.8784
174,43.7788,0.1017,2385.3082
175,36.3617,0.0881,1857.1356
176,35.3503,0.0876,1929.8961
177,34.5792,0.0873,2025.5348
178,33.4569,0.0845,1925.2111
179,29.0645,0.0741,1458.1387
180,28.1329,0.0698,1244.4867
181,27.8306,0.0678,1128.4728
182,29.5121,0.0706,1228.7852
183,31.8893,0.0775,1423.2507
184,34.3576,0.0845,1644.1292
185,33.0518,0.0831,1592.2545
186,31.3779,0.0799,1510.5649
187,32.7574,0.0842,1630.4119
188,35.3639,0.0916,1911.7758
189,37.7097,0.0973,2087.016
190,39.4295,0.1015,2191.0348
191,39.2593,0.1013,2238.7013
192,39.7088,0.1036,2326.9322
193,38.7993,0.1014,2220.0753
194,36.8873,0.097,2100.4844
195,39.7169,0.1043,2522.9344
196,42.6711,0.1107,2733.2285
197,39.9271,0.1023,2336.3109
198,38.4863,0.0988,2034.5597
199,39.7731,0.1041,2176.0062
200,46.7329,0.1241,3094.3256
201,69.7888,0.1789,5947.8142
202,81.3355,0.2081,8010.2042
203,66.8111,0.1754,5936.307
204,60.1309,0.1615,5006.633
205,64.9057,0.1722,5663.9005
206,62.7933,0.165,5097.7189
207,64.2559,0.1682,5264.2851
208,68.7796,0.1795,5612.4422
209,77.2333,0.2007,6699.888
210,82.6194,0.2141,7538.3559
211,88.2001,0.2284,8435.0695
212,92.0789,0.2398,9304.3124
213,106.1688,0.2784,12409.2336
214,112.1412,0.2954,13820.9076
215,125.1429,0.3302,16868.2526
216,181.4355,0.4775,34618.0355
217,244.2864,0.6436,61544.3242
218,242.7048,0.6379,60613.6664
219,231.2138,0.6084,54865.6508
220,230.7849,0.6116,55146.3198
221,235.7528,0.6266,58480.853
222,233.1394,0.6202,57084.0616
223,225.5441,0.601,53337.3736
224,218.8419,0.581,50177.7804
225,207.0805,0.5484,44876.1036
226,201.9295,0.5362,42603.131
227,200.7122,0.5341,42317.9797
228,190.0685,0.5076,38643.7939
229,169.9317,0.4527,31422.41
230,163.9889,0.4357,29407.0358
231,142.6999,0.3745,22499.3824
232,125.0312,0.3274,17007.8649
233,110.389,0.2883,13265.0777
234,106.4358,0.2774,12211.2931
235,107.2101,0.2788,12203.7455
236,113.2306,0.2946,13714.4883
237,125.5646,0.3251,17558.2992
238,135.2177,0.3458,20604.4213
239,156.0424,0.3968,26978.9207
240,157.9085,0.4006,27682.7293
241,157.8824,0.4006,28499.8578
242,146.9036,0.3696,25446.8012
243,138.0364,0.3446,22494.8925
244,129.6204,0.3219,19932.9042
245,126.5498,0.3153,20455.9119
246,126.8545,0.3142,21205.4262
247,128.0941,0.3131,21685.2662
248,124.036,0.2998,20277.8484
249,107.6503,0.2559,16207.6394
250,90.2164,0.2108,12639.5364
251,74.5986,0.1706,9575.4199
252,65.586,0.143,6936.4365
253,63.8662,0.1312,6116.7957
254,58.465,0.1131,5165.288
255,53.2274,0.0981,4480.0692
256,54.1479,0.0986,4393.9923
257,60.1328,0.1072,5241.811
258,60.1297,0.1063,5235.3691
259,58.9097,0.1034,4740.8965
260,51.9182,0.0919,3755.6477
261,48.4715,0.0859,3240.9341
262,40.0558,0.073,2363.4089
263,42.074,0.0778,2329.8013
264,42.6684,0.0785,2488.8965
265,43.095,0.079,2521.0293
266,39.6561,0.0726,2241.0769
267,40.3547,0.0713,2309.0594
268,48.0836,0.0824,2878.7753
269,50.5369,0.0874,3279.4432
270,44.4505,0.0754,2553.8932
271,35.8498,0.0582,2073.3177
272,31.7471,0.0479,1883.9399
273,40.3511,0.0614,2765.4938
274,46.5466,0.0715,3259.1557
275,54.337,0.083,3916.9482
276,61.2584,0.0927,4948.1213
277,70.8836,0.1088,6280.552
278,86.6511,0.1341,8950.2565
279,71.658,0.1104,6538.5944
280,42.3912,0.0674,2693.7146
281,31.6018,0.0547,1582.1513
282,36.9429,0.0654,1922.9048
283,40.4514,0.072,2285.9679
284,42.8384,0.0759,2578.5702
285,43.5636,0.0773,2581.4081
286,45.5897,0.0801,2757.9695
287,47.6029,0.0831,2999.7301
288,45.1763,0.0787,2804.5843
289,38.7919,0.0666,2112.3557
290,27.7678,0.0475,1178.2593
291,27.3735,0.0474,1081.237
292,29.0734,0.0509,1216.9694
293,33.6869,0.0598,1578.502
294,37.4585,0.0682,1932.5075
295,37.0673,0.0681,1863.9291
296,32.576,0.0568,1337.13
297,31.2884,0.0494,1626.768
298,50.2032,0.079,4252.0143
299,56.4579,0.0872,5685.6625
300,79.0524,0.1245,8958.9147
301,92.4191,0.1464,11246.0368
302,84.1547,0.1316,9850.9894
303,71.2787,0.1085,8074.0199
304,68.4015,0.1051,7301.1596
305,53.4633,0.0835,4355.8022
306,39.6209,0.0662,2195.7565
307,35.8273,0.0616,1801.6848
308,35.0113,0.061,1699.9205
309,40.8351,0.071,2168.0187
310,45.1552,0.0781,2588.5084
311,48.4185,0.0836,3033.6052
312,48.9462,0.0841,3232.8669
313,45.7883,0.0811,2868.5961
314,38.3754,0.0704,2146.9445
315,36.3659,0.0667,1989.6422
316,38.6282,0.0705,2332.3429
317,43.4749,0.0791,2738.3802
318,48.0079,0.0864,3156.4024
319,45.6985,0.0814,2854.6229
320,38.1177,0.0671,2130.0096
321,38.2824,0.0653,2058.4623
322,42.4318,0.0702,2577.4649
323,40.9344,0.0652,2929.0809
324,52.5414,0.0806,4635.8902
325,58.8911,0.0896,5494.3304
326,50.3735,0.079,3829.8509
327,46.1833,0.0734,3222.967
328,53.1967,0.0818,4590.1754
329,61.755,0.0921,6139.5465
330,60.0536,0.0907,5672.1405
331,54.8887,0.0824,4508.0101
332,52.6589,0.0781,4309.6282
333,56.1762,0.0831,4832.6536
334,66.3133,0.0975,6286.7221
335,77.8828,0.1139,8593.1645
336,83.0197,0.1227,9312.8332
337,84.7303,0.1261,9472.8437
338,83.2644,0.1221,8903.5886
339,76.695,0.1119,7753.9661
340,79.6847,0.1165,8279.1242
341,78.0108,0.1142,7986.3738
342,72.9246,0.1055,7324.7347
343,69.1519,0.0983,6826.6734
344,68.6093,0.0963,6933.0515
345,69.5223,0.0976,7140.7804
346,68.8247,0.0967,7106.3273
347,68.1175,0.0974,6559.3157
348,56.8428,0.0795,5573.8828
349,56.2385,0.0791,5435.5427
350,51.0248,0.0737,4483.4104
351,44.8698,0.0684,3572.6008
352,40.942,0.0657,2923.2603
353,38.8252,0.0614,2783.7078
354,38.9036,0.0602,2751.5437
355,50.0369,0.0736,4477.372
356,83.2848,0.1266,9632.8925
357,85.3452,0.1301,10511.3625
358,65.7567,0.0995,7550.7264
359,55.6941,0.0871,4902.3001
360,41.6334,0.0677,2644.7116
361,35.657,0.0617,1860.9508
362,33.5743,0.0583,1546.0676
363,27.7142,0.0472,1111.4086
364,28.6877,0.0491,1252.3761
365,33.8202,0.0589,1627.7391
366,38.9985,0.0689,2042.9037
367,43.8486,0.0785,2467.8254
368,48.3832,0.0884,3110.7604
369,54.1855,0.0989,3710.1574
370,49.5995,0.0902,3244.2584
371,44.0188,0.0801,2544.1412
372,49.0512,0.0906,3096.1119
373,56.1998,0.1048,4108.9438
374,58.5636,0.1094,4489.1291
375,58.9924,0.1098,4630.3423
376,51.1144,0.0936,3459.0789
377,46.9805,0.0858,3075.9611
378,43.1755,0.0783,2706.9064
379,39.7217,0.0717,2248.1068
380,35.2436,0.0635,1989.4116
381,30.5116,0.0548,1564.763
382,32.0558,0.058,1669.003
383,36.4739,0.0672,1927.5145
384,43.5745,0.0808,2651.3709
385,42.6145,0.0785,2599.4513
386,43.8139,0.0788,2857.0998
387,51.1326,0.0924,3463.8659
388,55.5172,0.1016,3868.6352
389,56.4413,0.1035,3982.0026
390,52.6524,0.0961,3608.7798
391,46.562,0.0836,2928.1148
392,44.568,0.079,2820.0607
393,44.3521,0.0787,2876.3183
394,42.6446,0.0764,2647.1572
395,45.293,0.0832,2746.8419
396,49.5978,0.0921,3101.0016
397,48.5111,0.0899,2826.716
398,50.8418,0.0945,3134.3388
399,54.8262,0.1018,3605.2751
400,59.162,0.1099,4281.1934
401,53.5979,0.0989,3597.9281
402,52.0504,0.0956,3433.3744
403,46.333,0.0856,3020.9192
404,40.1888,0.0739,2362.1165
405,38.211,0.0695,2136.4905
406,42.7177,0.0765,2565.0944
407,48.5338,0.0854,3258.5344
408,49.6377,0.0849,3861.3048
409,50.584,0.0836,4306.0443
410,51.5201,0.0838,4228.8295
411,53.4511,0.0869,4579.7809
412,54.6663,0.0877,5138.8546
413,59.8286,0.0972,5754.366
414,63.7548,0.1079,5787.8684
415,59.0117,0.1015,5395.9358
416,54.681,0.0916,4708.4801
417,52.376,0.0857,4500.7304
418,56.6543,0.0919,5280.5151
419,60.7514,0.0987,5350.3652
420,44.9534,0.0701,3557.4732
421,56.7093,0.0877,5346.6776
422,58.8118,0.0911,5595.8312
423,55.1966,0.0867,4860.4573
424,49.4206,0.0776,4196.4997
425,39.5209,0.063,3138.6886
426,38.442,0.0617,2793.2883
427,37.8902,0.0613,2527.2884
428,36.3783,0.0589,2381.2506
429,36.2255,0.0586,2358.8376
430,34.4605,0.0542,2611.8802
431,36.2956,0.0572,3247.8459
432,35.0054,0.057,2668.1164
433,31.0936,0.0525,1835.5064
434,30.3179,0.0531,1487.8893
435,29.6457,0.0538,1291.4043
436,40.1145,0.0737,2181.2601
437,45.8705,0.0837,2706.6219
438,44.4006,0.082,2393.8362
439,45.8807,0.0878,2602.4635
440,48.1728,0.0945,2933.0307
441,50.801,0.0995,3194.6292
442,55.5472,0.1081,4020.5171
443,60.6891,0.12,4929.4672
444,55.1745,0.1079,3877.0832
445,62.6253,0.1203,4674.8789
446,65.8968,0.1258,5218.0706
447,59.6366,0.1143,4358.3354
448,50.5484,0.0981,3163.0134
449,46.6474,0.0903,2754.5742
450,46.0691,0.0893,2634.4356
451,42.3625,0.0833,2247.651
452,38.1639,0.0762,1887.1389
453,35.8003,0.0725,1763.3816
454,34.6691,0.0712,1625.9162
455,35.4378,0.0729,1672.2981
456,31.7325,0.0658,1357.2176
457,29.8019,0.0623,1176.8607
458,35.914,0.0752,1651.714
459,43.8962,0.0927,2366.6376
460,50.7335,0.1089,3154.2625
461,52.2041,0.1139,3504.3813
462,49.7986,0.1129,3359.165
463,40.6707,0.0944,2451.1199
464,32.8945,0.0811,1692.6637
465,32.0555,0.0818,1680.1114
466,38.6084,0.0957,2015.0388
467,42.2954,0.1031,2294.9294
468,39.0951,0.0943,1928.6347
469,36.3582,0.0873,1770.9944
470,31.9781,0.0786,1595.1925
471,30.2733,0.0737,1361.4288
472,30.3378,0.0744,1422.6918
473,25.5746,0.0659,1224.5456
474,29.5725,0.0755,1382.8195
475,29.3174,0.0762,1412.7045
476,28.9905,0.0757,1473.9366
477,29.6159,0.0754,1372.24
478,27.5304,0.07,1145.2412
479,24.28,0.0626,995.7657
480,23.807,0.0608,941.5247
481,25.1975,0.0661,1154.5476
482,46.5388,0.1095,2780.966
483,44.8653,0.1085,2893.4781
484,30.917,0.0784,1623.1554
485,48.2209,0.1088,2730.9519
486,43.7022,0.1006,2387.4018
487,40.8643,0.097,2302.828
488,40.5521,0.0964,2440.0046
489,37.8887,0.0891,2129.4223
490,32.5357,0.0754,1517.7245
491,27.7996,0.0653,1159.9257
492,27.7455,0.0648,1227.2525
493,30.019,0.0696,1468.9942
494,29.7766,0.0686,1316.709
495,29.3772,0.0674,1273.4915
496,32.8258,0.0727,1686.7085
497,34.8065,0.0758,2001.4858
498,41.7355,0.0899,2645.2294
499,45.8049,0.0979,2986.4779
500,50.6745,0.1088,3454.1927
501,57.4432,0.123,4122.5252
502,63.3568,0.1342,4703.3676
503,63.4872,0.1391,4836.6809
504,57.7011,0.1325,4412.6584
505,53.0385,0.1221,3737.3283
506,55.8936,0.1209,3755.1159
507,63.016,0.1327,4589.8041
508,65.4397,0.1382,4950.1729
509,56.3411,0.1232,4102.3031
510,47.6222,0.109,3450.8246
511,43.061,0.1014,3387.3186
512,48.6629,0.1134,4072.7226
513,61.1768,0.136,5260.6613
514,44.9785,0.098,3304.7793
515,30.9133,0.0649,1524.3732
516,23.1187,0.0472,914.5871
517,39.5907,0.0859,2034.0263
518,15.2967,0.0302,390.6134
519,21.7745,0.0454,687.305
520,25.4248,0.0535,911.4662
521,22.2619,0.0457,684.7611
522,23.9355,0.0477,813.8081
523,23.1742,0.0464,852.6495
524,21.6502,0.0432,842.1309
525,26.0012,0.0508,1034.5586
526,29.272,0.0559,1273.9557
527,29.9466,0.0567,1520.5963
528,34.8411,0.0666,2005.5068
529,37.5195,0.0707,2324.8554
530,36.7906,0.0708,2158.0216
531,34.9861,0.0689,1835.163
532,29.7747,0.0599,1515.0943
533,25.3991,0.0507,1287.8632
534,27.9849,0.0563,1466.9376
535,25.342,0.0494,1008.4093
536,26.4399,0.049,1022.9779
537,33.6414,0.0636,1599.1115
538,33.7567,0.0639,1512.9935
539,31.3682,0.0602,1465.1528
540,26.8033,0.0517,1152.8598
541,29.3469,0.0562,1394.9479
542,36.8248,0.0707,1972.7871
543,49.35,0.0982,3493.272
544,47.4723,0.0951,3152.5286
545,48.6836,0.0976,3380.841
546,47.6962,0.096,3594.6044
547,56.2787,0.1133,4691.1244
548,70.4016,0.144,7037.8527
549,83.7713,0.171,9859.1342
550,89.3921,0.1823,11603.1385
551,94.9016,0.1947,13107.8018
552,96.8079,0.1981,13518.6276
553,102.4313,0.2085,14489.9384
554,99.9091,0.2026,13880.9775
555,92.1925,0.1868,11808.3286
556,84.3631,0.171,10075.7036
557,87.1802,0.1774,10576.4305
558,93.5676,0.189,12289.1751
559,98.6839,0.1987,13424.496
560,95.1558,0.1922,12387.1279
561,89.6402,0.182,10962.1955
562,80.3701,0.1626,9106.8418
563,72.8378,0.1457,7292.4211
564,67.7562,0.1362,6406.7822
565,57.993,0.1172,5214.3642
566,45.8919,0.0924,3696.6604
567,40.0382,0.08,2835.9194
568,35.8199,0.0716,2220.3544
569,32.8355,0.0649,1923.0284
570,37.8756,0.0742,2735.2605
571,48.4062,0.096,3856.0736
572,59.8421,0.1175,5323.3427
573,68.6617,0.1343,7117.7978
574,77.4961,0.151,8986.6874
575,83.6721,0.1634,9971.3996
576,85.4289,0.167,10228.6047
577,84.0288,0.1642,10230.0472
578,80.654,0.157,9824.5122
579,73.5583,0.1433,8497.3043
580,65.7426,0.1272,6603.3222
581,64.0316,0.1247,6391.7502
582,68.921,0.1341,7287.1996
583,72.181,0.1398,8211.4152
584,67.5833,0.1298,7115.5584
585,56.8837,0.1073,5182.1881
586,53.0755,0.0996,4149.7013
587,50.4952,0.0929,3741.0181
588,47.8947,0.0859,3588.1574
589,49.0676,0.0841,4193.2808
590,55.816,0.0922,5556.6938
591,62.9858,0.1035,6610.1919
592,56.6473,0.0913,5505.6276
593,42.5691,0.0717,2572.6878
594,39.9757,0.0701,2243.3985
595,35.626,0.0639,2053.474
596,32.4492,0.0581,1873.6556
597,25.0551,0.0443,1146.9086
598,24.3246,0.0426,963.4923
599,26.052,0.0462,969.7433
600,30.9234,0.0551,1350.9227
601,29.0988,0.0515,1195.1612
602,25.2894,0.0448,1154.6773
603,24.4119,0.043,982.3973
604,23.987,0.0431,921.0294
605,25.9951,0.0462,1068.6649
606,24.0311,0.0426,946.4355
607,24.5627,0.0436,974.765
608,27.6567,0.0489,1102.386
609,31.4314,0.0569,1414.6426
610,29.0588,0.0529,1381.3495
611,26.4701,0.0474,956.9653
612,27.3835,0.0463,942.1923
613,29.2927,0.052,1097.44
614,30.927,0.0562,1426.3477
615,47.8944,0.0893,3249.4028
616,58.2186,0.1074,4454.459
617,61.4013,0.1129,4808.589
618,68.3406,0.1252,5825.8379
619,67.0383,0.1242,5770.4604
620,68.83,0.1279,5848.8124
621,72.5105,0.1359,6475.5459
622,77.7183,0.1462,7124.9251
623,77.6784,0.1463,7020.3653
624,79.616,0.1494,7389.7031
625,79.1232,0.1478,7215.6367
626,77.1869,0.1447,6988.9398
627,75.9356,0.1453,6975.4046
628,80.403,0.1578,7593.1096
629,84.8132,0.1698,8242.9061
630,92.8625,0.1895,9577.5684
631,97.202,0.2038,10682.2086
632,99.131,0.2144,11485.0766
633,101.8899,0.226,12269.5884
634,102.5878,0.2273,12059.1295
635,95.9011,0.2135,10546.3819
636,91.1147,0.2052,9800.536
637,88.2304,0.1989,9234.6276
638,35.4822,0.0804,1881.4014
639,41.2312,0.0867,2230.5862
640,38.3261,0.0778,1986.4283
641,31.7882,0.0638,1423.6028
642,31.5846,0.0649,1293.0442
643,32.1336,0.0685,1314.5292
644,33.0696,0.073,1360.1962
645,33.7913,0.0757,1489.3401
646,35.7345,0.0803,1689.7006
647,34.4559,0.0786,1636.0597
648,30.575,0.0705,1283.8383
649,29.558,0.0676,1243.0492
650,36.1504,0.081,1670.3369
651,45.4228,0.1009,2592.5881
652,55.2222,0.1226,3550.6948
653,59.9925,0.1342,4190.9109
654,56.0796,0.127,3898.2829
655,47.8132,0.1065,2753.4032
656,39.1052,0.0874,2020.065
657,30.8638,0.0718,1349.5757
658,28.218,0.0663,1174.6367
659,23.2414,0.0526,927.95
660,26.8526,0.0591,1084.0749
661,24.0279,0.0515,901.6355
662,22.5478,0.047,823.2418
663,25.7469,0.0518,1047.3491
664,28.5865,0.0569,1335.7689
665,30.8828,0.0622,1545.1765
666,32.5686,0.0685,1868.6547
667,28.6531,0.061,1499.2815
668,27.0637,0.0578,1087.1803
669,24.0637,0.0502,942.1808
670,23.3082,0.0482,925.4783
671,20.2557,0.0426,663.8851
672,25.4228,0.0556,1051.5217
673,30.635,0.066,1380.7284
674,24.5675,0.0556,1298.4669
675,23.1365,0.0534,1075.796
676,22.0279,0.0484,801.2205
677,23.8719,0.0479,809.05
678,19.9796,0.0389,520.7457
679,16.5898,0.0326,413.0155
680,20.6516,0.0377,672.9069
681,37.2854,0.066,2208.9806
682,38.6521,0.0703,2034.8136
683,39.885,0.0719,2154.1547
684,48.0556,0.0852,2910.4275
685,59.0819,0.1038,4204.5993
686,67.589,0.1195,5195.0834
687,69.3744,0.1235,5361.0811
688,71.4985,0.1253,5947.4806
689,66.4679,0.1155,5557.8841
690,62.7367,0.1097,5201.7632
691,52.1066,0.0923,3643.363
692,44.6315,0.08,2803.1976
693,41.2613,0.0746,2582.2907
694,37.1966,0.0656,2095.9665
695,33.818,0.0623,1727.6638
696,43.7588,0.0818,2571.0184
697,49.4492,0.0915,3167.5692
698,44.9833,0.0835,2630.8433
699,38.5975,0.0727,2080.8566
700,40.8011,0.0773,2277.8565
701,41.99,0.0787,2462.2124
702,38.0605,0.0703,2329.0638
703,37.2843,0.0675,2252.6615
704,33.7921,0.0592,1904.3988
705,32.726,0.0563,1737.988
706,35.0612,0.06,1712.6536
707,36.2973,0.0618,1852.0947
708,36.1249,0.0614,1937.9645
709,42.1469,0.0705,2590.3316
710,48.8005,0.0822,3277.0519
711,46.476,0.0794,2780.1399
712,40.5421,0.0695,2283.7079
713,36.8882,0.063,2020.5113
714,36.3729,0.0617,2005.7652
715,40.6334,0.07,2301.5758
716,48.668,0.0858,3023.1113
717,55.5146,0.0988,3904.1246
718,58.9762,0.1044,4699.0579
719,60.4738,0.1073,4795.4478
720,61.7984,0.11,4836.9673
721,59.0145,0.1053,4676.601
722,54.5321,0.0972,4247.7049
723,46.4088,0.0824,3072.1966
724,39.833,0.0713,2235.886
725,36.8444,0.0655,2083.2991
726,39.8817,0.0708,2453.7249
727,43.8297,0.0774,2961.4134
728,52.4391,0.0945,3706.9798
729,56.8016,0.1042,4148.5159
730,59.9743,0.1114,4423.4846
731,58.1272,0.1085,4071.1445
732,57.7921,0.1083,3977.0306
733,47.8981,0.0893,2955.103
734,40.3033,0.0744,2159.4525
735,47.4077,0.0882,2821.2976
736,43.9189,0.0817,2328.3334
737,48.7763,0.0918,2741.4169
738,47.2156,0.0895,2600.7073
739,41.6869,0.0788,2006.4618
740,32.8556,0.0614,1218.6608
741,25.3705,0.0458,819.4459
742,27.6843,0.0479,1579.9912
743,36.8656,0.0626,2898.342
744,43.9349,0.076,3496.5711
745,56.6418,0.1009,4085.9864
746,85.2701,0.1584,8113.6519
747,75.6542,0.1391,6803.3871
748,65.7284,0.1174,5205.09
749,57.1634,0.0994,4162.7912
750,56.9669,0.099,4237.216
751,61.1407,0.1078,4749.4101
752,63.8271,0.1126,5254.1857
753,63.198,0.1098,5028.2522
754,61.7829,0.1044,4922.4492
755,57.9332,0.0949,4559.1687
756,56.5283,0.0903,4497.8057
757,65.5446,0.1022,6049.3721
758,60.7801,0.0942,5015.5975
759,58.4945,0.0929,4413.9813
760,58.259,0.0925,4384.7801
761,57.8385,0.0903,4220.9197
762,55.6393,0.087,3882.3823
763,48.9113,0.076,2971.8922
764,41.1609,0.0636,2066.7957
765,38.8281,0.06,1763.6215
766,34.8106,0.056,1611.1081
767,31.8895,0.0538,1536.0674
768,31.6688,0.054,1550.5087
769,29.4899,0.0497,1312.9805
770,25.1907,0.0419,955.4635
771,29.7856,0.0478,1254.4255
772,39.5103,0.0614,2081.0085
773,46.6233,0.0694,3045.6314
774,48.6061,0.0714,3406.1949
775,62.21,0.0915,5110.3352
776,84.4629,0.1237,9088.0386
777,103.3507,0.152,13265.3966
778,115.8003,0.1715,16000.7654
779,96.7781,0.1425,11566.2789
780,76.0891,0.1128,7478.3593
781,82.8148,0.1256,8424.4665
782,81.1805,0.1249,8058.9118
783,76.1067,0.1179,7109.5727
784,68.0208,0.105,5786.5676
785,63.3065,0.0957,5403.4126
786,60.4587,0.0914,4889.0431
787,53.1363,0.0802,3881.1536
788,44.7953,0.0674,2940.3265
789,42.7931,0.0657,2796.6548
790,46.772,0.0727,3237.1832
791,47.6915,0.0742,3386.4012
792,44.3007,0.0686,3043.2789
793,39.6648,0.0614,2468.257
794,40.6982,0.0625,2583.1737
795,41.4044,0.0635,2690.3967
796,42.611,0.0664,2724.086
797,42.041,0.0657,2591.931
798,41.2008,0.0638,2421.8148
799,43.6539,0.0675,2580.2145
800,45.332,0.071,2751.1876
801,48.3883,0.0777,2970.6097
802,45.0937,0.0732,2827.8702
803,46.6149,0.0748,3271.6492
804,49.7799,0.0791,3640.9247
805,57.3428,0.0894,4858.3522
806,60.9117,0.0936,5536.6625
807,70.7596,0.1035,7346.7122
808,76.6423,0.1104,8464.0961
809,79.4005,0.1137,8880.1788
810,85.1169,0.1224,9754.9641
811,91.2626,0.1312,10902.5218
812,94.5271,0.1345,11679.3435
813,92.4239,0.1309,11173.4545
814,90.0385,0.128,10388.1175
815,86.1522,0.1231,9438.379
816,78.9636,0.113,8016.4398
817,84.5937,0.1199,8996.2559
818,88.3674,0.1257,9502.147
819,90.0852,0.1279,10017.0637
820,89.3718,0.1274,9990.0137
821,85.9472,0.1236,9015.2275
822,82.12,0.1177,8353.545
823,82.0008,0.1149,8698.1659
824,94.3096,0.1327,11340.4256
825,107.2807,0.1517,14590.9504
826,109.8211,0.1542,15479.9844
827,106.4996,0.1491,14311.8658
828,100.2304,0.138,13305.9183
829,112.2779,0.157,15294.9762
830,131.1867,0.1868,19379.5306
831,86.1159,0.1184,9530.6876
832,61.5891,0.0847,5412.8102
833,49.3166,0.0704,3611.636
834,47.1181,0.0695,2899.3791
835,41.0112,0.0614,2123.0612
836,35.7197,0.0537,1695.6621
837,35.5122,0.0525,1698.4856
838,42.2671,0.0618,2402.2579
839,48.2489,0.0709,3035.7808
840,46.4111,0.0679,3004.3824
841,42.1938,0.0603,2749.9672
842,40.6134,0.0561,2896.2208
843,45.3782,0.0621,3923.0092
844,53.2262,0.0732,4656.4194
845,55.6656,0.0782,4469.4614
846,50.7547,0.0716,3720.7528
847,50.508,0.0704,4005.9396
848,56.1243,0.0784,5152.521
849,62.4653,0.0874,6172.4622
850,63.4141,0.0885,6651.9488
851,62.8403,0.087,6913.8463
852,50.6371,0.0747,4151.5054
853,51.5674,0.0776,4097.1133
854,47.1489,0.0732,3352.8457
855,43.1341,0.0723,2489.3983
856,52.2018,0.0909,4085.928
857,62.7173,0.1091,5540.9496
858,68.2836,0.1191,6304.1989
859,69.9552,0.1231,6500.7678
860,70.2034,0.1249,6506.8378
861,63.7179,0.1148,5313.8917
862,62.618,0.1118,4686.7182
863,70.5767,0.1259,6290.445
864,66.7724,0.1187,6062.2502
865,63.3694,0.112,5681.8558
866,59.5529,0.1048,4899.0559
867,53.9974,0.0949,4108.3561
868,50.9474,0.0903,3710.7245
869,52.7109,0.0939,3933.7384
870,58.066,0.1038,4523.1897
871,62.3397,0.1118,4939.7555
872,63.0663,0.1149,5123.7518
873,53.3698,0.0979,4171.3715
874,45.9023,0.0848,3156.626
875,41.9665,0.0782,2495.8293
876,63.9166,0.1197,4743.1852
877,67.2559,0.1266,5357.8479
878,69.4573,0.131,5956.7361
879,78.2245,0.1478,7520.8148
880,70.236,0.1327,6004.8116
881,73.2419,0.1391,6272.8344
882,79.8131,0.1521,7268.875
883,88.5467,0.1691,8717.7104
884,89.2542,0.1699,8663.0965
885,80.8653,0.1539,7209.903
886,76.5837,0.1464,6702.8881
887,76.4382,0.1464,6875.325
888,75.8903,0.1452,6722.1864
889,74.1771,0.1408,6866.9394
890,67.9293,0.128,6291.4301
891,66.4318,0.1251,6451.0096
892,69.272,0.1306,6646.9032
893,72.9903,0.1378,7189.057
894,77.152,0.1455,8555.5179
895,80.941,0.153,9072.4997
896,80.5867,0.1522,8830.2147
897,73.0687,0.1376,7106.5377
898,64.4984,0.122,5452.0326
899,58.716,0.1112,4414.1555
900,57.4665,0.1088,4357.9716
901,53.6532,0.1013,4081.2533
902,50.3185,0.094,3512.3474
903,48.4522,0.0903,3347.9483
904,54.187,0.102,4161.5258
905,57.1472,0.1078,4565.1487
906,56.5801,0.1066,4361.5811
907,55.7296,0.105,4093.2516
908,54.2531,0.102,3960.6634
909,54.6496,0.1028,4489.8231
910,55.9072,0.1048,4828.8842
911,64.6074,0.122,6130.9239
912,78.9113,0.1495,8398.1603
913,85.7156,0.1615,9760.1599
914,83.1538,0.1561,9499.3203
915,78.5423,0.1463,8959.4892
916,77.107,0.1425,8066.8812
917,77.5876,0.1419,7375.1811
918,78.7235,0.1438,7725.6365
919,74.4149,0.134,7129.6929
920,68.6707,0.122,6511.1134
921,66.8589,0.117,6024.8182
922,68.606,0.1169,6231.6392
923,66.9578,0.1114,6208.1719
924,68.9484,0.1113,6855.456
925,73.5215,0.1142,8024.5496
926,74.9116,0.1128,8715.7082
927,70.2038,0.1067,7197.1902
928,65.7505,0.1005,5989.9784
929,61.2532,0.0924,5515.7034
930,57.6319,0.0865,5165.4687
931,53.4037,0.0794,4685.247
932,45.9529,0.0679,3663.7424
933,39.6817,0.059,2679.1325
934,37.2472,0.0571,1956.0081
935,39.3876,0.0615,2240.7056
936,38.0021,0.0601,2097.0824
937,31.102,0.0492,1445.8973
938,28.9135,0.0446,1298.3221
939,32.4021,0.0489,1754.7131
940,37.6874,0.0571,2287.4267
941,41.9826,0.0631,2635.9041
942,40.6408,0.062,2382.9549
943,40.4414,0.063,2415.8006
944,46.6334,0.074,3216.7959
945,57.6995,0.0919,4152.2782
946,66.5964,0.103,5564.9087
947,65.6246,0.102,5500.8399
948,67.3814,0.1067,5469.6477
949,68.7701,0.1117,5515.5734
950,67.5798,0.1132,5365.5683
951,59.0597,0.1004,4502.322
952,50.958,0.0874,3492.7388
953,48.9126,0.0832,3082.3825
954,42.6413,0.0715,2392.4172
955,37.4817,0.0626,1868.6464
956,32.302,0.0541,1433.3248
957,33.6618,0.0577,1578.4218
958,40.1924,0.0701,2299.0959
959,40.6086,0.0716,2528.4875
960,34.8331,0.0624,1916.9346
961,29.455,0.0535,1384.3858
962,28.0031,0.0517,1104.5954
963,30.807,0.0578,1240.1458
964,35.9201,0.0684,1598.0135
965,39.6452,0.0774,1939.6891
966,42.7867,0.0862,2414.6823
967,45.9453,0.0948,3008.0276
968,50.3921,0.1057,3828.0311
969,51.4588,0.1086,4073.3927
970,47.4297,0.1028,3596.8756
971,47.6522,0.1042,3618.2271
972,51.4696,0.1109,3869.0379
973,51.1813,0.1106,3955.1635
974,56.5647,0.1218,4686.1586
975,62.0732,0.1344,5728.9253
976,65.2216,0.141,6191.6653
977,67.7998,0.145,6158.252
978,73.471,0.1548,6583.871
979,80.3471,0.1677,7365.8291
980,90.4704,0.1888,9328.6073
981,97.4913,0.2036,10922.6283
982,96.1219,0.2014,10714.6586
983,92.5196,0.194,9940.823
984,82.7581,0.1733,8045.4512
985,77.7011,0.1613,6927.1019
986,76.2873,0.1588,6752.2083
987,77.5629,0.163,7157.3561
988,76.8223,0.1623,7154.598
989,76.021,0.1604,6880.9892
990,77.6046,0.1624,6815.398
991,83.5441,0.1749,7797.2106
992,87.5961,0.1839,8559.3553
993,90.6467,0.1926,9228.2223
994,92.6453,0.195,9244.1356
995,92.4777,0.1937,9107.3048
996,91.2269,0.1901,8812.43
997,99.6626,0.2072,10469.6378
998,106.1606,0.2207,11849.3502
999,90.5554,0.1892,8787.5841
1000,88.6605,0.1867,8701.9195
1001,87.5286,0.1852,8701.2135
1002,86.9531,0.1842,8689.0371
1003,81.8842,0.1749,7921.8407
1004,45.7718,0.1047,3613.4997
1005,44.0076,0.0965,2848.3704
1006,50.1373,0.1072,3315.8434
1007,51.0107,0.1088,3398.4687
1008,48.3169,0.1035,3152.3624
1009,40.8528,0.0905,2556.8351
1010,36.0627,0.0803,2081.8821
1011,36.0581,0.0779,1886.5612
1012,35.7633,0.077,2010.9267
1013,34.4323,0.078,2572.9989
1014,40.8925,0.0916,3434.8004
1015,46.8378,0.102,3874.7956
1016,48.0845,0.1035,3863.7198
1017,54.8317,0.1155,4642.685
1018,47.5914,0.1009,3539.0145
1019,35.7253,0.0787,2404.8929
1020,32.3421,0.0734,2313.2029
1021,42.5896,0.0948,3405.8701
1022,53.04,0.1159,4732.4684
1023,68.4753,0.1447,6636.8068
1024,64.0601,0.135,5825.2985
1025,62.0268,0.1299,5338.1383
1026,58.1103,0.1219,4760.8768
1027,55.5255,0.1169,4319.0385
1028,53.0942,0.113,4016.4502
1029,52.1569,0.1117,3851.7655
1030,51.1384,0.1099,3702.2946
1031,53.5755,0.1145,3901.9943
1032,75.4649,0.1572,6805.2453
1033,80.9727,0.1669,7562.5468
1034,82.6954,0.1698,7803.4491
1035,84.3836,0.1741,8284.16
1036,83.1264,0.172,8215.5368
1037,81.4243,0.1682,7739.9831
1038,81.2807,0.1687,7576.5105
1039,81.2523,0.1705,7494.7477
1040,79.4179,0.1686,7279.6465
1041,65.6456,0.1463,5858.922
1042,71.4677,0.1609,6870.5268
1043,81.5894,0.1821,8273.6795
1044,89.8319,0.1993,9439.5887
1045,89.9521,0.199,9547.6608
1046,75.335,0.1643,7231.7
1047,76.2607,0.1636,7243.6359
1048,63.8765,0.1348,5173.9139
1049,45.1633,0.0942,3020.6085
1050,29.4424,0.0608,1540.0654
1051,25.9684,0.0538,1091.0443
1052,32.6418,0.0699,1487.5952
1053,40.809,0.089,2264.308
1054,42.1591,0.0917,2322.1142
1055,42.536,0.0933,2260.786
1056,51.4202,0.1122,3455.0472
1057,53.8216,0.1158,4053.0304
1058,57.3674,0.1229,4219.1503
1059,64.5284,0.1395,4635.4273
1060,80.1871,0.1746,6754.1235
1061,99.4003,0.2184,10189.684
1062,108.4455,0.2392,12040.3699
1063,96.4694,0.2119,9614.3523
1064,74.9184,0.1639,6057.4233
1065,63.8964,0.1394,4786.0502
1066,60.448,0.1318,4298.9026
1067,58.66,0.1289,4139.578
1068,49.7659,0.1096,3181.1868
1069,49.3463,0.1098,3510.3621
1070,48.4423,0.1079,3578.3139
1071,46.2819,0.1018,3381.5768
1072,40.5675,0.0884,2756.2853
1073,34.1232,0.0739,2047.8723
1074,33.4507,0.0724,1879.3275
1075,38.0364,0.0825,2154.098
1076,44.9015,0.0958,2881.3664
1077,58.3195,0.124,4635.8353
1078,62.3602,0.1316,6060.6102
1079,66.2989,0.139,6644.3205
1080,79.9438,0.1711,8215.3391
1081,90.3043,0.1954,10644.8965
1082,91.011,0.197,11413.7186
1083,85.8366,0.1851,10503.4101
1084,77.5523,0.1662,8230.964
1085,77.2405,0.167,8724.8382
1086,78.7759,0.1688,9357.9729
1087,73.6187,0.1546,8348.23
1088,65.4331,0.1334,6693.5205
1089,59.2543,0.1185,5260.6743
1090,56.0393,0.1101,4686.0401
1091,50.1384,0.0948,4160.0986
1092,47.0177,0.0837,4049.2832
1093,53.0035,0.0888,5223.0731
1094,58.6177,0.0942,6653.8695
1095,70.2263,0.1122,8802.7161
1096,80.1049,0.1282,9777.3368
1097,77.6744,0.1225,9367.6365
1098,71.917,0.1105,8101.1969
1099,65.1573,0.0985,6607.7002
1100,59.1252,0.0895,5184.8795
1101,52.355,0.0792,3845.2208
1102,40.656,0.0606,2401.3258
1103,34.9966,0.0529,1734.6874
1104,33.414,0.0511,1559.9054
1105,32.5443,0.0492,1663.0409
1106,34.1847,0.0517,1759.3456
1107,40.5254,0.0616,2487.5145
1108,47.2619,0.0709,3001.5139
1109,46.4209,0.0713,2619.0138
1110,40.7962,0.0637,1970.6466
1111,36.0603,0.055,1794.112
1112,35.3418,0.0514,2135.3592
1113,41.6448,0.0607,2809.4846
1114,49.8581,0.0726,3765.6102
1115,60.7949,0.0885,5158.7228
1116,73.2435,0.1074,7127.7054
1117,85.3113,0.1258,9367.2309
1118,101.347,0.1506,12484.2303
1119,98.2161,0.1454,11691.1304
1120,58.014,0.0842,4501.8635
1121,38.9228,0.0618,1881.3423
1122,34.8096,0.059,1645.5041
1123,34.5008,0.0598,1697.8821
1124,34.2749,0.0593,1690.9656
1125,34.0183,0.0594,1847.564
1126,27.8214,0.051,1500.2857
1127,27.2383,0.0491,1278.8865
1128,28.9458,0.0496,1231.6264
1129,30.4364,0.0487,1103.3021
1130,34.438,0.0511,1487.9181
1131,45.2765,0.0657,2599.2453
1132,54.9633,0.081,3502.7266
1133,56.3871,0.0842,3590.5842
1134,51.9813,0.0777,3056.4167
1135,51.4394,0.0762,3151.084
1136,55.7466,0.0827,3724.8738
1137,56.6219,0.0833,3951.9219
1138,60.4223,0.0882,4368.8376
1139,64.2524,0.0929,5067.7973
1140,57.0669,0.0836,4022.2728
1141,57.0103,0.084,3992.3521
1142,64.9402,0.0946,5231.2565
1143,65.7818,0.0944,5740.7885
1144,66.0801,0.0944,6115.829
1145,68.8016,0.098,6569.7415
1146,68.2792,0.098,6652.8105
1147,65.8051,0.0952,6327.3172
1148,70.7054,0.1026,7109.5678
1149,82.1955,0.1186,8777.1689
1150,89.4077,0.1281,9815.1891
1151,89.3527,0.1281,9683.0053
1152,84.106,0.119,8872.6178
1153,82.5136,0.1135,8890.8692
1154,89.3799,0.12,10553.9049
1155,96.9514,0.1293,12342.4927
1156,104.031,0.1404,13412.2515
1157,108.0064,0.1473,13925.6195
1158,107.5325,0.1476,13365.3879
1159,105.3933,0.1438,13010.6589
1160,102.6358,0.1377,12818.5686
1161,109.9466,0.1481,14172.9192
1162,123.0841,0.1661,16868.7838
1163,132.202,0.1772,19412.1327
1164,119.1466,0.1564,16794.6921
1165,123.6488,0.1617,18067.916
1166,133.4065,0.1739,20792.5472
1167,134.3122,0.173,21537.1916
1168,135.2303,0.17,23425.2849
1169,128.5334,0.1582,22731.358
1170,113.8867,0.1384,19226.0979
1171,102.2121,0.1238,15972.5462
1172,91.8605,0.1111,13140.8255
1173,86.1504,0.1048,11174.9789
1174,89.9737,0.1104,11241.1189
1175,96.3602,0.1186,12753.9298
1176,101.1222,0.1242,14009.7456
1177,103.1591,0.1258,14784.0847
1178,109.5261,0.1344,16153.1356
1179,117.0788,0.1449,17853.7721
1180,119.8604,0.147,19276.5386
1181,121.5778,0.1495,19566.2044
1182,119.79,0.1482,18618.9869
1183,119.3933,0.148,18474.2994
1184,124.1111,0.1531,20226.5626
1185,133.4431,0.1651,23205.0001
1186,146.703,0.1832,27435.1718
1187,166.7035,0.2107,33926.3888
1188,136.679,0.1704,24084.0494
1189,145.4813,0.1836,25861.6084
1190,114.469,0.1419,17405.7383
1191,97.5173,0.1213,12802.2197
1192,85.6779,0.1072,10058.2236
1193,78.1924,0.0976,8848.4089
1194,70.7184,0.0881,7793.8867
1195,61.1903,0.0758,6516.8189
1196,57.3412,0.0712,5808.9977
1197,67.8007,0.0839,7879.3271
1198,76.9234,0.0947,9829.2392
1199,80.1697,0.0994,10573.3551
1200,87.5751,0.1089,12050.5643
1201,91.0135,0.1127,13051.2097
1202,98.4696,0.1238,14038.8733
1203,113.6014,0.146,16480.9606
1204,126.445,0.1631,19905.154
1205,131.3672,0.1686,21539.5495
1206,127.597,0.1634,20529.0642
1207,120.5723,0.1543,18531.0925
1208,121.6822,0.1557,18715.3155
1209,127.2913,0.1622,21075.4141
1210,131.0089,0.1676,22696.8459
1211,128.2132,0.1646,22229.4515
1212,111.1609,0.1425,17860.6053
1213,104.4044,0.1344,16584.1089
1214,94.3385,0.1219,14670.3586
1215,79.1434,0.1035,11105.9202
1216,63.2134,0.086,6950.4638
1217,49.7766,0.0714,4307.2247
1218,47.393,0.0713,3663.8772
1219,46.8439,0.0721,3680.5398
1220,48.4784,0.0736,3884.3578
1221,60.9322,0.0906,5956.6745
1222,56.3502,0.0831,5905.8748
1223,51.906,0.078,5150.6964
1224,49.7777,0.0785,4138.1525
1225,44.4576,0.0736,3088.6334
1226,48.6998,0.082,3506.7935
1227,46.0685,0.0781,2954.4406
1228,43.2144,0.0745,2595.6271
1229,39.2008,0.068,2392.2021
1230,39.7377,0.0689,2615.0925
1231,45.4869,0.0787,3205.0964
1232,49.8455,0.0877,3622.3251
1233,52.7883,0.0963,4065.0319
1234,52.4288,0.0985,3955.0996
1235,47.4108,0.0914,3270.0221
1236,46.477,0.0906,3070.0644
1237,45.9243,0.0898,2980.2742
1238,49.2449,0.0955,3096.7126
1239,54.0417,0.1048,3671.2997
1240,54.8246,0.1062,3981.042
1241,57.0579,0.1105,4474.3758
1242,55.5111,0.1073,4367.5418
1243,51.758,0.0998,3967.6997
1244,49.1778,0.0951,3752.1423
1245,48.6639,0.0942,3515.5438
1246,49.8928,0.0965,3490.0438
1247,52.7204,0.1026,3770.6025
1248,55.9445,0.1101,4293.7096
1249,72.9149,0.1456,6779.5705
1250,76.7419,0.1534,7265.5613
1251,78.7825,0.1581,7560.7103
1252,81.2033,0.1649,7956.9117
1253,86.2144,0.1772,8509.2355
1254,89.8817,0.1867,8866.1222
1255,88.5709,0.1858,8520.8636
1256,85.836,0.1824,8017.8347
1257,83.5733,0.1775,7838.176
1258,80.4035,0.1711,7398.5872
1259,83.5467,0.1777,7776.6904
1260,87.2968,0.1841,8584.0311
1261,87.7413,0.1854,9057.5165
1262,86.3347,0.1825,8920.0811
1263,83.5879,0.1755,8364.2288
1264,80.7107,0.1688,7885.7824
1265,77.9672,0.1623,7425.9985
1266,78.2997,0.1631,7587.0571
1267,80.0712,0.1671,7841.1445
1268,81.6656,0.1708,8222.239
1269,80.4413,0.1677,8147.5369
1270,83.285,0.1731,8767.9321
1271,89.1209,0.186,9829.9633
1272,97.1719,0.2051,11766.3905
1273,99.9866,0.2127,12768.3872
1274,102.1745,0.2201,13661.6264
1275,105.5107,0.2309,14803.8463
1276,104.8944,0.2317,14351.4821
1277,103.8336,0.2325,13940.2317
1278,98.8411,0.2242,12594.4646
1279,97.9192,0.2226,12240.6553
1280,100.5158,0.2297,12598.4746
1281,102.0035,0.2355,12848.9349
1282,103.5839,0.2395,12920.0326
1283,105.017,0.241,12912.6582
1284,97.6247,0.2242,11347.9063
1285,88.8716,0.2044,9678.4726
1286,77.3902,0.1797,7819.4479
1287,72.7539,0.1693,7242.0169
1288,73.0026,0.1699,7339.6931
1289,74.5063,0.1737,7742.6959
1290,76.9633,0.1791,8345.7393
1291,79.2974,0.1847,9181.1702
1292,81.6747,0.1916,9572.898
1293,87.6661,0.2055,10150.201
1294,82.2137,0.1954,9498.0256
1295,77.2857,0.184,8697.8358
1296,73.4583,0.175,8070.767
1297,71.835,0.1701,7329.8922
1298,68.0266,0.1621,6720.5646
1299,63.0138,0.152,6335.2073
1300,61.7379,0.15,6573.9001
1301,59.9013,0.1431,5729.4994
1302,56.2077,0.1316,4428.4884
1303,56.5489,0.1332,4438.7516
1304,57.5294,0.1354,4565.2896
1305,63.0416,0.1491,5596.6762
1306,64.4977,0.1519,5943.6677
1307,62.9076,0.1477,5785.7602
1308,64.081,0.15,5852.0983
1309,62.6868,0.1451,5438.7182
1310,62.0503,0.1395,5049.4897
1311,57.9639,0.1283,4552.4893
1312,57.1881,0.1274,4500.9831
1313,61.5224,0.1388,5126.8807
1314,65.8737,0.1502,6034.8807
1315,68.7006,0.1577,6699.9263
1316,70.3127,0.1613,7280.0443
1317,70.0228,0.1605,7119.3885
1318,70.7198,0.1626,7085.3398
1319,69.7386,0.161,7010.3311
1320,68.5781,0.1563,6562.0439
1321,63.7716,0.1448,5632.8427
1322,62.5245,0.143,5444.1981
1323,61.2205,0.1408,5272.019
1324,60.1063,0.1364,4908.9022
1325,59.7387,0.1352,4836.5446
1326,61.3586,0.139,5196.2041
1327,60.4491,0.1377,5294.1385
1328,58.0783,0.1309,4850.801
1329,58.0972,0.1296,4757.0027
1330,59.1178,0.1301,4566.8941
1331,59.2295,0.134,5084.7316
1332,61.444,0.1394,5593.7884
1333,56.6074,0.1253,4262.6602
1334,50.5094,0.1131,3867.8884
1335,52.083,0.1157,3902.1277
1336,55.6194,0.1232,4181.9222
1337,58.6432,0.1295,4514.2883
1338,57.4753,0.1283,4783.1379
1339,60.5879,0.134,5442.0077
1340,57.1533,0.1269,4881.5282
1341,59.6186,0.1327,5194.2361
1342,61.8538,0.1386,5988.5829
1343,63.9297,0.1421,6289.8181
1344,63.4083,0.1399,5925.1534
1345,61.8167,0.1379,5577.0744
1346,60.0449,0.1343,5232.4897
1347,59.9274,0.1332,5068.9966
1348,60.1653,0.1329,5092.7759
1349,61.2481,0.1357,5482.5977
1350,63.7736,0.1433,6186.1925
1351,67.383,0.1503,6646.7332
1352,63.4222,0.1412,6039.1479
1353,62.0961,0.1364,5428.748
1354,63.1584,0.1374,5214.5454
1355,58.6,0.1278,4771.7135
1356,56.3525,0.1239,4479.4801
1357,56.9645,0.1238,4320.9452
1358,55.228,0.1199,4222.5799
1359,52.8032,0.114,3900.4246
1360,54.7497,0.1186,4193.324
1361,56.4962,0.1234,4437.2409
1362,59.1864,0.1293,4776.6433
1363,55.6489,0.1228,4599.3574
1364,56.652,0.1246,4964.2343
1365,54.9987,0.1205,4592.4159
1366,51.0102,0.1119,3890.512
1367,48.9663,0.1068,3587.5341
1368,44.148,0.0961,3001.8283
1369,39.1982,0.0856,2340.2671
1370,40.7186,0.0895,2450.9581
1371,44.3686,0.096,2695.6322
1372,44.0063,0.0936,2670.8548
1373,45.8179,0.0956,2730.1506
1374,46.4259,0.0958,2717.4906
1375,45.3483,0.0941,2896.9342
1376,43.4617,0.0901,2839.0568
1377,43.4547,0.0915,3021.7109
1378,48.201,0.1016,3354.1181
1379,51.4619,0.1078,3493.2153
1380,49.3882,0.1033,3127.1808
1381,50.7351,0.1065,3418.1508
1382,53.0067,0.1112,3683.0114
1383,59.2586,0.1247,4439.8508
1384,63.7393,0.1334,5099.5463
1385,70.2304,0.1463,5921.4135
1386,77.0424,0.1602,6764.7721
1387,81.6287,0.1704,7490.8405
1388,84.3785,0.1763,8287.7888
1389,90.0495,0.1885,9697.8887
1390,89.5729,0.1884,9928.6215
1391,86.0128,0.1824,9637.1225
1392,91.0879,0.193,10907.948
1393,93.3361,0.1961,11352.0201
1394,95.7774,0.2002,11523.5239
1395,93.2863,0.1949,10794.9297
1396,87.8389,0.1835,9631.6437
1397,84.5533,0.1764,8803.4396
1398,88.553,0.1847,9354.5626
1399,98.6211,0.2071,11322.5264
1400,100.3471,0.2119,11979.7729
1401,94.3008,0.1987,10732.7273
1402,90.3698,0.1909,9665.4509
1403,88.006,0.1852,8932.0614
1404,87.1749,0.1827,8589.2558
1405,85.4824,0.1782,8163.8237
1406,82.3948,0.1722,7828.9198
1407,79.371,0.1662,7497.5571
1408,75.4266,0.1573,6799.3542
1409,75.6445,0.1571,6582.4081
1410,75.9461,0.1578,6511.7719
1411,76.7387,0.1598,6645.1979
1412,77.7279,0.1616,6926.7693
1413,80.1137,0.1651,7364.8329
1414,75.884,0.1552,6867.3812
1415,69.3696,0.1423,6080.0089
1416,65.1535,0.1339,5470.9862
1417,70.0143,0.1435,6391.6465
1418,69.694,0.1428,6842.8531
1419,73.0984,0.1487,7190.3159
1420,74.4111,0.1516,7159.5006
1421,68.2412,0.1391,6114.7656
1422,61.5401,0.1248,4894.4614
1423,60.379,0.122,4566.0197
1424,65.9288,0.1337,5269.2921
1425,65.3471,0.1318,5494.1835
1426,63.9995,0.1263,5236.8962
1427,63.8268,0.122,5344.0906
1428,65.3295,0.1218,5647.508
1429,68.8165,0.1259,6318.1573
1430,74.1618,0.1332,7252.9528
1431,77.2413,0.1358,7959.1365
1432,76.6416,0.1325,7954.3123
1433,70.6739,0.1197,7230.3683
1434,72.1275,0.1209,7588.416
1435,72.4343,0.1213,7828.3833
1436,69.1727,0.1145,7407.9838
1437,57.6602,0.0937,5507.0846
1438,49.076,0.0791,3986.9307
1439,48.6153,0.0779,3886.8338
1440,41.8509,0.0682,2741.0607
1441,35.1795,0.058,1875.0918
1442,32.3701,0.0539,1761.5904
1443,35.2383,0.0592,2112.1086
1444,38.3554,0.0636,2392.4713
1445,42.5449,0.0704,2332.3602
1446,40.6385,0.0674,2184.4145
1447,38.5142,0.0624,2071.1528
1448,42.7362,0.0677,2416.4166
1449,51.2071,0.08,3662.1799
1450,53.8275,0.0849,3824.1106
1451,54.484,0.0861,3989.3662
1452,50.5653,0.0788,3578.2198
1453,51.4803,0.0799,3704.2647
1454,54.0927,0.0837,4158.8048
1455,53.1424,0.0838,3644.4644
1456,52.531,0.0839,3488.0171
1457,49.616,0.0796,3292.6678
1458,46.6969,0.0747,3221.8423
1459,45.1419,0.0723,2951.8789
1460,42.7213,0.0702,2306.0661
1461,39.4577,0.0662,2068.8134
1462,41.0565,0.069,2220.0057
1463,43.2201,0.0736,2450.2873
1464,42.3289,0.0738,2282.3024
1465,36.1805,0.064,1845.7436
1466,32.3044,0.0579,1455.0658
1467,33.6749,0.06,1511.4785
1468,35.4645,0.0634,1645.4977
1469,38.2742,0.069,1879.3853
1470,42.6288,0.0775,2231.6924
1471,47.5352,0.0871,2683.4095
1472,48.1727,0.0887,2770.5803
1473,48.6937,0.0902,2750.3964
1474,46.355,0.0859,2607.1036
1475,42.8192,0.0816,2187.3361
1476,35.7568,0.0668,1596.0162
1477,35.6278,0.0662,1660.383
1478,33.9358,0.0625,1436.8801
1479,31.1239,0.0571,1305.6557
1480,32.0582,0.0585,1343.2163
1481,35.2794,0.0651,1597.6279
1482,41.197,0.0763,2100.7071
1483,42.8797,0.0795,2236.3011
1484,35.4563,0.0659,1684.9539
1485,31.6935,0.0586,1437.0463
1486,31.8716,0.0598,1450.2848
1487,34.3083,0.0646,1600.1431
1488,34.5122,0.0644,1635.1367
1489,33.3419,0.0615,1487.9633
1490,33.2333,0.0609,1468.6718
1491,33.0412,0.0614,1456.1634
1492,32.2333,0.0597,1451.6852
1493,29.8592,0.0538,1331.894
1494,27.0372,0.0483,1235.1624
1495,26.6583,0.048,1167.3588
1496,27.7,0.0496,1161.6122
1497,29.077,0.0521,1390.6886
1498,33.164,0.0588,1718.0665
1499,32.4364,0.0559,1592.9568
1500,38.3633,0.0641,2184.6765
1501,42.9372,0.0708,2834.2771
1502,45.994,0.0759,3377.1208
1503,40.5785,0.0674,2708.7651
1504,35.3257,0.0587,2150.1005
1505,34.6879,0.0578,2315.1968
1506,37.9321,0.0649,2605.0857
1507,38.6031,0.0672,2643.3552
1508,34.0216,0.0598,1893.9775
1509,30.4733,0.0544,1442.0897
1510,33.9912,0.0613,1741.188
1511,34.5501,0.0632,2005.8
1512,32.3835,0.0593,1871.9824
1513,30.9092,0.0555,1513.4361
1514,31.5931,0.0562,1389.5973
1515,36.5488,0.0657,1846.2102
1516,39.7274,0.0719,2177.3021
1517,38.8865,0.071,2145.9333
1518,37.8379,0.0692,2136.3852
1519,38.4018,0.0708,2155.9175
1520,39.067,0.0733,2171.0489
1521,37.2535,0.0706,1971.8514
1522,33.7545,0.0645,1728.74
1523,31.9841,0.0606,1556.7578
1524,29.7064,0.0565,1355.8654
1525,30.2995,0.0565,1397.2649
1526,33.1515,0.0586,1618.7857
1527,31.2506,0.0551,1439.3518
1528,30.804,0.0526,1504.9945
1529,36.611,0.0627,1956.4862
1530,42.2071,0.0731,2422.3683
1531,41.175,0.0721,2272.5859
1532,34.1326,0.0598,1625.9053
1533,29.6419,0.0528,1372.1407
1534,36.0175,0.0654,2017.2698
1535,39.8102,0.0735,2465.9915
1536,39.3085,0.0734,2582.0022
1537,37.0413,0.0694,2375.0732
1538,36.1683,0.0681,2070.5144
1539,38.0736,0.0732,2330.3054
1540,38.964,0.0751,2426.7023
1541,39.5768,0.0764,2589.7297
1542,40.4849,0.0787,2759.8519
1543,40.5173,0.0793,2779.8111
1544,41.3511,0.08,2643.3736
1545,43.8511,0.0853,2904.3048
1546,49.3703,0.0975,3688.5751
1547,49.1038,0.098,3795.5292
1548,47.1652,0.0938,3423.3191
1549,47.5767,0.0949,3800.0427
1550,51.6585,0.103,4456.7955
1551,55.8897,0.1133,5470.3725
1552,58.2649,0.1197,6331.158
1553,62.4664,0.1306,7209.051
1554,68.1967,0.1445,8109.4587
1555,76.167,0.1624,9362.6002
1556,82.663,0.1761,10825.2681
1557,87.466,0.1856,11896.272
1558,87.7689,0.1866,12212.2164
1559,91.4241,0.1947,12807.3467
1560,95.9209,0.2043,13594.7791
1561,100.1379,0.2125,14505.452
1562,102.5708,0.2165,14990.6073
1563,104.0687,0.2203,15551.4784
1564,103.4545,0.2202,15263.6127
1565,99.0864,0.2111,13878.5881
1566,98.462,0.2098,13695.7964
1567,100.4688,0.2149,14066.7441
1568,97.5164,0.2088,13336.3564
1569,91.5561,0.1963,11717.8178
1570,94.7869,0.206,12527.7208
1571,100.0616,0.221,13945.5969
1572,97.845,0.2189,13864.9988
1573,95.3692,0.213,13372.6296
1574,92.2319,0.2056,12630.2828
1575,88.9892,0.1975,11608.5745
1576,86.776,0.1923,11119.2639
1577,84.2718,0.186,10519.8217
1578,84.0579,0.1844,10015.7578
1579,83.729,0.1822,9480.5552
1580,83.9747,0.183,9913.5335
1581,86.3553,0.1882,10944.6357
1582,83.2463,0.1808,10624.0485
1583,78.979,0.1717,9937.3036
1584,82.6392,0.1793,10407.6526
1585,91.4816,0.1986,12567.1642
1586,94.623,0.2058,14036.9771
1587,95.0682,0.2057,14234.5933
1588,97.037,0.2087,13803.9116
1589,93.4773,0.2024,12842.9424
1590,89.4638,0.1946,12482.6241
1591,94.1592,0.2042,13704.8473
1592,93.3507,0.2022,13602.1767
1593,84.2796,0.181,11386.692
1594,77.5003,0.1617,9463.1845
1595,72.4259,0.1447,8515.4812
1596,66.9661,0.1266,7554.6058
1597,69.4123,0.1271,7823.2708
1598,74.1565,0.1323,8384.8756
1599,74.6446,0.1283,8390.8415
1600,67.9331,0.1129,6994.5555
1601,64.1124,0.1054,6140.9459
1602,63.0977,0.1033,5893.2011
1603,60.7273,0.0986,5687.7063
1604,53.3483,0.0854,4648.9179
1605,45.646,0.0709,3664.7575
1606,42.632,0.0657,3405.0252
1607,42.2222,0.066,3266.2289
1608,38.1323,0.061,2284.7397
1609,32.4075,0.053,1415.8274
1610,27.7926,0.0459,1089.2144
1611,29.1768,0.0485,1302.8703
1612,30.3231,0.0494,1459.4491
1613,28.2597,0.0452,1214.3987
1614,26.636,0.0434,1065.607
1615,27.0721,0.0448,1060.1311
1616,30.7332,0.0511,1326.7721
1617,37.6333,0.061,2098.1006
1618,44.1233,0.069,3365.7199
1619,49.3084,0.075,4597.2645
1620,54.645,0.083,5399.2886
1621,60.0043,0.0915,6386.6189
1622,67.6018,0.1007,8126.9766
1623,65.4174,0.096,7786.7942
1624,60.3771,0.0865,7069.8944
1625,62.2085,0.0882,7614.1818
1626,65.0519,0.0928,8168.8442
1627,65.3337,0.0942,7823.0448
1628,56.0861,0.0801,5875.3842
1629,49.1744,0.0703,4371.4814
1630,50.6361,0.0749,4125.6054
1631,52.9405,0.0796,4347.8488
1632,52.5193,0.0792,4205.663
1633,47.9757,0.0718,3642.6044
1634,44.215,0.0659,3130.5802
1635,46.0459,0.0697,3419.3727
1636,50.2816,0.0766,3842.9797
1637,52.1144,0.0794,4035.3771
1638,50.515,0.0775,3875.9578
1639,53.4188,0.0842,4093.4639
1640,55.7097,0.0875,4503.4581
1641,59.2327,0.0919,5226.8695
1642,59.3431,0.0916,5454.6682
1643,59.6099,0.0917,5433.7564
1644,60.4032,0.0922,5602.557
1645,60.1295,0.0906,5873.122
1646,59.9411,0.0889,6085.1996
1647,53.9486,0.0805,4896.6405
1648,51.5546,0.0775,4513.3597
1649,51.9747,0.0794,4635.6718
1650,52.9653,0.0826,4904.6772
1651,49.6705,0.0779,4497.3115
1652,39.6069,0.0622,2794.205
1653,31.6491,0.0508,1554.8214
1654,34.7737,0.0578,1681.1563
1655,39.4699,0.0666,2275.8197
1656,42.7562,0.072,2582.7332
1657,43.0814,0.072,2622.2516
1658,45.8368,0.0767,2918.9502
1659,45.2221,0.076,3064.4955
1660,47.8988,0.0804,3623.4804
1661,52.5109,0.0876,4093.484
1662,52.2202,0.0861,4020.446
1663,49.307,0.0786,3879.2409
1664,47.4251,0.075,3631.0606
1665,46.7174,0.0731,3501.6765
1666,46.1528,0.0722,3352.0504
1667,45.8762,0.0721,3174.0323
1668,46.6754,0.0719,3740.3557
1669,48.988,0.0732,4766.3438
1670,51.5671,0.0762,5297.2572
1671,49.5389,0.0729,4720.996
1672,50.427,0.075,4724.553
1673,50.1058,0.0748,4975.7247
1674,53.7566,0.0811,5602.9487
1675,51.8143,0.079,5041.8606
1676,44.9499,0.0683,3698.7412
1677,41.3149,0.0631,2932.8307
1678,41.8358,0.0642,3068.5045
1679,43.439,0.0669,3357.3713
1680,41.5858,0.0635,3240.874
1681,40.4606,0.0615,2952.8555
1682,38.4826,0.0584,2885.4871
1683,40.9282,0.0626,3300.739
1684,44.8496,0.0679,3804.1403
1685,45.7249,0.0689,3681.1588
1686,43.0679,0.0648,3376.2221
1687,39.6596,0.0587,3257.6051
1688,40.7747,0.0607,3173.1444
1689,42.5177,0.0627,3463.8273
1690,45.9143,0.0669,4239.5036
1691,40.274,0.0604,2864.3513
1692,34.8158,0.0542,1807.023
1693,35.2715,0.0548,1873.7117
1694,41.8697,0.0665,2433.9304
1695,41.1817,0.0668,2408.8957
1696,38.0604,0.0629,2069.1664
1697,36.8071,0.0612,2009.5113
1698,36.0478,0.0603,2029.7885
1699,33.6306,0.056,1792.9536
1700,30.1789,0.0504,1204.4791
1701,28.6073,0.049,1109.0284
1702,34.2308,0.0596,1679.6056
1703,38.5671,0.0677,2097.2577
1704,37.3701,0.066,2055.8387
1705,32.6836,0.0583,1639.4283
1706,29.5698,0.0529,1246.6342
1707,29.6559,0.0523,1292.1076
1708,29.6799,0.0524,1362.9229
1709,31.0433,0.0548,1511.5935
1710,33.511,0.0593,1751.3389
1711,34.3388,0.0615,1680.7877
1712,32.7357,0.0598,1605.5015
1713,34.9861,0.0641,2048.3656
1714,36.5076,0.0663,2282.9145
1715,34.1187,0.065,1924.1167
1716,38.9493,0.0778,2358.1605
1717,51.2105,0.103,3861.2951
1718,54.2593,0.1087,4407.6438
1719,61.9113,0.1228,5492.7792
1720,64.535,0.1267,5612.6393
1721,67.431,0.1313,5674.6022
1722,70.1366,0.1365,5840.5122
1723,75.0803,0.1472,6577.8468
1724,82.6722,0.1631,8087.8151
1725,84.6683,0.1673,8804.0569
1726,81.106,0.1605,8261.4904
1727,75.6302,0.1501,7281.8191
1728,70.4029,0.1401,6418.1573
1729,67.9806,0.135,6003.9819
1730,66.693,0.1314,5647.6043
1731,70.8803,0.1403,6214.8332
1732,72.3855,0.1443,6443.3441
1733,72.9004,0.1458,6375.0538
1734,77.0269,0.154,6982.7084
1735,84.7004,0.1695,8346.7561
1736,87.07,0.1757,9093.3668
1737,76.5119,0.1554,7395.8039
1738,69.6749,0.1427,6166.983
1739,66.3651,0.1366,5408.7818
1740,64.0658,0.1317,5024.4603
1741,60.7796,0.1242,4522.4088
1742,56.8869,0.1167,4138.4945
1743,57.9573,0.1186,4232.9588
1744,63.2496,0.1292,4929.2374
1745,70.2803,0.1433,5818.5908
1746,74.3746,0.1515,6368.241
1747,74.8817,0.152,6235.4718
1748,74.9489,0.1512,6046.0268
1749,73.8121,0.1483,5967.9987
1750,69.9284,0.1401,5385.1215
1751,68.4071,0.1369,5133.3813
1752,72.1765,0.1452,5728.2898
1753,79.7035,0.1603,7094.8409
1754,84.0829,0.1676,8027.1401
1755,79.031,0.1558,7349.1329
1756,71.6995,0.141,6181.7659
1757,63.4716,0.125,4915.6919
1758,58.5163,0.1149,4147.1866
1759,65.1424,0.1285,4883.1544
1760,75.1812,0.1499,6594.4104
1761,68.1645,0.1349,5843.6716
1762,58.7944,0.113,4494.8666
1763,55.309,0.1033,3967.6171
1764,53.8243,0.0978,3851.6579
1765,55.668,0.099,4477.0762
1766,61.485,0.1076,5741.2136
1767,65.4857,0.1117,6503.7277
1768,64.3583,0.108,5999.1231
1769,65.697,0.1122,5499.9154
1770,69.2595,0.1213,5615.5845
1771,69.752,0.1223,5794.7412
1772,67.2866,0.1173,5420.2031
1773,58.7731,0.0999,4249.7159
1774,53.6489,0.0894,3899.8586
1775,53.1385,0.0878,3995.9759
1776,48.9859,0.0812,3408.5809
1777,41.4387,0.0688,2454.3115
1778,37.6868,0.0625,2030.9341
1779,37.539,0.0618,2251.2616
1780,38.8753,0.0617,2690.3302
1781,41.0025,0.0641,2945.5523
1782,40.2914,0.0635,2748.7966
1783,33.7216,0.053,2053.3698
1784,30.2747,0.047,1689.3829
1785,35.6953,0.0552,2162.4305
1786,41.1117,0.0633,2872.3098
1787,46.3238,0.0695,4146.7719
1788,51.0747,0.0761,4943.19
1789,56.0025,0.0835,5804.633
1790,60.7166,0.0901,6990.3921
1791,64.6469,0.0962,7769.8582
1792,53.6518,0.0798,5566.3337
1793,47.0649,0.0695,4532.0459
1794,48.529,0.0732,4420.4236
1795,51.2806,0.0786,4613.4944
1796,48.7737,0.0745,4091.133
1797,41.8159,0.0626,3252.7114
1798,38.3707,0.0569,2955.7169
1799,38.0019,0.0571,2851.4033
1800,39.1788,0.06,2623.8731
1801,36.7075,0.0558,2322.695
1802,37.8157,0.0573,2302.935
1803,38.9029,0.0587,2518.6524
1804,42.1821,0.0635,2913.8587
1805,44.847,0.068,2995.1871
1806,42.4471,0.0652,2746.3866
1807,37.0466,0.0563,2345.5918
1808,37.402,0.0566,2268.6321
1809,47.9377,0.073,3330.67
1810,54.6258,0.0829,4174.7321
1811,61.0379,0.0925,5049.0603
1812,67.2296,0.1023,5941.6862
1813,74.8819,0.1139,7310.5306
1814,83.2362,0.1267,8788.4374
1815,90.5962,0.1394,9940.1475
1816,86.3551,0.1337,8988.5515
1817,57.9923,0.089,4666.0007
1818,34.8093,0.0525,2461.6706
1819,33.5644,0.0515,1935.92
1820,36.1077,0.0568,2015.3682
1821,36.6368,0.0578,1939.7128
1822,35.2727,0.0561,1781.355
1823,34.4544,0.0551,1726.4364
1824,27.5514,0.0427,1271.9356
1825,26.3354,0.0401,1143.2246
1826,28.1369,0.0439,1255.1908
1827,34.3552,0.0539,1959.8154
1828,38.8803,0.0595,2499.3936
1829,40.4319,0.0618,2472.9239
1830,38.2104,0.0581,2451.2042
1831,33.5602,0.0503,2409.6169
1832,35.3738,0.0541,2257.1945
1833,38.7833,0.0591,2590.8723
1834,41.9423,0.0633,3033.4806
1835,43.0754,0.065,3211.9381
1836,50.8124,0.0763,3999.494
1837,56.9449,0.0853,4967.4474
1838,57.1537,0.085,5114.5373
1839,57.2606,0.0859,4720.0789
1840,46.4949,0.07,3255.4754
1841,38.5675,0.0583,2516.2944
1842,40.2826,0.0616,2775.9118
1843,41.0525,0.0634,2819.8331
1844,35.2981,0.0547,2013.8419
1845,30.454,0.0467,1527.6277
1846,30.9897,0.0483,1469.8315
1847,38.2047,0.0606,1999.918
1848,38.7716,0.0615,2097.7042
1849,36.3281,0.0573,1880.1515
1850,33.7175,0.0528,1832.9246
1851,34.8029,0.0552,2065.959
1852,36.9825,0.059,2359.1317
1853,36.5718,0.0588,2089.23
1854,35.6834,0.058,1800.7343
1855,35.7042,0.06,1753.9695
1856,35.4932,0.0596,1691.2861
1857,38.4448,0.0634,2123.4509
1858,39.5487,0.0641,2383.418
1859,41.0885,0.0655,2562.7765
1860,36.8324,0.0621,1795.8823
1861,30.7268,0.0512,1576.4319
1862,26.9957,0.044,1476.4551
1863,23.1622,0.0384,1174.0136
1864,20.8206,0.0363,806.0174
1865,22.5121,0.0404,822.6251
1866,29.8226,0.0536,1165.5244
1867,36.7017,0.0662,1637.7534
1868,38.3578,0.0702,1912.4854
1869,43.0872,0.0791,2396.3622
1870,44.6475,0.0833,2872.8531
1871,41.4494,0.0777,2669.5015
1872,36.9697,0.0683,2161.0175
1873,32.7499,0.0592,1634.4165
1874,29.6445,0.053,1210.4764
1875,30.1165,0.0539,1299.862
1876,30.8286,0.0548,1348.2956
1877,29.9875,0.0533,1292.9275
1878,30.7638,0.0547,1373.1931
1879,29.7323,0.053,1267.4247
1880,28.9655,0.0527,1276.4562
1881,33.8948,0.062,1594.0356
1882,32.1368,0.0576,1538.5598
1883,31.5546,0.0566,1444.3884
1884,29.7903,0.0557,1311.7814
1885,33.1815,0.063,1941.2102
1886,38.6988,0.0729,2530.7921
1887,43.6031,0.0827,3251.899
1888,41.8195,0.0791,3159.0692
1889,42.5422,0.0809,3285.5439
1890,45.5436,0.0874,3757.5661
1891,55.4513,0.1077,4876.8136
1892,66.5469,0.1299,6664.8204
1893,73.1676,0.1435,7897.6819
1894,72.8412,0.1431,8091.6946
1895,74.1521,0.1461,8175.5424
1896,75.9065,0.1495,8146.3723
1897,76.9013,0.1507,8100.0652
1898,77.2344,0.151,7988.9479
1899,77.3247,0.1517,8070.0706
1900,75.4219,0.1486,7624.3247
1901,73.607,0.1453,7080.9874
1902,76.005,0.1502,7310.4891
1903,79.3196,0.1574,7675.5123
1904,81.7633,0.1633,8067.5103
1905,79.9512,0.1604,7860.8103
1906,71.6183,0.1443,6350.1678
1907,69.5264,0.1406,5898.5584
1908,65.9885,0.1333,5270.628
1909,64.7444,0.1309,5384.5647
1910,69.6239,0.1416,6245.9085
1911,71.8954,0.1465,6827.1127
1912,75.5443,0.1538,7580.3285
1913,74.6381,0.1518,7434.8608
1914,74.1153,0.1509,7181.5788
1915,73.7643,0.1506,6998.3524
1916,75.0523,0.1533,7108.7795
1917,76.6621,0.1561,7593.1813
1918,78.4556,0.159,8002.4666
1919,76.4541,0.1547,7735.8252
1920,74.7352,0.152,7560.8184
1921,79.1549,0.161,8458.2948
1922,83.9305,0.1698,9376.5039
1923,84.4814,0.1709,9630.5319
1924,84.8771,0.1733,9446.8341
1925,81.7268,0.1678,8584.1447
1926,81.1108,0.167,8214.9031
1927,88.0618,0.182,9410.8349
1928,94.0345,0.1953,10615.605
1929,90.6713,0.1874,10311.2177
1930,85.9446,0.1757,9263.6358
1931,79.1592,0.1583,7896.8913
1932,79.1421,0.1539,7885.5545
1933,80.8843,0.1531,8501.1245
1934,87.1272,0.161,10011.8738
1935,91.7788,0.1665,11015.4526
1936,88.96,0.1588,10375.3014
1937,80.8928,0.1412,9024.2181
1938,80.9323,0.1399,9119.0978
1939,80.6041,0.1392,9389.8084
1940,80.9658,0.1391,9527.0489
1941,73.72,0.1253,7993.2444
1942,70.0249,0.1189,6800.9433
1943,68.1788,0.1156,6559.9703
1944,69.3629,0.1184,6423.4631
1945,64.271,0.1108,5200.5951
1946,63.0047,0.1099,4996.7791
1947,66.2312,0.1178,5756.8736
1948,70.1396,0.1254,6512.3683
1949,70.1483,0.1254,6356.6543
1950,69.4162,0.1248,6063.8829
1951,69.9459,0.1286,5971.5938
1952,73.006,0.1374,6320.4137
1953,75.7202,0.1432,6872.0827
1954,73.6164,0.1407,6536.0836
1955,71.3997,0.1328,6145.7038
1956,70.8622,0.1317,6179.2461
1957,70.7317,0.1309,6495.4001
1958,68.5251,0.1295,6052.7614
1959,72.0508,0.1357,6688.3481
1960,69.9048,0.1314,6066.3479
1961,66.7577,0.124,5492.0367
1962,72.6865,0.1361,6525.7109
1963,77.2728,0.146,7433.1372
1964,76.7754,0.1455,7544.087
1965,66.7327,0.1265,5667.0263
1966,57.2283,0.109,4157.4269
1967,55.2973,0.1059,3818.7841
1968,54.0437,0.1038,3538.2785
1969,53.8693,0.1044,3570.6325
1970,54.4178,0.1069,4111.0329
1971,57.0216,0.115,4878.0942
1972,60.4658,0.1231,5451.155
1973,63.3049,0.1286,5638.2395
1974,66.4909,0.1351,5882.3121
1975,66.4832,0.1403,6105.0149
1976,63.8583,0.1407,5915.7181
1977,65.0898,0.1433,5866.3853
1978,66.5112,0.1457,5966.92
1979,67.0608,0.1452,5927.1823
1980,68.5115,0.147,6088.4123
1981,69.3442,0.1476,6334.0582
1982,65.9678,0.1392,5834.2009
1983,65.2449,0.136,5763.9102
1984,66.5782,0.1381,5886.1481
1985,70.03,0.1457,6360.1049
1986,71.1565,0.1503,6688.0298
1987,71.2378,0.1532,6578.0208
1988,68.8168,0.1512,6454.2314
1989,71.2859,0.1579,6983.8808
1990,75.6079,0.1684,8201.5694
1991,78.3511,0.1729,8710.1965
1992,75.8762,0.1656,8017.2846
1993,70.4417,0.1541,7050.3477
1994,66.5679,0.1456,6724.4329
1995,67.8509,0.1451,7412.1468
1996,69.1354,0.1464,7784.9621
1997,67.8793,0.1455,8163.5396
1998,68.6209,0.1452,8528.1048
1999,71.2196,0.1449,8558.9351
2000,69.4029,0.1342,7507.1064
2001,61.5619,0.1142,6056.5313
2002,56.1657,0.1026,5052.3945
2003,53.8716,0.0964,4503.0086
2004,52.3169,0.0911,4498.3324
2005,51.0666,0.0866,4395.3349
2006,49.9054,0.0854,4215.5265
2007,47.5113,0.0819,3709.4863
2008,46.7011,0.0822,3374.0789
2009,46.9815,0.0838,3297.0898
2010,45.7328,0.0836,3389.3916
2011,47.0789,0.087,3598.6641
2012,47.3415,0.0885,3508.512
2013,50.1687,0.0941,3798.3773
2014,52.5828,0.0985,4190.9211
2015,50.1336,0.0931,4157.5643
2016,45.9047,0.0832,3495.9786
2017,44.1094,0.0796,2736.2734
2018,44.9803,0.0817,2775.7817
2019,49.1039,0.0886,3241.4905
2020,51.2919,0.0909,3516.866
2021,49.7121,0.0872,3594.6705
2022,53.8129,0.096,3839.2747
2023,55.1739,0.1003,3658.0428
2024,53.1211,0.0966,3386.0962
2025,53.4065,0.0961,3504.7218
2026,51.9123,0.0925,3531.216
2027,50.7709,0.0899,3454.9133
2028,47.9705,0.0849,3172.6929
2029,47.1317,0.0835,3266.9591
2030,47.5053,0.0852,3205.8953
2031,43.9921,0.0797,2661.3642
2032,36.8574,0.0676,1869.8137
2033,38.8213,0.0726,2055.8245
2034,45.4726,0.0857,2740.3324
2035,49.4048,0.0935,3076.3065
2036,44.2258,0.0837,2472.3109
2037,41.3928,0.0785,2256.6036
2038,40.9321,0.0786,2451.99
2039,43.5116,0.0845,2825.2584
2040,42.1867,0.0831,2938.9255
2041,44.9389,0.0881,3143.4151
2042,48.165,0.0942,3329.6907
2043,52.0381,0.1021,3579.6235
2044,51.337,0.1006,3244.0303
2045,47.9552,0.0946,2939.8507
2046,49.8498,0.0994,3300.7877
2047,52.269,0.1053,3618.07
2048,51.7691,0.1053,3573.0705
2049,51.6251,0.1058,3657.635
2050,56.2879,0.1161,4156.5477
2051,58.1965,0.1215,4506.679
2052,58.166,0.1217,4394.6812
2053,58.8152,0.122,4347.0518
2054,63.0999,0.1316,5087.059
2055,70.5519,0.1503,6807.2318
2056,76.6679,0.1644,8290.5512
2057,86.9733,0.1869,10012.0633
2058,91.8907,0.1988,10867.8561
2059,99.07,0.2154,12152.5339
2060,103.4712,0.2254,13368.3798
2061,109.5602,0.2396,14993.5669
2062,108.8346,0.2385,15003.7297
2063,105.2804,0.2313,14122.4298
2064,105.6499,0.2323,14127.4467
2065,107.6874,0.2359,14668.9956
2066,108.7517,0.2374,14984.8308
2067,110.8127,0.2432,15359.9776
2068,107.4777,0.2366,14398.0339
2069,101.9406,0.2245,13007.0892
2070,99.5055,0.2189,12143.7217
2071,105.2125,0.2328,13155.6493
2072,112.7295,0.2513,14927.6965
2073,114.7261,0.2559,15351.5544
2074,114.1564,0.2545,15101.6403
2075,112.7657,0.2517,14643.7579
2076,108.6409,0.2417,13613.8775
2077,110.6333,0.2468,14080.9108
2078,106.5436,0.2378,13266.3217
2079,99.1235,0.2205,11561.2826
2080,93.0242,0.2063,10275.6834
2081,91.8845,0.2021,9868.9846
2082,91.6579,0.2005,9676.9364
2083,94.9416,0.2075,10263.24
2084,98.6852,0.2155,10947.9609
2085,100.3535,0.2172,11339.6507
2086,100.9163,0.217,11547.2862
2087,98.0112,0.2103,11013.9459
2088,93.0856,0.2001,10038.6374
2089,95.4421,0.2048,10623.5185
2090,96.2904,0.2054,11137.4037
2091,90.8718,0.1922,10531.001
2092,83.0247,0.1749,9339.8748
2093,74.9309,0.1582,7624.9544
2094,68.1686,0.1441,6265.4094
2095,65.8881,0.1395,5726.4201
2096,66.2691,0.141,5606.9618
2097,75.5678,0.1617,6678.7928
2098,81.8462,0.1728,7818.1774
2099,84.1509,0.1739,8072.8342
2100,87.4872,0.179,8505.4842
2101,88.6542,0.1791,8805.4177
2102,92.1578,0.1836,9547.1066
2103,92.4073,0.1818,9580.6937
2104,88.5385,0.1708,8721.367
2105,82.1108,0.1567,7847.4369
2106,78.4383,0.1491,7445.6553
2107,77.7484,0.1469,7386.6157
2108,72.1281,0.1355,6578.1698
2109,59.1513,0.1103,4532.7745
2110,52.7466,0.098,3550.1614
2111,49.9769,0.0918,3251.6636
2112,48.1674,0.0878,3022.4129
2113,43.1092,0.0789,2477.5752
2114,41.8839,0.0767,2362.92
2115,45.6556,0.0835,2938.6176
2116,48.0894,0.0874,3469.8365
2117,49.7251,0.0896,3757.696
2118,51.4026,0.0909,4152.114
2119,53.2308,0.0942,4490.6816
2120,50.0104,0.0897,3959.4706
2121,48.4134,0.0875,3678.1481
2122,48.9962,0.0874,3732.486
2123,50.2919,0.0887,3877.7786
2124,50.0155,0.087,3568.7101
2125,52.741,0.093,4225.9306
2126,55.6488,0.099,4750.1955
2127,59.1045,0.1023,5740.5174
2128,56.6468,0.0955,5144.9863
2129,59.1788,0.0973,5506.5831
2130,64.0988,0.1062,6133.8756
2131,69.309,0.1158,6605.2518
2132,65.124,0.1084,5645.0909
2133,57.5132,0.0949,4215.9626
2134,50.9179,0.0841,3451.2007
2135,49.2021,0.0822,3413.1191
2136,47.4907,0.0797,3329.0012
2137,44.4306,0.0735,2889.0876
2138,43.7929,0.0731,2577.8052
2139,46.8547,0.0788,2959.3704
2140,49.7244,0.0829,3483.2792
2141,48.0157,0.0782,3670.4102
2142,46.1474,0.0757,3321.7989
2143,43.6928,0.072,2850.4113
2144,41.2935,0.0661,2707.2526
2145,43.7724,0.0681,3193.092
2146,48.0791,0.0735,3866.0329
2147,54.0453,0.0812,5016.5942
2148,59.879,0.0885,6364.9823
2149,65.012,0.0949,7728.9867
2150,69.4769,0.1,9200.9192
2151,75.223,0.1085,10543.5928
2152,69.1833,0.0992,9053.0095
2153,60.8734,0.0875,6974.8711
2154,64.0891,0.0949,6859.0526
2155,66.4622,0.1014,6333.3238
2156,64.3116,0.0992,5428.1817
2157,60.427,0.0923,4854.1481
2158,58.7786,0.0896,4849.7122
2159,57.894,0.0875,4992.7198
