,TEMPERATURE_MAE_TRAIN,TEMPERATURE_MAPE_TRAIN,TEMPERATURE_RMSE_TRAIN
0,1.1244,0.0509,2.0841
1,1.1773,0.0534,2.0824
2,1.2999,0.0589,2.2302
3,1.3585,0.0615,2.2859
4,1.3581,0.0617,2.2896
5,1.3347,0.0608,2.2703
6,1.3399,0.0612,2.288
7,1.2897,0.059,2.1521
8,1.2481,0.0571,1.9915
9,1.1759,0.0538,1.7551
10,1.0913,0.0498,1.5111
11,1.1,0.05,1.4562
12,1.1861,0.0535,1.5882
13,1.154,0.0518,1.4819
14,1.0391,0.0464,1.207
15,1.0032,0.0447,1.1255
16,1.0248,0.0453,1.1588
17,0.9727,0.0426,1.053
18,1.0171,0.0442,1.1491
19,1.0903,0.0473,1.3412
20,1.2671,0.0549,1.7693
21,1.496,0.065,2.3694
22,1.759,0.0765,3.1641
23,1.9795,0.086,3.9707
24,2.0217,0.0877,4.1423
25,1.4868,0.0649,2.3241
26,1.4486,0.0633,2.2858
27,1.428,0.0624,2.318
28,1.163,0.0511,1.725
29,0.931,0.0406,1.0901
30,0.8185,0.0351,0.7674
31,0.6527,0.0278,0.4927
32,0.5704,0.0243,0.3737
33,0.5545,0.0238,0.4029
34,0.7784,0.0335,0.8057
35,0.937,0.04,1.0382
36,0.7272,0.0313,0.7115
37,0.5476,0.0237,0.4826
38,0.5595,0.0241,0.4488
39,0.5764,0.0246,0.4271
40,0.6108,0.026,0.4531
41,0.6344,0.0267,0.4614
42,0.6725,0.0281,0.496
43,0.651,0.0272,0.4812
44,0.6063,0.0253,0.4306
45,0.5448,0.0227,0.3573
46,0.4961,0.0206,0.2927
47,0.4397,0.0182,0.2511
48,0.4131,0.017,0.229
49,0.3852,0.0158,0.207
50,0.3604,0.0148,0.186
51,0.3837,0.0156,0.2015
52,0.3879,0.0156,0.2367
53,0.4924,0.0196,0.4068
54,0.6543,0.026,0.6633
55,0.6404,0.0254,0.6324
56,0.5045,0.02,0.4028
57,0.3985,0.0158,0.2629
58,0.5003,0.0198,0.3704
59,0.4297,0.0168,0.3201
60,0.3958,0.0152,0.3536
61,0.4297,0.0169,0.2723
62,0.4705,0.0181,0.398
63,0.5103,0.0195,0.4807
64,0.3893,0.0149,0.2562
65,0.3732,0.0148,0.1754
66,0.3522,0.014,0.1732
67,0.3747,0.015,0.1982
68,0.4511,0.0181,0.2713
69,0.4849,0.0193,0.2856
70,0.4675,0.0182,0.2822
71,0.5781,0.0221,0.5543
72,0.7333,0.0282,0.8055
73,0.7357,0.0291,0.6641
74,0.7481,0.0299,0.6995
75,0.7628,0.0298,0.8031
76,0.8158,0.0316,1.0247
77,0.8413,0.0328,1.0965
78,0.8583,0.0336,1.1113
79,0.9091,0.0359,1.1644
80,0.9576,0.0387,1.2086
81,1.0864,0.0446,1.5631
82,1.1468,0.0471,1.7205
83,1.1766,0.0481,1.651
84,1.178,0.0482,1.6383
85,1.1064,0.0453,1.4563
86,1.3001,0.0537,1.949
87,1.5564,0.0644,2.8835
88,1.9181,0.0792,4.2721
89,2.1864,0.0905,5.4329
90,2.1658,0.0899,5.3982
91,2.4446,0.1019,6.7009
92,2.7925,0.1168,8.3731
93,2.8902,0.1212,8.895
94,2.7881,0.1174,8.2335
95,1.507,0.0639,2.5569
96,1.0051,0.0431,1.2911
97,0.9592,0.0415,1.2672
98,0.9241,0.0403,1.2646
99,0.8843,0.0388,1.2186
100,0.8423,0.037,1.0815
101,0.8755,0.0384,1.0815
102,0.8987,0.0396,1.1375
103,0.9615,0.0427,1.3565
104,1.0557,0.0471,1.6435
105,1.1773,0.0528,2.0418
106,1.2495,0.0562,2.2531
107,1.3555,0.0609,2.4517
108,1.3862,0.0622,2.3865
109,1.3181,0.0591,2.1032
110,1.2524,0.0562,1.8681
111,1.2304,0.0553,1.7865
112,1.2349,0.0555,1.7509
113,1.2296,0.0553,1.7259
114,1.2388,0.0558,1.8057
115,1.2516,0.0566,1.9115
116,1.3458,0.0609,2.149
117,1.4496,0.0657,2.3927
118,1.5781,0.0716,2.7136
119,1.6875,0.0767,3.004
120,1.8209,0.0829,3.4328
121,1.9388,0.0883,3.871
122,1.9683,0.0897,3.9677
123,1.7905,0.0817,3.2942
124,1.6367,0.0747,2.7789
125,1.5471,0.0706,2.5034
126,1.4975,0.0682,2.3397
127,1.4492,0.0659,2.1984
128,1.3537,0.0615,1.945
129,1.2023,0.0545,1.5679
130,1.0384,0.047,1.167
131,0.8576,0.0388,0.8016
132,0.6628,0.0299,0.4974
133,0.535,0.0241,0.3473
134,0.4681,0.021,0.2786
135,0.4192,0.0188,0.2346
136,0.3892,0.0175,0.2088
137,0.4028,0.0181,0.2405
138,0.4637,0.0208,0.3107
139,0.5144,0.023,0.3612
140,0.5582,0.0248,0.4032
141,0.5764,0.0255,0.422
142,0.5504,0.0244,0.3992
143,0.5074,0.0225,0.3709
144,0.5484,0.0242,0.4269
145,0.7225,0.0318,0.6786
146,0.781,0.0342,0.76
147,0.753,0.0328,0.68
148,0.6428,0.028,0.5038
149,0.5866,0.0254,0.4111
150,0.5931,0.0256,0.418
151,0.6708,0.0289,0.5094
152,0.7325,0.0315,0.598
153,0.5855,0.0251,0.3969
154,0.3803,0.0163,0.1844
155,0.2646,0.0114,0.0953
156,0.2967,0.0127,0.12
157,0.1635,0.007,0.0464
158,0.1704,0.0072,0.0509
159,0.2023,0.0085,0.0678
160,0.2337,0.0099,0.0917
161,0.278,0.0119,0.1591
162,0.3206,0.0137,0.2263
163,0.3207,0.0138,0.2599
164,0.4092,0.0176,0.3279
165,0.4662,0.02,0.3486
166,0.4656,0.02,0.3103
167,0.4876,0.021,0.315
168,0.5472,0.0235,0.392
169,0.6339,0.0273,0.5397
170,0.7048,0.0304,0.6734
171,0.67,0.0289,0.5755
172,0.531,0.0228,0.3311
173,0.4385,0.0188,0.2249
174,0.4637,0.02,0.2905
175,0.5863,0.0253,0.451
176,0.5133,0.0221,0.3525
177,0.522,0.0225,0.3545
178,0.5346,0.023,0.3625
179,0.5501,0.0236,0.3618
180,0.3817,0.0164,0.1998
181,0.2782,0.0119,0.1332
182,0.285,0.0121,0.1311
183,0.3314,0.0138,0.1662
184,0.3543,0.0146,0.2126
185,0.3485,0.0142,0.217
186,0.3861,0.0157,0.2563
187,0.3575,0.0145,0.2275
188,0.3548,0.0144,0.2192
189,0.3791,0.0154,0.2426
190,0.3937,0.0161,0.2327
191,0.4238,0.0174,0.2452
192,0.3575,0.0147,0.1922
193,0.3358,0.0139,0.1634
194,0.3319,0.0138,0.1592
195,0.3505,0.0143,0.2037
196,0.4105,0.0167,0.2998
197,0.4058,0.0164,0.2856
198,0.4091,0.0166,0.2641
199,0.2913,0.0118,0.1554
200,0.251,0.0102,0.1222
201,0.9771,0.0399,1.1928
202,1.5132,0.0616,2.6182
203,0.5756,0.0233,0.4119
204,0.3566,0.0138,0.3106
205,0.4588,0.0181,0.2842
206,0.4238,0.0163,0.3657
207,0.4466,0.0171,0.3754
208,0.5029,0.0193,0.4351
209,0.5516,0.0211,0.4959
210,0.5963,0.0229,0.5518
211,0.5748,0.022,0.5239
212,0.4179,0.0161,0.2817
213,0.4616,0.0188,0.3177
214,0.6407,0.026,0.5666
215,0.7789,0.0314,0.7561
216,1.675,0.0664,2.9131
217,3.0102,0.1186,9.1846
218,3.1124,0.1222,9.7779
219,3.0403,0.1192,9.3574
220,2.9931,0.1172,9.1536
221,2.834,0.1107,8.2877
222,2.8023,0.1093,8.0602
223,2.7567,0.1074,7.7605
224,2.6877,0.1046,7.3336
225,2.527,0.0982,6.454
226,2.4005,0.0934,5.8293
227,2.3484,0.0913,5.6073
228,2.076,0.0807,4.43
229,1.5872,0.0618,2.6494
230,1.4835,0.0578,2.361
231,1.1558,0.045,1.4675
232,0.7136,0.0282,0.6842
233,0.4221,0.0164,0.2286
234,0.338,0.0128,0.1653
235,0.2958,0.0113,0.1286
236,0.3468,0.0135,0.1836
237,0.5935,0.0231,0.4677
238,1.0291,0.0394,1.1882
239,1.5165,0.0577,2.4145
240,1.7354,0.0658,3.101
241,1.9794,0.0749,4.0008
242,2.1727,0.082,4.8183
243,2.0994,0.079,4.5364
244,2.0363,0.0765,4.3093
245,1.9175,0.0719,3.8334
246,1.6911,0.0633,2.9998
247,1.7172,0.0641,3.0751
248,1.7903,0.0668,3.3031
249,1.8279,0.0682,3.4117
250,1.6435,0.0613,2.7495
251,1.3882,0.0518,1.9638
252,1.2102,0.0452,1.538
253,0.9018,0.0338,0.9518
254,0.6488,0.0244,0.557
255,0.4858,0.0183,0.3386
256,0.4428,0.0167,0.2845
257,0.4824,0.0181,0.3253
258,0.4566,0.0171,0.2945
259,0.6297,0.0235,0.4671
260,1.1261,0.0418,1.3435
261,1.1826,0.0439,1.4979
262,1.1673,0.0431,1.5664
263,1.0902,0.0402,1.444
264,1.0406,0.0384,1.3065
265,0.9526,0.0352,1.0872
266,0.9573,0.0354,1.011
267,1.0325,0.0382,1.1258
268,0.9786,0.0365,1.071
269,0.9509,0.0359,1.189
270,0.8394,0.032,1.0794
271,0.8822,0.0337,1.1337
272,1.0342,0.0394,1.4002
273,1.1882,0.0452,1.7256
274,1.2473,0.0475,1.918
275,1.1201,0.0428,1.622
276,0.9719,0.0373,1.3041
277,0.7568,0.0291,0.8399
278,0.5231,0.0201,0.4669
279,0.5823,0.0225,0.5579
280,1.2508,0.0478,1.9672
281,1.6931,0.0644,3.2426
282,1.9669,0.0748,4.2242
283,1.9927,0.0759,4.3228
284,2.0196,0.0771,4.4265
285,1.9038,0.0731,4.022
286,1.6817,0.0649,3.2925
287,1.5647,0.0606,2.8827
288,1.5804,0.0614,2.8825
289,1.5776,0.0615,2.8138
290,1.3831,0.0542,2.2301
291,1.135,0.045,1.6646
292,1.0494,0.0418,1.519
293,1.1263,0.0448,1.7158
294,1.2324,0.0488,1.9865
295,1.3243,0.0523,2.2028
296,1.5667,0.0615,2.8761
297,1.1726,0.0463,1.8284
298,0.9163,0.0362,1.1435
299,0.8215,0.0315,0.8504
300,0.8387,0.032,0.8892
301,0.8336,0.031,1.0733
302,0.9565,0.0346,1.7697
303,0.9585,0.0352,1.4578
304,0.8953,0.0333,1.1029
305,0.897,0.0341,0.8924
306,0.8916,0.0347,0.9626
307,0.8494,0.0332,0.9543
308,0.78,0.0304,0.8635
309,0.8068,0.0309,0.8338
310,0.8665,0.0328,0.8864
311,0.8917,0.0335,0.9074
312,0.869,0.0324,0.8911
313,0.7573,0.0283,0.7017
314,0.4864,0.0185,0.4271
315,0.4287,0.0163,0.3463
316,0.4296,0.0163,0.3529
317,0.5545,0.021,0.5455
318,0.6595,0.0247,0.5953
319,0.5885,0.0219,0.4627
320,0.5983,0.0223,0.4602
321,0.5544,0.0206,0.4072
322,0.496,0.018,0.3982
323,0.5227,0.0189,0.4723
324,0.7172,0.026,0.7965
325,0.647,0.0235,0.6196
326,0.5372,0.0201,0.3601
327,0.6239,0.0234,0.4883
328,0.5174,0.0193,0.3337
329,0.2868,0.0106,0.1222
330,0.353,0.0132,0.1641
331,0.3674,0.0137,0.1888
332,0.3647,0.0136,0.1871
333,0.3597,0.0133,0.197
334,0.3457,0.0128,0.1942
335,0.3253,0.0119,0.1754
336,0.3244,0.0118,0.18
337,0.3504,0.0127,0.2201
338,0.3312,0.0119,0.2378
339,0.2602,0.0095,0.1341
340,0.2956,0.0107,0.1572
341,0.2635,0.0096,0.1199
342,0.2146,0.0078,0.0799
343,0.2192,0.008,0.0752
344,0.2876,0.0106,0.1119
345,0.3153,0.0116,0.1233
346,0.3898,0.0144,0.1964
347,0.6718,0.0247,0.5086
348,0.279,0.0104,0.0979
349,0.2777,0.0104,0.1054
350,0.291,0.0109,0.1242
351,0.5013,0.0187,0.3138
352,0.4968,0.0186,0.3088
353,0.2986,0.011,0.1315
354,0.2741,0.01,0.1369
355,0.915,0.0335,0.9422
356,1.6811,0.0617,2.9251
357,1.7686,0.0649,3.2297
358,1.4199,0.052,2.142
359,1.1679,0.0427,1.5172
360,0.5862,0.0212,0.4834
361,0.3135,0.0115,0.1383
362,0.276,0.0102,0.1182
363,0.3418,0.0125,0.1778
364,0.3773,0.0138,0.2064
365,0.3352,0.0123,0.1649
366,0.3197,0.0117,0.1663
367,0.347,0.0128,0.1835
368,0.3279,0.012,0.1869
369,0.3245,0.0117,0.1916
370,0.4708,0.0167,0.4447
371,0.5014,0.0175,0.5925
372,0.6107,0.0215,0.6767
373,0.7491,0.0266,0.8315
374,0.8522,0.0306,0.8963
375,0.8759,0.0317,0.8791
376,0.888,0.0322,0.8848
377,0.8224,0.0296,0.7594
378,0.7539,0.0271,0.652
379,0.7094,0.0252,0.5983
380,0.6997,0.0248,0.6267
381,0.7525,0.0266,0.7363
382,0.7858,0.0277,0.8356
383,0.792,0.0278,0.8626
384,0.7403,0.0257,0.8473
385,0.7337,0.0251,0.9855
386,0.7379,0.0252,0.9355
387,0.7388,0.0253,0.9242
388,0.7599,0.026,1.0018
389,0.7656,0.0261,1.0431
390,0.7414,0.0252,1.0612
391,0.6999,0.0237,0.9667
392,0.5699,0.0194,0.6612
393,0.4849,0.0167,0.3997
394,0.5271,0.0186,0.3804
395,0.6175,0.0219,0.4981
396,0.6965,0.0246,0.6064
397,0.7134,0.0253,0.6146
398,0.7344,0.0256,0.7929
399,0.7532,0.0261,0.9457
400,0.7555,0.0265,0.7964
401,0.7755,0.027,0.8792
402,0.7846,0.0272,0.903
403,0.77,0.0265,0.9123
404,0.7922,0.0272,1.0017
405,0.8891,0.0305,1.2347
406,1.0135,0.0347,1.6141
407,1.0721,0.0368,1.6822
408,1.3712,0.0474,2.4368
409,1.7812,0.0619,3.6486
410,2.0543,0.0717,4.6291
411,2.1151,0.0738,4.8491
412,2.2952,0.0802,5.5931
413,2.2059,0.077,5.2088
414,1.8993,0.0662,3.9368
415,1.6788,0.0585,3.0847
416,1.4938,0.0521,2.3941
417,1.4374,0.0503,2.1671
418,1.2964,0.0454,1.7695
419,1.2886,0.0455,1.7945
420,1.389,0.0492,2.2631
421,1.5325,0.0547,2.7714
422,1.5082,0.0547,2.6584
423,1.4339,0.0528,2.4406
424,1.3466,0.0509,2.4213
425,1.3224,0.0515,3.1502
426,1.484,0.0586,4.0375
427,1.6705,0.0665,4.9242
428,1.8398,0.0736,5.5565
429,1.946,0.0779,5.4893
430,1.9561,0.0781,4.8708
431,1.9601,0.0774,4.2079
432,1.8957,0.0743,3.7992
433,1.8068,0.0706,3.577
434,1.751,0.0685,3.4617
435,1.6649,0.0655,3.1936
436,1.4737,0.0578,2.7618
437,1.2095,0.0474,2.0935
438,1.0367,0.0409,1.64
439,0.9076,0.0361,1.3392
440,0.8096,0.0328,0.9488
441,0.7166,0.0296,0.6309
442,0.5848,0.0244,0.4106
443,0.4934,0.0207,0.2938
444,0.2581,0.0108,0.0952
445,0.3731,0.0152,0.2211
446,0.5245,0.0214,0.3826
447,0.575,0.0235,0.4256
448,0.6013,0.0247,0.4395
449,0.6335,0.026,0.4658
450,0.7015,0.0288,0.5701
451,0.7066,0.029,0.5828
452,0.648,0.0265,0.5017
453,0.5704,0.0233,0.3911
454,0.4732,0.0193,0.3031
455,0.417,0.017,0.2426
456,0.3923,0.0162,0.1899
457,0.4075,0.017,0.2079
458,0.4491,0.0187,0.2515
459,0.4823,0.0199,0.2835
460,0.485,0.0197,0.3662
461,0.4961,0.02,0.4785
462,0.4905,0.0197,0.5219
463,0.4466,0.018,0.3807
464,0.3002,0.0121,0.1562
465,0.3799,0.0158,0.204
466,0.8536,0.0353,0.8771
467,1.4141,0.0585,2.3523
468,1.3681,0.0568,2.3248
469,1.2093,0.0502,1.8452
470,1.0388,0.0432,1.4929
471,0.885,0.0368,1.1123
472,0.8534,0.0355,1.0377
473,0.6806,0.0281,0.5951
474,0.5934,0.0239,0.4367
475,0.5425,0.0214,0.436
476,0.5067,0.0198,0.4276
477,0.4875,0.0189,0.4283
478,0.4842,0.0188,0.3988
479,0.4942,0.0192,0.3956
480,0.5069,0.0197,0.4107
481,0.5108,0.0197,0.4431
482,0.581,0.0234,0.4674
483,0.5835,0.0234,0.4653
484,0.6131,0.0235,0.7116
485,1.0117,0.0389,1.6784
486,1.1489,0.0445,1.8917
487,1.0263,0.04,1.528
488,1.0481,0.0413,1.5334
489,1.0952,0.0435,1.6384
490,1.0792,0.0431,1.5546
491,0.8691,0.0352,1.1135
492,0.7525,0.0309,0.9057
493,0.7349,0.0303,0.8329
494,0.7072,0.0294,0.8407
495,0.7356,0.0307,0.9695
496,0.6873,0.0287,0.8335
497,0.6995,0.029,0.6806
498,0.691,0.0285,0.613
499,0.6955,0.0285,0.6356
500,0.6786,0.0277,0.6029
501,0.7188,0.0292,0.6317
502,0.7781,0.0316,0.7318
503,0.7096,0.029,0.601
504,0.6294,0.0261,0.5572
505,0.5702,0.0238,0.5131
506,0.5282,0.0219,0.3847
507,0.5346,0.022,0.3673
508,0.6195,0.0255,0.4744
509,0.575,0.024,0.6228
510,0.6369,0.0267,0.8976
511,1.2365,0.0509,2.1
512,1.5932,0.0651,3.0962
513,1.8113,0.0734,3.8986
514,0.454,0.0183,0.5574
515,0.5445,0.0215,0.4022
516,0.5737,0.0222,0.4859
517,0.6859,0.027,0.5914
518,0.3905,0.0149,0.2359
519,0.307,0.012,0.1555
520,0.4585,0.0181,0.3366
521,0.324,0.0128,0.1844
522,0.297,0.0115,0.1437
523,0.275,0.0107,0.1142
524,0.3237,0.0126,0.1754
525,0.507,0.0199,0.3677
526,0.6372,0.0247,0.5953
527,0.8067,0.0308,0.7792
528,0.8649,0.033,0.8536
529,0.9704,0.037,1.0927
530,1.0017,0.0381,1.1495
531,1.0209,0.0387,1.1338
532,0.9134,0.0346,0.921
533,0.7967,0.0303,0.738
534,0.6748,0.0256,0.5506
535,0.4048,0.0153,0.2316
536,0.3494,0.0131,0.1742
537,0.5873,0.0221,0.4129
538,0.5715,0.0214,0.3754
539,0.5163,0.0193,0.3011
540,0.4399,0.0165,0.2166
541,0.3577,0.0134,0.1602
542,0.2312,0.0087,0.0731
543,0.196,0.0072,0.0677
544,0.219,0.0081,0.064
545,0.3033,0.0115,0.1355
546,0.2529,0.0097,0.1041
547,0.3137,0.0118,0.1177
548,0.667,0.0248,0.5741
549,1.0565,0.0394,1.3455
550,1.1823,0.0441,1.601
551,1.2399,0.0463,1.6712
552,1.3183,0.0493,1.8185
553,1.2907,0.0482,1.7288
554,1.2621,0.0472,1.6526
555,1.1685,0.0437,1.4212
556,1.1144,0.0417,1.303
557,1.1625,0.0436,1.4055
558,1.2099,0.0453,1.5076
559,1.1828,0.0443,1.458
560,1.3433,0.0503,1.8696
561,1.3666,0.0512,1.9265
562,1.2557,0.047,1.6578
563,1.221,0.0459,1.6066
564,1.174,0.0442,1.5363
565,1.0039,0.0379,1.176
566,0.6969,0.0264,0.6162
567,0.526,0.0198,0.3249
568,0.4381,0.0164,0.2204
569,0.4702,0.0176,0.2635
570,0.4429,0.0167,0.2562
571,0.478,0.0181,0.2998
572,0.6563,0.0249,0.5714
573,0.8889,0.0334,0.9156
574,0.947,0.0353,1.0467
575,0.9527,0.0354,1.0508
576,0.8186,0.0304,0.7933
577,0.7482,0.0277,0.6911
578,0.6072,0.0224,0.5127
579,0.5232,0.0193,0.4134
580,0.4873,0.018,0.3311
581,0.4276,0.0157,0.2672
582,0.4085,0.0148,0.2413
583,0.3658,0.0132,0.2055
584,0.3875,0.014,0.2398
585,0.3622,0.0131,0.222
586,0.3602,0.0131,0.1779
587,0.374,0.0136,0.1681
588,0.3727,0.0136,0.1767
589,0.3756,0.0137,0.181
590,0.4122,0.0152,0.2309
591,0.5167,0.019,0.3779
592,0.4879,0.0179,0.3263
593,0.3553,0.0129,0.2365
594,0.5882,0.0214,0.5153
595,0.8171,0.0298,0.873
596,1.0137,0.037,1.2816
597,1.1639,0.0424,1.6473
598,1.1756,0.0428,1.7788
599,1.1669,0.0425,1.8181
600,1.0794,0.0392,1.6164
601,1.0118,0.0368,1.4625
602,0.9665,0.0351,1.3495
603,0.9284,0.0337,1.2376
604,0.8015,0.0291,0.9232
605,0.7714,0.028,0.8291
606,0.7301,0.0265,0.7714
607,0.7348,0.0267,0.7862
608,0.8281,0.0302,0.9136
609,0.8405,0.0308,0.8535
610,0.682,0.025,0.5581
611,1.1292,0.0415,1.4731
612,1.5083,0.0556,2.6209
613,1.0625,0.0394,1.448
614,0.7608,0.0285,0.9776
615,1.521,0.0573,3.0008
616,1.9124,0.0725,4.6915
617,2.1247,0.0812,5.8866
618,2.2324,0.086,6.6497
619,2.1812,0.0848,6.5928
620,2.1042,0.0826,6.3358
621,2.051,0.0812,5.9669
622,2.1704,0.0864,6.3584
623,2.3357,0.0938,7.2975
624,2.6616,0.1075,9.2158
625,2.7829,0.1132,10.0319
626,2.8669,0.1174,10.468
627,3.0062,0.1237,11.043
628,3.2494,0.1343,12.3108
629,3.4827,0.1445,13.6285
630,3.6469,0.152,14.5881
631,3.7625,0.1576,15.2424
632,3.8891,0.1637,16.0566
633,3.8145,0.1615,15.3497
634,3.5728,0.1521,13.529
635,3.5834,0.1529,13.4361
636,3.7077,0.1585,14.1734
637,3.5071,0.1502,12.5717
638,0.9898,0.0428,1.2457
639,0.6518,0.0281,0.6093
640,0.59,0.0252,0.507
641,0.6508,0.0278,0.5777
642,0.6455,0.0277,0.5113
643,0.5835,0.0251,0.4069
644,0.582,0.0252,0.388
645,0.6473,0.0281,0.4673
646,0.7365,0.032,0.5738
647,0.8232,0.0358,0.7021
648,0.9806,0.0425,0.9925
649,1.0728,0.0465,1.191
650,1.0282,0.0445,1.1001
651,0.8496,0.0368,0.7712
652,0.5743,0.0249,0.3901
653,0.3545,0.0154,0.182
654,0.3121,0.0134,0.1367
655,0.4056,0.0172,0.2169
656,0.5506,0.0231,0.4288
657,0.7388,0.0309,0.7498
658,0.7253,0.0302,0.7462
659,0.6788,0.0279,0.6786
660,0.6778,0.0277,0.6727
661,0.7041,0.0288,0.7666
662,0.725,0.0298,0.8814
663,0.7828,0.0328,1.0887
664,0.8626,0.0362,1.205
665,0.8282,0.0346,1.0875
666,0.7277,0.0303,0.9268
667,0.5814,0.0241,0.6375
668,0.5477,0.0225,0.5166
669,0.6431,0.0261,0.5984
670,0.7326,0.0294,0.7208
671,0.7104,0.0282,0.6873
672,0.6693,0.0264,0.6092
673,0.6914,0.027,0.6223
674,0.7129,0.0276,0.7028
675,0.7438,0.0285,0.7326
676,0.6707,0.0255,0.5792
677,0.545,0.0206,0.3792
678,0.6055,0.0228,0.505
679,0.5327,0.02,0.4381
680,0.4748,0.0178,0.3443
681,0.6085,0.0228,0.5261
682,0.4204,0.0157,0.2546
683,0.3396,0.0127,0.1812
684,0.4035,0.0151,0.2194
685,0.5717,0.0215,0.4433
686,0.7304,0.0274,0.7586
687,0.878,0.033,1.1816
688,0.9428,0.0356,1.399
689,0.8313,0.0314,1.1207
690,0.7829,0.0294,0.8982
691,0.8036,0.03,0.8114
692,0.8958,0.0333,1.012
693,1.005,0.0374,1.3104
694,1.0476,0.0389,1.441
695,1.2029,0.0448,1.9147
696,1.4036,0.0524,2.3183
697,1.739,0.065,3.3248
698,1.8264,0.0683,3.6039
699,1.6955,0.0634,3.1126
700,1.5717,0.0588,2.717
701,1.5557,0.0581,2.6885
702,1.5366,0.0573,2.6284
703,1.5752,0.0587,2.7267
704,1.771,0.066,3.3918
705,1.8,0.067,3.5059
706,1.6584,0.0617,3.002
707,1.5545,0.0579,2.626
708,1.3574,0.0505,2.0108
709,0.9774,0.0363,1.1118
710,0.5456,0.0202,0.423
711,0.5878,0.0218,0.4324
712,0.5188,0.0192,0.3436
713,0.3607,0.0134,0.1958
714,0.1755,0.0065,0.0637
715,0.1445,0.0054,0.0373
716,0.2649,0.0098,0.1016
717,0.4244,0.0156,0.2435
718,0.6863,0.0252,0.5874
719,0.8036,0.0294,0.7926
720,0.7927,0.0289,0.812
721,0.6872,0.025,0.6678
722,0.5594,0.0202,0.5015
723,0.4623,0.0167,0.3612
724,0.449,0.0163,0.3177
725,0.4638,0.0168,0.3254
726,0.4748,0.0172,0.3381
727,0.4257,0.0154,0.2542
728,0.5661,0.0206,0.4309
729,0.6872,0.025,0.6243
730,0.6841,0.025,0.6204
731,0.69,0.0252,0.6058
732,0.7277,0.0265,0.6558
733,0.8389,0.0306,0.8935
734,0.7763,0.0282,0.7814
735,0.7336,0.0266,0.6741
736,0.7306,0.0264,0.6494
737,0.7299,0.0259,0.6551
738,0.7419,0.0257,0.8666
739,0.8185,0.0282,1.166
740,1.0453,0.0362,1.6264
741,1.5331,0.0536,2.9247
742,2.083,0.0731,4.9902
743,2.1839,0.0767,5.4123
744,1.8716,0.0656,4.0654
745,1.2516,0.0436,2.0027
746,0.3828,0.0136,0.212
747,0.314,0.011,0.1601
748,0.4289,0.0148,0.3019
749,0.651,0.0226,0.5939
750,0.61,0.0211,0.5658
751,0.546,0.0188,0.4801
752,0.5573,0.0192,0.4935
753,0.438,0.015,0.3541
754,0.3417,0.0123,0.1558
755,0.3737,0.0136,0.2227
756,0.3433,0.0124,0.1723
757,0.3177,0.0111,0.1296
758,0.4055,0.0144,0.1984
759,0.5718,0.0207,0.446
760,0.6816,0.0247,0.6251
761,0.6455,0.0234,0.5599
762,0.6275,0.0227,0.5364
763,0.6193,0.0224,0.5089
764,0.5698,0.0205,0.4124
765,0.5526,0.0197,0.3729
766,0.5626,0.0202,0.4134
767,0.5741,0.0209,0.4789
768,0.5536,0.0201,0.4541
769,0.4446,0.0161,0.2954
770,0.3315,0.012,0.1619
771,0.3011,0.0106,0.116
772,0.6288,0.0218,0.4954
773,1.0161,0.0354,1.2155
774,1.226,0.0427,1.7211
775,1.6385,0.0572,2.9577
776,2.3366,0.0817,5.8592
777,2.9348,0.1027,9.1841
778,3.2099,0.1125,10.9031
779,2.4426,0.0855,6.4427
780,1.2905,0.0448,2.1286
781,0.8402,0.0289,1.2132
782,0.6772,0.0234,0.8128
783,0.5612,0.0196,0.4943
784,0.4645,0.0163,0.3115
785,0.357,0.0126,0.1777
786,0.3201,0.0113,0.1371
787,0.3384,0.0119,0.156
788,0.4072,0.0143,0.2457
789,0.502,0.0176,0.3622
790,0.5443,0.0191,0.3951
791,0.5674,0.0199,0.3995
792,0.5759,0.0203,0.4075
793,0.5923,0.0209,0.4558
794,0.6247,0.022,0.4975
795,0.5817,0.0205,0.446
796,0.6218,0.0219,0.4952
797,0.6843,0.0242,0.5621
798,0.763,0.0269,0.656
799,0.8434,0.0298,0.7599
800,0.856,0.0302,0.852
801,0.9417,0.0329,1.1253
802,1.0498,0.0365,1.3897
803,0.9764,0.0338,1.2959
804,0.7827,0.0269,0.9522
805,0.6716,0.0229,0.8143
806,0.6215,0.0213,0.6098
807,0.4705,0.0163,0.3117
808,0.45,0.0157,0.2711
809,0.4409,0.0154,0.2339
810,0.4403,0.0151,0.2835
811,0.5378,0.0182,0.471
812,0.692,0.0235,0.7212
813,0.8384,0.0284,1.0656
814,0.9405,0.032,1.2173
815,1.0389,0.0355,1.375
816,1.0431,0.0358,1.3288
817,1.3133,0.0453,1.9165
818,1.3585,0.0468,2.0457
819,1.3641,0.0469,2.0935
820,1.4225,0.049,2.224
821,1.3794,0.0476,2.0363
822,1.4338,0.0495,2.1118
823,1.5314,0.0528,2.3684
824,1.5995,0.0552,2.6081
825,1.5617,0.0539,2.5167
826,1.2914,0.0445,1.7404
827,0.9829,0.0339,1.0162
828,0.8775,0.0301,0.8398
829,1.0656,0.0367,1.1658
830,1.4837,0.0512,2.223
831,0.831,0.0286,0.7198
832,0.311,0.0107,0.119
833,0.1834,0.0064,0.0615
834,0.2767,0.0096,0.1305
835,0.286,0.0099,0.1288
836,0.2409,0.0083,0.0902
837,0.2448,0.0085,0.0862
838,0.2465,0.0086,0.088
839,0.1901,0.0066,0.0622
840,0.165,0.0058,0.0422
841,0.1598,0.0056,0.0409
842,0.1831,0.0064,0.0491
843,0.2702,0.0094,0.0992
844,0.3707,0.0128,0.1583
845,0.4572,0.0159,0.2485
846,0.5233,0.0182,0.3309
847,0.5174,0.0179,0.3135
848,0.4721,0.0163,0.2536
849,0.3572,0.0123,0.1563
850,0.2164,0.0074,0.0723
851,0.2485,0.0085,0.0886
852,0.2367,0.0082,0.0881
853,0.2628,0.009,0.109
854,0.354,0.0119,0.211
855,0.3227,0.0109,0.185
856,0.3626,0.0126,0.1711
857,0.3877,0.0135,0.198
858,0.4042,0.0139,0.2066
859,0.4251,0.0144,0.2642
860,0.4867,0.0163,0.3859
861,0.7072,0.0237,0.8059
862,0.7646,0.0257,0.8615
863,0.3738,0.0126,0.2163
864,0.2663,0.009,0.1086
865,0.2019,0.0069,0.0575
866,0.1821,0.0061,0.0545
867,0.2005,0.0068,0.0664
868,0.2267,0.0077,0.0867
869,0.2392,0.0082,0.0882
870,0.2306,0.008,0.0818
871,0.281,0.0097,0.1125
872,0.3138,0.0109,0.1671
873,0.3058,0.0106,0.1596
874,0.3387,0.0116,0.1503
875,0.3787,0.0128,0.2237
876,0.4176,0.0143,0.2556
877,0.4496,0.0154,0.2932
878,0.4558,0.0155,0.3117
879,0.5064,0.0173,0.36
880,0.5296,0.0179,0.4413
881,0.6133,0.0205,0.6302
882,0.6643,0.0221,0.741
883,0.71,0.0236,0.8254
884,0.7137,0.0236,0.937
885,0.7947,0.0262,1.1651
886,0.8464,0.028,1.2305
887,0.7639,0.0253,0.9825
888,0.7496,0.0248,0.9707
889,0.5497,0.0182,0.542
890,0.4998,0.0167,0.3749
891,0.5001,0.0171,0.2921
892,0.5302,0.0185,0.3259
893,0.5716,0.0201,0.4146
894,0.574,0.0203,0.4564
895,0.5912,0.0209,0.4796
896,0.6225,0.0221,0.5461
897,0.6972,0.025,0.7235
898,0.8186,0.0293,0.9771
899,0.8594,0.0308,1.0586
900,0.9073,0.0324,1.1214
901,0.8969,0.032,1.0407
902,0.7592,0.027,0.7324
903,0.6061,0.0216,0.4628
904,0.5747,0.0205,0.4345
905,0.6398,0.0228,0.538
906,0.6995,0.0249,0.6255
907,0.6743,0.0241,0.6026
908,0.592,0.0212,0.4878
909,0.5347,0.0191,0.3935
910,0.5627,0.0201,0.4433
911,0.5683,0.0202,0.4468
912,0.4861,0.0173,0.3524
913,0.3039,0.0108,0.1618
914,0.2477,0.0088,0.0874
915,0.3015,0.0106,0.1197
916,0.5456,0.0189,0.3376
917,0.944,0.0325,1.0082
918,1.044,0.0359,1.2586
919,1.1149,0.0384,1.4044
920,0.9457,0.0326,1.0329
921,0.7631,0.0263,0.6912
922,0.3092,0.0107,0.1343
923,0.2895,0.01,0.1069
924,0.2686,0.0093,0.1025
925,0.3587,0.0123,0.1797
926,0.4168,0.0143,0.2385
927,0.3194,0.011,0.1463
928,0.3157,0.0112,0.1944
929,0.3541,0.0126,0.2283
930,0.4251,0.015,0.2655
931,0.4578,0.0162,0.2902
932,0.4616,0.0163,0.2878
933,0.4342,0.0154,0.2545
934,0.4564,0.0162,0.2851
935,0.4271,0.0152,0.2678
936,0.4257,0.0151,0.2603
937,0.4318,0.0153,0.2566
938,0.3352,0.0118,0.1577
939,0.1337,0.0047,0.0376
940,0.2497,0.0087,0.0837
941,0.4944,0.0173,0.3118
942,0.5407,0.0189,0.3552
943,0.4867,0.017,0.3041
944,0.5087,0.0177,0.3423
945,0.7501,0.026,0.7737
946,1.0494,0.0364,1.5783
947,0.8794,0.0305,1.2361
948,0.6399,0.0221,0.8313
949,0.4501,0.0155,0.5214
950,0.377,0.0132,0.3148
951,0.3887,0.014,0.2318
952,0.395,0.0144,0.2641
953,0.4154,0.0152,0.3189
954,0.5341,0.0196,0.4936
955,0.6436,0.0238,0.6967
956,0.6719,0.0249,0.6849
957,0.6821,0.0254,0.6847
958,0.7952,0.0297,0.8553
959,0.846,0.0317,0.9058
960,0.8122,0.0305,0.7754
961,0.8132,0.0305,0.7515
962,0.8322,0.0314,0.7954
963,0.8079,0.0306,0.7466
964,0.7875,0.0299,0.7047
965,0.7607,0.029,0.6678
966,0.6986,0.0267,0.5913
967,0.6283,0.0241,0.4826
968,0.5576,0.0214,0.3804
969,0.5155,0.0198,0.3623
970,0.5605,0.0217,0.4114
971,0.7782,0.0299,0.677
972,0.9262,0.0355,0.9136
973,0.8747,0.0335,0.8218
974,1.0325,0.0396,1.1388
975,1.2577,0.0482,1.6467
976,1.283,0.0493,1.6992
977,1.3416,0.0515,1.8394
978,1.5047,0.0578,2.3006
979,1.587,0.0611,2.5486
980,1.715,0.0661,2.971
981,1.8622,0.0718,3.4959
982,1.8523,0.0715,3.4625
983,1.7763,0.0687,3.1893
984,1.557,0.0602,2.45
985,1.4745,0.057,2.1998
986,1.4668,0.0567,2.1769
987,1.4011,0.0542,2.0004
988,1.3418,0.0519,1.8523
989,1.3111,0.0507,1.7785
990,1.3394,0.0518,1.8685
991,1.632,0.0631,2.7639
992,1.7772,0.0688,3.273
993,1.718,0.0666,3.0369
994,2.0692,0.0802,4.3561
995,2.3475,0.091,5.5938
996,2.6917,0.1043,7.3756
997,2.5281,0.098,6.5204
998,2.5266,0.0979,6.5089
999,2.6093,0.101,6.9529
1000,2.5243,0.0977,6.5798
1001,2.3065,0.0893,5.6379
1002,1.9853,0.0768,4.3704
1003,1.3852,0.0538,2.3695
1004,0.5911,0.0223,0.5176
1005,1.0145,0.0376,1.5804
1006,1.3533,0.0501,2.5284
1007,1.4674,0.0544,2.8043
1008,1.4837,0.055,2.7655
1009,1.3145,0.0486,2.2055
1010,1.2592,0.0466,2.0284
1011,1.3467,0.0498,2.2797
1012,1.3212,0.0487,2.2834
1013,1.0818,0.0399,1.4966
1014,0.9534,0.0353,1.0081
1015,0.7926,0.0294,0.746
1016,0.8253,0.0305,0.7875
1017,0.7202,0.0268,0.7389
1018,0.7677,0.0285,0.7191
1019,0.9107,0.0336,0.9305
1020,0.9021,0.0332,1.0176
1021,0.6599,0.0245,0.5105
1022,0.6134,0.0231,0.6811
1023,1.0497,0.0395,1.9392
1024,1.2544,0.0473,2.5538
1025,1.3323,0.0505,2.8554
1026,1.3384,0.0509,2.8974
1027,1.3125,0.0501,2.7587
1028,1.3854,0.0531,2.8751
1029,1.4771,0.0569,3.133
1030,1.581,0.0612,3.4704
1031,1.7328,0.0673,3.9935
1032,2.3523,0.0914,6.5785
1033,2.6006,0.1014,7.7533
1034,2.7595,0.1078,8.4719
1035,2.9374,0.1151,9.2965
1036,3.044,0.1197,9.7306
1037,3.0495,0.1203,9.5684
1038,3.0363,0.1202,9.343
1039,2.9727,0.1179,8.8962
1040,2.8037,0.1113,7.9025
1041,2.0249,0.0807,4.2234
1042,2.1647,0.0862,4.8222
1043,2.3267,0.0926,5.5479
1044,2.4575,0.0977,6.185
1045,2.8818,0.1143,8.4006
1046,2.6595,0.1052,7.0985
1047,2.3984,0.0947,5.7751
1048,1.9025,0.0751,3.6592
1049,1.0462,0.0413,1.1552
1050,0.3163,0.0125,0.1179
1051,0.2934,0.0113,0.165
1052,0.3392,0.013,0.1719
1053,0.3634,0.014,0.1734
1054,0.3391,0.013,0.1537
1055,0.2899,0.0112,0.1142
1056,0.2743,0.011,0.1207
1057,0.2909,0.0117,0.1463
1058,0.2947,0.0118,0.1491
1059,0.2883,0.0114,0.1309
1060,0.4302,0.017,0.2881
1061,0.8103,0.0317,0.7981
1062,1.0462,0.0407,1.2087
1063,0.931,0.0361,0.9479
1064,0.7911,0.0305,0.7064
1065,0.7905,0.0303,0.7111
1066,0.9516,0.0363,1.0043
1067,0.9664,0.0366,1.0725
1068,0.8242,0.0306,0.9689
1069,0.795,0.0294,0.855
1070,0.7547,0.0275,0.8313
1071,0.7768,0.0281,0.8937
1072,0.8214,0.0292,1.0865
1073,0.8995,0.0318,1.3001
1074,0.9533,0.0337,1.4219
1075,0.8694,0.0308,1.1441
1076,0.7368,0.0263,0.7469
1077,0.658,0.0242,0.4938
1078,0.5968,0.0222,0.4503
1079,0.47,0.0178,0.362
1080,0.4671,0.0176,0.3465
1081,0.4003,0.0153,0.343
1082,0.3579,0.0136,0.2928
1083,0.3612,0.0136,0.2817
1084,0.3248,0.0121,0.2413
1085,0.3268,0.012,0.2001
1086,0.3697,0.0133,0.1956
1087,0.4963,0.0178,0.3078
1088,0.5438,0.0194,0.345
1089,0.5371,0.0191,0.3518
1090,0.5452,0.0193,0.3784
1091,0.5598,0.0198,0.405
1092,0.6725,0.0237,0.5702
1093,0.6899,0.0244,0.6243
1094,0.9161,0.0324,0.9989
1095,1.3105,0.0464,1.8719
1096,1.4573,0.0516,2.246
1097,1.3099,0.0464,1.8412
1098,1.225,0.0433,1.6115
1099,1.0821,0.0382,1.2561
1100,0.7927,0.028,0.69
1101,0.5549,0.0196,0.4089
1102,0.4376,0.0156,0.2446
1103,0.3604,0.0127,0.1854
1104,0.3339,0.0118,0.1799
1105,0.3634,0.0129,0.1997
1106,0.4003,0.0141,0.2408
1107,0.4598,0.0162,0.3039
1108,0.5324,0.0189,0.3823
1109,0.5423,0.0192,0.3881
1110,0.5615,0.0199,0.4209
1111,0.6029,0.0213,0.4714
1112,0.532,0.0187,0.3766
1113,0.4926,0.0172,0.3458
1114,0.4744,0.0165,0.3239
1115,0.519,0.018,0.4174
1116,0.6431,0.0222,0.6568
1117,0.901,0.0311,1.0854
1118,1.294,0.0447,1.9391
1119,1.3542,0.0468,2.0737
1120,0.6238,0.0214,0.52
1121,0.2481,0.0085,0.1128
1122,0.3643,0.0127,0.1699
1123,0.3928,0.0137,0.1954
1124,0.3243,0.0113,0.1377
1125,0.3137,0.0109,0.131
1126,0.2774,0.0096,0.1169
1127,0.2582,0.0089,0.1021
1128,0.2769,0.0095,0.1107
1129,0.3374,0.0117,0.1415
1130,0.3925,0.0136,0.2016
1131,0.5328,0.0185,0.3945
1132,0.6778,0.0235,0.5731
1133,0.7696,0.0267,0.7023
1134,0.8262,0.0286,0.7856
1135,0.8386,0.029,0.8009
1136,0.6835,0.0236,0.5655
1137,0.5099,0.0176,0.3521
1138,0.322,0.0111,0.1437
1139,0.3446,0.0118,0.1577
1140,0.311,0.0105,0.164
1141,0.3985,0.0134,0.2851
1142,0.5114,0.0172,0.4439
1143,0.5356,0.0178,0.5091
1144,0.5749,0.0191,0.5767
1145,0.6327,0.021,0.6709
1146,0.7128,0.0236,0.8316
1147,0.8519,0.0282,1.1298
1148,1.0862,0.036,1.77
1149,1.269,0.0421,2.3189
1150,1.3126,0.0436,2.3574
1151,1.1142,0.037,1.7204
1152,0.8682,0.0289,1.0016
1153,0.7365,0.0246,0.7053
1154,0.7445,0.0249,0.7158
1155,0.7277,0.0243,0.6849
1156,0.6412,0.0215,0.5371
1157,0.5464,0.0182,0.4237
1158,0.5114,0.017,0.4076
1159,0.592,0.0197,0.5101
1160,0.6342,0.0212,0.5582
1161,0.6044,0.0201,0.5246
1162,0.6359,0.0212,0.5498
1163,0.6548,0.0218,0.5833
1164,0.5582,0.0186,0.4804
1165,0.4487,0.015,0.3331
1166,0.4579,0.0153,0.3362
1167,0.3855,0.0129,0.2434
1168,0.4718,0.0159,0.298
1169,0.4432,0.0149,0.2816
1170,0.4068,0.0137,0.2689
1171,0.412,0.0138,0.292
1172,0.498,0.0167,0.4185
1173,0.5076,0.0172,0.4286
1174,0.4538,0.0155,0.3523
1175,0.4919,0.0167,0.3613
1176,0.512,0.0174,0.3786
1177,0.5376,0.0182,0.3907
1178,0.6571,0.0223,0.5394
1179,0.7915,0.0269,0.7303
1180,0.8552,0.0291,0.8439
1181,0.8103,0.0276,0.7421
1182,0.7601,0.0259,0.6498
1183,0.8053,0.0275,0.7064
1184,0.8386,0.0285,0.7883
1185,0.9327,0.0316,0.982
1186,1.0107,0.0342,1.1942
1187,1.1314,0.0382,1.4898
1188,1.1678,0.0392,1.6081
1189,1.184,0.0397,1.612
1190,0.947,0.0315,1.1465
1191,0.678,0.0223,0.6898
1192,0.5127,0.0168,0.4187
1193,0.4792,0.0157,0.3786
1194,0.4573,0.0151,0.3161
1195,0.4483,0.0148,0.2829
1196,0.4737,0.0156,0.3139
1197,0.7778,0.0255,0.9006
1198,1.0005,0.0329,1.3563
1199,0.8864,0.0292,1.0302
1200,0.8556,0.0282,0.9284
1201,0.9167,0.0304,0.985
1202,0.9827,0.0327,1.0851
1203,1.0441,0.0348,1.2043
1204,1.2017,0.0401,1.5835
1205,1.2354,0.0412,1.6844
1206,1.1987,0.04,1.5566
1207,1.1673,0.039,1.4514
1208,1.2341,0.0412,1.626
1209,1.2748,0.0426,1.7347
1210,1.3065,0.0437,1.8032
1211,1.2527,0.0419,1.6727
1212,1.2535,0.0418,1.7377
1213,1.267,0.0422,1.8156
1214,1.2616,0.042,1.8002
1215,1.2154,0.0405,1.6769
1216,1.1597,0.0386,1.5645
1217,1.0945,0.0364,1.4766
1218,1.0672,0.0355,1.465
1219,1.1759,0.0391,1.7505
1220,1.6572,0.0555,3.1331
1221,2.4813,0.0834,6.6132
1222,2.5671,0.0863,7.1608
1223,2.1552,0.0723,5.2642
1224,1.7342,0.0581,3.4791
1225,1.2938,0.0433,2.0309
1226,0.7906,0.0264,0.8587
1227,0.8693,0.0291,1.0001
1228,0.9776,0.0327,1.2136
1229,0.8686,0.029,1.0248
1230,0.6809,0.0227,0.6293
1231,0.6247,0.0209,0.5018
1232,0.6421,0.0215,0.5469
1233,0.6841,0.0228,0.6991
1234,0.7621,0.0253,0.9992
1235,1.0556,0.0355,1.5987
1236,1.1585,0.0393,1.7868
1237,1.0623,0.0363,1.4754
1238,0.8099,0.0277,0.9067
1239,0.5353,0.0183,0.4679
1240,0.3066,0.0106,0.1989
1241,0.2941,0.0103,0.1125
1242,0.3052,0.0107,0.1101
1243,0.2726,0.0096,0.1127
1244,0.2741,0.0097,0.1243
1245,0.31,0.011,0.1354
1246,0.293,0.0104,0.1119
1247,0.2506,0.0089,0.0903
1248,0.2728,0.0097,0.1126
1249,0.4335,0.0156,0.2832
1250,0.4479,0.0161,0.3127
1251,0.4809,0.0174,0.3498
1252,0.5546,0.0201,0.3964
1253,0.5866,0.0214,0.4217
1254,0.5611,0.0205,0.4003
1255,0.5033,0.0185,0.3688
1256,0.5056,0.0187,0.3724
1257,0.5934,0.022,0.5204
1258,0.6271,0.0233,0.5887
1259,0.7853,0.0293,0.8972
1260,1.4416,0.0532,2.3914
1261,1.5836,0.0585,2.8509
1262,1.8873,0.0697,3.9446
1263,1.8799,0.0696,4.0549
1264,1.9969,0.0741,4.6277
1265,2.1649,0.0804,5.3355
1266,2.2833,0.0849,5.8662
1267,2.3821,0.0886,6.3174
1268,2.3929,0.0892,6.3356
1269,2.4034,0.0897,6.3771
1270,2.5329,0.0946,7.0094
1271,2.6736,0.0999,7.7316
1272,2.8295,0.1058,8.5762
1273,2.9536,0.1106,9.2582
1274,2.9506,0.1105,9.2229
1275,2.9324,0.1097,9.115
1276,2.951,0.1104,9.2039
1277,2.9275,0.1095,9.089
1278,2.7925,0.1043,8.366
1279,2.6517,0.0989,7.6861
1280,2.6429,0.0984,7.668
1281,2.3926,0.089,6.308
1282,2.0697,0.0768,4.698
1283,1.9127,0.0708,4.035
1284,1.5708,0.0581,2.8717
1285,1.3637,0.0504,2.2147
1286,1.3499,0.0497,2.097
1287,1.3508,0.0497,2.073
1288,1.1775,0.0433,1.6098
1289,0.9754,0.0358,1.1573
1290,0.7987,0.0294,0.8188
1291,0.6408,0.0236,0.5751
1292,0.5975,0.022,0.5007
1293,0.7905,0.029,0.8454
1294,0.7769,0.0285,0.8571
1295,0.7237,0.0265,0.7938
1296,0.7123,0.026,0.8166
1297,0.6588,0.024,0.6989
1298,0.5912,0.0215,0.605
1299,0.4751,0.0172,0.4645
1300,0.5172,0.0185,0.4785
1301,0.4443,0.0158,0.3592
1302,0.3181,0.0114,0.184
1303,0.27,0.0096,0.1217
1304,0.2017,0.0071,0.0662
1305,0.4913,0.0175,0.3028
1306,0.942,0.0335,0.9459
1307,1.0334,0.0367,1.1528
1308,1.1977,0.0425,1.5339
1309,1.0359,0.0368,1.1991
1310,0.615,0.0218,0.5319
1311,0.4303,0.0152,0.2346
1312,0.4303,0.0152,0.2655
1313,0.5776,0.0204,0.4321
1314,0.7351,0.026,0.6394
1315,0.7798,0.0276,0.6916
1316,0.9101,0.0322,0.8854
1317,0.9959,0.0351,1.0243
1318,1.0992,0.0387,1.2461
1319,1.0464,0.0368,1.1511
1320,0.9781,0.0343,1.018
1321,0.9641,0.0337,0.9929
1322,0.9034,0.0316,0.8733
1323,0.705,0.0247,0.5534
1324,0.4759,0.0166,0.2844
1325,0.3221,0.0113,0.1415
1326,0.2752,0.0097,0.1025
1327,0.3573,0.0125,0.1855
1328,0.4162,0.0145,0.2464
1329,0.5727,0.02,0.3879
1330,0.6473,0.0226,0.4884
1331,0.9831,0.0345,1.0768
1332,1.1622,0.0407,1.4901
1333,1.052,0.0369,1.2386
1334,0.9276,0.0326,1.0564
1335,0.9087,0.032,1.0193
1336,0.881,0.031,0.9657
1337,0.7964,0.0281,0.8351
1338,0.6981,0.0246,0.663
1339,0.7145,0.0251,0.7319
1340,0.7292,0.0256,0.7916
1341,0.7424,0.0261,0.8968
1342,0.7263,0.0255,0.9243
1343,0.6842,0.024,0.8464
1344,0.628,0.022,0.7546
1345,0.6029,0.0211,0.6916
1346,0.554,0.0194,0.6123
1347,0.4739,0.0166,0.5038
1348,0.4127,0.0144,0.4001
1349,0.3723,0.0129,0.3256
1350,0.35,0.012,0.2656
1351,0.3724,0.0126,0.2491
1352,0.3515,0.0119,0.2202
1353,0.2907,0.0098,0.1325
1354,0.1953,0.0066,0.0557
1355,0.1417,0.0048,0.0368
1356,0.2101,0.0071,0.075
1357,0.1905,0.0065,0.0571
1358,0.2169,0.0074,0.0705
1359,0.2058,0.007,0.068
1360,0.1716,0.0058,0.0507
1361,0.1827,0.0062,0.0487
1362,0.1244,0.0043,0.0262
1363,0.1495,0.0051,0.0288
1364,0.1673,0.0057,0.0489
1365,0.2009,0.0068,0.0695
1366,0.2416,0.0082,0.1
1367,0.277,0.0094,0.1137
1368,0.2537,0.0086,0.0987
1369,0.1949,0.0066,0.0606
1370,0.1677,0.0057,0.0428
1371,0.1361,0.0047,0.0376
1372,0.1693,0.0057,0.0499
1373,0.1868,0.0063,0.0499
1374,0.19,0.0063,0.0521
1375,0.1835,0.0062,0.058
1376,0.2247,0.0076,0.095
1377,0.1912,0.0065,0.0609
1378,0.1792,0.006,0.0509
1379,0.2847,0.0095,0.1331
1380,0.4907,0.0163,0.3604
1381,0.5746,0.0191,0.4871
1382,0.5681,0.0188,0.5145
1383,0.5075,0.0167,0.3969
1384,0.4127,0.0135,0.2647
1385,0.4181,0.0136,0.2621
1386,0.4141,0.0135,0.2522
1387,0.4168,0.0136,0.2597
1388,0.4534,0.0148,0.272
1389,0.3941,0.0129,0.2093
1390,0.3903,0.0128,0.1994
1391,0.4528,0.0149,0.2553
1392,0.5385,0.0177,0.37
1393,0.5825,0.0192,0.4169
1394,0.5671,0.0187,0.3969
1395,0.6405,0.0211,0.4758
1396,0.7748,0.0256,0.6537
1397,0.8747,0.0289,0.8071
1398,0.8865,0.0293,0.8118
1399,0.7727,0.0255,0.619
1400,0.6016,0.0199,0.4162
1401,0.5652,0.0187,0.3808
1402,0.4897,0.0162,0.2891
1403,0.4358,0.0143,0.2312
1404,0.3626,0.0119,0.1584
1405,0.2403,0.0079,0.0711
1406,0.2649,0.0088,0.0852
1407,0.2754,0.0092,0.0974
1408,0.3033,0.0101,0.1077
1409,0.2674,0.0089,0.0867
1410,0.261,0.0087,0.1037
1411,0.3167,0.0105,0.1403
1412,0.3793,0.0127,0.1741
1413,0.3491,0.0117,0.1438
1414,0.3252,0.0109,0.1373
1415,0.3321,0.0111,0.1352
1416,0.3277,0.011,0.1355
1417,0.3653,0.0123,0.1704
1418,0.3756,0.0126,0.1841
1419,0.3926,0.0132,0.1973
1420,0.4081,0.0137,0.2175
1421,0.48,0.0161,0.2983
1422,0.5041,0.0169,0.3447
1423,0.4854,0.0162,0.3167
1424,0.3309,0.011,0.1475
1425,0.2079,0.007,0.0583
1426,0.1692,0.0057,0.042
1427,0.1999,0.0067,0.0498
1428,0.1868,0.0062,0.0531
1429,0.2701,0.0089,0.1029
1430,0.3306,0.0109,0.165
1431,0.3655,0.0121,0.2085
1432,0.3546,0.0118,0.1807
1433,0.3108,0.0103,0.1291
1434,0.3341,0.0111,0.1493
1435,0.3503,0.0116,0.1807
1436,0.4066,0.0135,0.2224
1437,0.4406,0.0147,0.2287
1438,0.3958,0.0133,0.181
1439,0.3708,0.0125,0.1723
1440,0.3666,0.0123,0.192
1441,0.469,0.0158,0.2938
1442,0.4597,0.0155,0.281
1443,0.3519,0.0119,0.1816
1444,0.3232,0.0109,0.1681
1445,0.5159,0.0173,0.3435
1446,0.712,0.0239,0.5806
1447,0.7443,0.0249,0.6272
1448,0.7059,0.0236,0.5545
1449,0.706,0.0235,0.5527
1450,0.8206,0.0272,0.7445
1451,0.8334,0.0276,0.7942
1452,0.4127,0.0137,0.2198
1453,0.2687,0.009,0.095
1454,0.3222,0.0108,0.1322
1455,0.3983,0.0134,0.2057
1456,0.4244,0.0143,0.2303
1457,0.4589,0.0154,0.265
1458,0.4982,0.0167,0.297
1459,0.5275,0.0177,0.3252
1460,0.5042,0.017,0.3181
1461,0.4532,0.0153,0.2692
1462,0.435,0.0147,0.2762
1463,0.3974,0.0134,0.2643
1464,0.3945,0.0133,0.2574
1465,0.3853,0.013,0.2382
1466,0.3568,0.012,0.1912
1467,0.3216,0.0108,0.1511
1468,0.2802,0.0095,0.1195
1469,0.298,0.0101,0.1227
1470,0.3367,0.0114,0.1602
1471,0.3403,0.0115,0.1727
1472,0.2678,0.0091,0.1094
1473,0.2113,0.0072,0.0654
1474,0.2346,0.0079,0.0857
1475,0.2067,0.007,0.0669
1476,0.2671,0.009,0.1021
1477,0.3285,0.0111,0.1501
1478,0.3593,0.0122,0.1716
1479,0.3484,0.0118,0.1856
1480,0.3658,0.0124,0.1986
1481,0.391,0.0132,0.2199
1482,0.4069,0.0137,0.2275
1483,0.367,0.0124,0.1988
1484,0.3677,0.0125,0.1852
1485,0.3365,0.0114,0.1849
1486,0.3417,0.0115,0.2115
1487,0.341,0.0115,0.2101
1488,0.3417,0.0115,0.1922
1489,0.3646,0.0123,0.1899
1490,0.3808,0.0128,0.1932
1491,0.3268,0.011,0.1762
1492,0.2733,0.0092,0.1498
1493,0.2692,0.0091,0.1348
1494,0.2926,0.0099,0.1332
1495,0.3115,0.0105,0.1411
1496,0.3276,0.0111,0.1607
1497,0.3194,0.0108,0.1417
1498,0.3331,0.0112,0.1436
1499,0.3061,0.0103,0.1409
1500,0.2951,0.0099,0.1516
1501,0.3339,0.0112,0.17
1502,0.3601,0.012,0.2061
1503,0.3442,0.0115,0.1895
1504,0.3197,0.0107,0.1919
1505,0.3569,0.0119,0.2431
1506,0.4133,0.0138,0.286
1507,0.4124,0.0138,0.2812
1508,0.4372,0.0147,0.2489
1509,0.3287,0.0111,0.1602
1510,0.3311,0.0112,0.1531
1511,0.3247,0.0109,0.1526
1512,0.2735,0.0092,0.1203
1513,0.2808,0.0095,0.1335
1514,0.3171,0.0106,0.1653
1515,0.3929,0.0132,0.2308
1516,0.4201,0.0142,0.2414
1517,0.3802,0.0128,0.2039
1518,0.3497,0.0117,0.1853
1519,0.3172,0.0106,0.1533
1520,0.2937,0.0099,0.1235
1521,0.3464,0.0118,0.1634
1522,0.4752,0.0162,0.2714
1523,0.5041,0.0172,0.3008
1524,0.5485,0.0188,0.3588
1525,0.5112,0.0175,0.3375
1526,0.3072,0.0105,0.1528
1527,0.287,0.0098,0.1313
1528,0.2987,0.0102,0.1193
1529,0.3149,0.0108,0.1235
1530,0.2756,0.0094,0.103
1531,0.2108,0.0071,0.0622
1532,0.1977,0.0067,0.0681
1533,0.2676,0.0091,0.0996
1534,0.271,0.0092,0.1181
1535,0.2923,0.0099,0.1375
1536,0.2691,0.0091,0.1168
1537,0.2432,0.0082,0.0891
1538,0.2646,0.0089,0.1036
1539,0.3042,0.0103,0.129
1540,0.321,0.0109,0.1552
1541,0.3629,0.0123,0.1977
1542,0.3784,0.0128,0.2219
1543,0.3524,0.0118,0.2095
1544,0.3199,0.0107,0.1678
1545,0.2644,0.0088,0.1089
1546,0.2153,0.0072,0.092
1547,0.2386,0.0079,0.1275
1548,0.1942,0.0065,0.0875
1549,0.1785,0.006,0.0584
1550,0.1795,0.006,0.0519
1551,0.1793,0.0061,0.0512
1552,0.175,0.0059,0.0485
1553,0.1637,0.0055,0.0361
1554,0.1642,0.0055,0.0384
1555,0.2166,0.0073,0.0611
1556,0.2591,0.0087,0.0939
1557,0.2197,0.0074,0.0731
1558,0.2158,0.0073,0.0688
1559,0.2165,0.0073,0.0607
1560,0.2063,0.007,0.0552
1561,0.1987,0.0067,0.071
1562,0.2276,0.0077,0.082
1563,0.2056,0.0069,0.0612
1564,0.1731,0.0058,0.0439
1565,0.139,0.0047,0.0273
1566,0.1697,0.0057,0.0472
1567,0.1642,0.0055,0.0513
1568,0.1754,0.0059,0.0491
1569,0.1784,0.006,0.0519
1570,0.2443,0.0082,0.0783
1571,0.2824,0.0096,0.101
1572,0.2609,0.0089,0.0827
1573,0.2594,0.0088,0.0916
1574,0.2156,0.0073,0.0655
1575,0.1505,0.0051,0.0428
1576,0.135,0.0046,0.0356
1577,0.1598,0.0054,0.0458
1578,0.2416,0.0082,0.0819
1579,0.2481,0.0084,0.0805
1580,0.1511,0.0051,0.0332
1581,0.1533,0.0052,0.0369
1582,0.16,0.0054,0.0398
1583,0.1652,0.0056,0.0459
1584,0.1398,0.0047,0.0327
1585,0.1281,0.0043,0.0269
1586,0.1575,0.0054,0.0382
1587,0.1817,0.0062,0.0479
1588,0.1992,0.0067,0.0523
1589,0.1316,0.0045,0.0257
1590,0.121,0.0041,0.0212
1591,0.1348,0.0046,0.0284
1592,0.1751,0.006,0.0431
1593,0.1894,0.0064,0.0548
1594,0.2197,0.0074,0.0678
1595,0.258,0.0087,0.0859
1596,0.3313,0.0111,0.1549
1597,0.483,0.0162,0.2983
1598,0.3093,0.0104,0.1741
1599,0.3901,0.0132,0.2346
1600,0.363,0.0122,0.1922
1601,0.2185,0.0073,0.0994
1602,0.1963,0.0066,0.0773
1603,0.2132,0.0072,0.0776
1604,0.2024,0.0068,0.0751
1605,0.1974,0.0066,0.0675
1606,0.2022,0.0068,0.0714
1607,0.202,0.0068,0.0626
1608,0.2194,0.0074,0.0704
1609,0.3058,0.0104,0.1457
1610,0.3542,0.012,0.1984
1611,0.403,0.0137,0.2248
1612,0.4122,0.014,0.2404
1613,0.4554,0.0154,0.3285
1614,0.468,0.0159,0.3448
1615,0.5139,0.0174,0.377
1616,0.4897,0.0166,0.346
1617,0.3792,0.0127,0.2314
1618,0.308,0.0103,0.1914
1619,0.3945,0.0133,0.2479
1620,0.5212,0.0176,0.3796
1621,0.6362,0.0213,0.5885
1622,0.683,0.0226,0.7178
1623,0.6961,0.0228,0.7454
1624,0.6116,0.0202,0.505
1625,0.5775,0.0193,0.4107
1626,0.59,0.0197,0.4085
1627,0.6022,0.02,0.4445
1628,0.5839,0.0193,0.439
1629,0.5874,0.0195,0.4338
1630,0.5681,0.0189,0.4159
1631,0.5771,0.0191,0.4233
1632,0.5771,0.019,0.446
1633,0.6074,0.02,0.4659
1634,0.6431,0.0212,0.4995
1635,0.608,0.0201,0.4434
1636,0.6156,0.0204,0.4867
1637,0.6167,0.0203,0.5022
1638,0.6192,0.0202,0.5385
1639,0.6132,0.02,0.5425
1640,0.6367,0.0208,0.584
1641,0.6461,0.021,0.6217
1642,0.7546,0.0245,0.8186
1643,1.17,0.0383,1.7103
1644,1.1702,0.0384,1.6637
1645,0.8893,0.0291,0.992
1646,1.0791,0.0356,1.3266
1647,0.9645,0.0318,1.0503
1648,0.7918,0.0261,0.7147
1649,0.6632,0.0219,0.5261
1650,0.649,0.0214,0.541
1651,0.8015,0.0265,0.7705
1652,0.9237,0.0306,0.9414
1653,0.8261,0.0273,0.7639
1654,0.6825,0.0226,0.5344
1655,0.6044,0.0199,0.4304
1656,0.5461,0.018,0.37
1657,0.4913,0.0162,0.3157
1658,0.448,0.0147,0.3032
1659,0.3638,0.0119,0.2358
1660,0.3564,0.0116,0.2309
1661,0.3848,0.0125,0.2796
1662,0.4719,0.0154,0.3683
1663,0.5684,0.0186,0.4701
1664,0.4967,0.0163,0.3549
1665,0.3604,0.0118,0.1977
1666,0.3288,0.0109,0.1574
1667,0.2853,0.0095,0.1352
1668,0.2565,0.0086,0.1074
1669,0.2183,0.0073,0.0718
1670,0.2108,0.0071,0.0579
1671,0.2324,0.0079,0.0776
1672,0.1933,0.0065,0.0501
1673,0.1745,0.0059,0.0443
1674,0.1967,0.0066,0.0577
1675,0.2134,0.0072,0.0644
1676,0.2149,0.0073,0.0633
1677,0.1676,0.0057,0.0436
1678,0.192,0.0065,0.0534
1679,0.2105,0.0071,0.059
1680,0.1941,0.0066,0.0535
1681,0.1946,0.0066,0.0463
1682,0.1874,0.0063,0.0515
1683,0.2007,0.0067,0.0576
1684,0.189,0.0064,0.0581
1685,0.1614,0.0055,0.0454
1686,0.1592,0.0054,0.0415
1687,0.1601,0.0054,0.0406
1688,0.1693,0.0058,0.0496
1689,0.1858,0.0063,0.06
1690,0.2828,0.0097,0.12
1691,0.1704,0.0058,0.0624
1692,0.3318,0.0112,0.1421
1693,0.5816,0.0196,0.3931
1694,0.65,0.0219,0.4914
1695,0.4732,0.016,0.2667
1696,0.4043,0.0136,0.1959
1697,0.405,0.0136,0.196
1698,0.524,0.0176,0.3111
1699,0.6222,0.0209,0.4189
1700,0.5486,0.0184,0.3554
1701,0.4169,0.014,0.2415
1702,0.44,0.0148,0.2549
1703,0.5032,0.0169,0.3099
1704,0.5039,0.0169,0.313
1705,0.4839,0.0163,0.2881
1706,0.4629,0.0156,0.2706
1707,0.44,0.0148,0.2347
1708,0.4619,0.0155,0.2532
1709,0.4587,0.0154,0.2449
1710,0.4822,0.0161,0.2798
1711,0.5368,0.018,0.3382
1712,0.5915,0.0198,0.4212
1713,0.6941,0.0232,0.5777
1714,0.774,0.0258,0.7038
1715,0.6037,0.0201,0.4354
1716,0.5318,0.0176,0.392
1717,0.4974,0.0164,0.3891
1718,0.5338,0.0175,0.4448
1719,0.5369,0.0175,0.4768
1720,0.4977,0.0162,0.4462
1721,0.4896,0.0159,0.442
1722,0.5305,0.0172,0.4713
1723,0.5806,0.0188,0.556
1724,0.6311,0.0204,0.622
1725,0.6057,0.0196,0.5758
1726,0.6034,0.0196,0.5425
1727,0.5852,0.019,0.4947
1728,0.5851,0.019,0.512
1729,0.5951,0.0193,0.5353
1730,0.5954,0.0193,0.5544
1731,0.5679,0.0185,0.4771
1732,0.5576,0.0182,0.4442
1733,0.5555,0.0181,0.4442
1734,0.5554,0.0181,0.4418
1735,0.5815,0.0189,0.4802
1736,0.5938,0.0195,0.5024
1737,0.5634,0.0187,0.4409
1738,0.5425,0.0179,0.4107
1739,0.5917,0.0193,0.5014
1740,0.6835,0.0222,0.648
1741,0.6795,0.0221,0.6516
1742,0.7238,0.0235,0.7466
1743,0.8213,0.0268,0.9015
1744,0.7959,0.0259,0.8579
1745,0.6609,0.0215,0.6413
1746,0.6048,0.0198,0.5224
1747,0.5567,0.0182,0.5055
1748,0.5621,0.0183,0.5395
1749,0.5562,0.0181,0.5016
1750,0.5407,0.0177,0.4726
1751,0.5466,0.0179,0.4826
1752,0.5314,0.0173,0.4639
1753,0.5534,0.0179,0.5256
1754,0.6512,0.0212,0.6398
1755,0.6847,0.0224,0.6522
1756,0.7439,0.0245,0.7402
1757,0.7879,0.0259,0.8156
1758,0.7962,0.0262,0.8249
1759,0.7229,0.0238,0.7094
1760,0.5986,0.0196,0.4923
1761,0.611,0.0201,0.4772
1762,0.6295,0.0207,0.5142
1763,0.6011,0.0197,0.5011
1764,0.5982,0.0196,0.5122
1765,0.6791,0.0223,0.6471
1766,0.7608,0.0251,0.8011
1767,0.8934,0.0297,1.0423
1768,0.8035,0.0267,0.8319
1769,0.5037,0.0166,0.3807
1770,0.3002,0.0099,0.1721
1771,0.311,0.0103,0.1709
1772,0.3286,0.0109,0.1966
1773,0.2977,0.0098,0.1676
1774,0.2783,0.0092,0.1458
1775,0.2698,0.0089,0.1354
1776,0.2486,0.0082,0.1095
1777,0.3093,0.0103,0.1338
1778,0.4081,0.0137,0.203
1779,0.5246,0.0176,0.3219
1780,0.6213,0.0209,0.4369
1781,0.6941,0.0233,0.5326
1782,0.6697,0.0225,0.4891
1783,0.6458,0.0217,0.4441
1784,0.5589,0.0188,0.3499
1785,0.4554,0.0153,0.2415
1786,0.2832,0.0094,0.1036
1787,0.2302,0.0077,0.0718
1788,0.1922,0.0064,0.061
1789,0.2277,0.0076,0.0914
1790,0.3329,0.0112,0.168
1791,0.4243,0.0142,0.2748
1792,0.3279,0.011,0.1558
1793,0.2295,0.0077,0.0696
1794,0.2287,0.0076,0.0845
1795,0.2866,0.0096,0.1315
1796,0.3345,0.0113,0.1564
1797,0.307,0.0104,0.1313
1798,0.2543,0.0086,0.1027
1799,0.229,0.0078,0.0808
1800,0.1983,0.0068,0.0496
1801,0.2056,0.007,0.0594
1802,0.212,0.0073,0.0681
1803,0.2421,0.0082,0.0742
1804,0.2764,0.0094,0.0997
1805,0.2986,0.0101,0.1311
1806,0.3374,0.0115,0.1652
1807,0.3476,0.0118,0.1732
1808,0.2834,0.0096,0.1182
1809,0.2609,0.0089,0.0975
1810,0.2582,0.0088,0.0902
1811,0.2764,0.0094,0.1074
1812,0.2941,0.01,0.1226
1813,0.3713,0.0126,0.2
1814,0.6154,0.0209,0.5313
1815,1.1871,0.0404,1.6138
1816,1.1463,0.039,1.4937
1817,0.678,0.0231,0.5718
1818,0.3386,0.0115,0.1628
1819,0.2696,0.0092,0.1011
1820,0.2563,0.0087,0.0978
1821,0.2674,0.009,0.0976
1822,0.2338,0.0079,0.0815
1823,0.2495,0.0084,0.09
1824,0.363,0.0124,0.1747
1825,0.4763,0.0163,0.321
1826,0.6383,0.0218,0.5537
1827,0.8496,0.0289,0.9151
1828,1.0096,0.0342,1.2283
1829,1.1256,0.0381,1.4928
1830,1.0836,0.0367,1.4066
1831,1.1045,0.0374,1.4564
1832,1.0291,0.0349,1.2655
1833,0.783,0.0266,0.8317
1834,0.5699,0.0194,0.4885
1835,0.385,0.0131,0.2554
1836,0.3914,0.0133,0.2383
1837,0.4482,0.0152,0.3124
1838,0.473,0.016,0.3237
1839,0.598,0.0203,0.4999
1840,0.5417,0.0184,0.3981
1841,0.5146,0.0175,0.3607
1842,0.5591,0.019,0.4066
1843,0.595,0.0202,0.4455
1844,0.6076,0.0207,0.4649
1845,0.6077,0.0207,0.4496
1846,0.579,0.0197,0.4157
1847,0.6006,0.0204,0.47
1848,0.5814,0.0198,0.4726
1849,0.5817,0.0198,0.4897
1850,0.5603,0.0191,0.4575
1851,0.486,0.0165,0.3464
1852,0.3872,0.0132,0.2333
1853,0.3142,0.0107,0.1518
1854,0.2844,0.0097,0.1268
1855,0.2649,0.009,0.1218
1856,0.3134,0.0106,0.1534
1857,0.4254,0.0145,0.2816
1858,0.5184,0.0177,0.3752
1859,0.4954,0.0169,0.3425
1860,0.5859,0.0201,0.4393
1861,0.4181,0.0142,0.2493
1862,0.3253,0.0109,0.1544
1863,0.3422,0.0113,0.1951
1864,0.3581,0.0119,0.197
1865,0.3795,0.0126,0.212
1866,0.3929,0.013,0.2389
1867,0.453,0.0149,0.3165
1868,0.5018,0.0165,0.4063
1869,0.5071,0.0168,0.4027
1870,0.532,0.0177,0.3893
1871,0.5694,0.0189,0.4292
1872,0.5521,0.0184,0.3994
1873,0.5291,0.0176,0.3435
1874,0.5152,0.0172,0.3195
1875,0.5271,0.0177,0.3149
1876,0.5439,0.0183,0.3293
1877,0.5682,0.0191,0.3575
1878,0.5913,0.0198,0.3864
1879,0.5806,0.0194,0.3722
1880,0.5528,0.0185,0.3538
1881,0.5983,0.02,0.3843
1882,0.558,0.0186,0.3351
1883,0.8059,0.0268,0.6901
1884,0.6481,0.0216,0.4702
1885,0.7829,0.0261,0.6537
1886,0.7847,0.0262,0.6482
1887,0.6351,0.0212,0.4405
1888,0.4992,0.0167,0.2817
1889,0.4542,0.0151,0.2546
1890,0.5184,0.0172,0.3346
1891,0.6342,0.021,0.4533
1892,0.6285,0.0209,0.4351
1893,0.5576,0.0185,0.3563
1894,0.4704,0.0156,0.2661
1895,0.4196,0.0139,0.216
1896,0.4658,0.0155,0.2505
1897,0.5014,0.0166,0.295
1898,0.4746,0.0158,0.277
1899,0.3932,0.013,0.198
1900,0.4003,0.0132,0.2049
1901,0.478,0.0158,0.2718
1902,0.5509,0.0182,0.3438
1903,0.5954,0.0197,0.4025
1904,0.5346,0.0176,0.3311
1905,0.3564,0.0118,0.1801
1906,0.2626,0.0087,0.0992
1907,0.3001,0.01,0.1221
1908,0.4644,0.0155,0.2375
1909,0.5053,0.0169,0.2725
1910,0.3135,0.0105,0.1255
1911,0.2923,0.0099,0.1217
1912,0.2419,0.0082,0.0808
1913,0.2049,0.0069,0.0523
1914,0.1733,0.0058,0.0435
1915,0.2064,0.0069,0.0656
1916,0.254,0.0085,0.0954
1917,0.2579,0.0087,0.0922
1918,0.2536,0.0085,0.081
1919,0.2589,0.0087,0.0893
1920,0.2381,0.0081,0.0736
1921,0.1958,0.0067,0.0703
1922,0.2365,0.008,0.0853
1923,0.2115,0.0071,0.0706
1924,0.1656,0.0055,0.0464
1925,0.1711,0.0057,0.0444
1926,0.1915,0.0064,0.0545
1927,0.1388,0.0046,0.034
1928,0.1311,0.0044,0.0271
1929,0.1908,0.0064,0.0538
1930,0.2226,0.0075,0.069
1931,0.2029,0.0069,0.0593
1932,0.1717,0.0058,0.0456
1933,0.2168,0.0073,0.0879
1934,0.2498,0.0084,0.1029
1935,0.3075,0.0103,0.1412
1936,0.305,0.0103,0.1348
1937,0.2786,0.0094,0.1103
1938,0.351,0.0118,0.1678
1939,0.4251,0.0143,0.2346
1940,0.4511,0.0152,0.274
1941,0.3927,0.0132,0.2405
1942,0.3961,0.0134,0.2506
1943,0.3951,0.0134,0.2348
1944,0.3672,0.0124,0.1986
1945,0.2808,0.0096,0.1134
1946,0.3086,0.0105,0.1296
1947,0.3493,0.0118,0.1572
1948,0.3467,0.0118,0.1548
1949,0.2432,0.0083,0.0884
1950,0.1823,0.0062,0.0595
1951,0.1523,0.0052,0.0337
1952,0.1427,0.0049,0.0323
1953,0.2049,0.007,0.0587
1954,0.248,0.0086,0.0914
1955,0.4041,0.014,0.2246
1956,0.4546,0.0157,0.2662
1957,0.4046,0.0139,0.1908
1958,0.4295,0.0147,0.2526
1959,0.4788,0.0164,0.3033
1960,0.4687,0.0161,0.2959
1961,0.3902,0.0133,0.2109
1962,0.4693,0.016,0.2935
1963,0.5223,0.0178,0.3554
1964,0.5069,0.0173,0.3271
1965,0.4002,0.0136,0.2218
1966,0.368,0.0126,0.1883
1967,0.3394,0.0116,0.1687
1968,0.317,0.0108,0.1563
1969,0.2981,0.0101,0.1382
1970,0.2973,0.0101,0.1421
1971,0.3195,0.0108,0.167
1972,0.2726,0.0093,0.1299
1973,0.2012,0.0069,0.0649
1974,0.1901,0.0065,0.0458
1975,0.1568,0.0053,0.0351
1976,0.2109,0.0072,0.0646
1977,0.2213,0.0075,0.078
1978,0.2243,0.0076,0.0701
1979,0.2013,0.0068,0.0736
1980,0.2521,0.0086,0.0999
1981,0.2846,0.0096,0.122
1982,0.2938,0.01,0.1196
1983,0.2658,0.009,0.1086
1984,0.2515,0.0084,0.0881
1985,0.2362,0.0079,0.0761
1986,0.235,0.0079,0.0795
1987,0.3025,0.0101,0.1278
1988,0.386,0.0129,0.1927
1989,0.4508,0.0151,0.2576
1990,0.5286,0.0178,0.3602
1991,0.5903,0.0198,0.4072
1992,0.5843,0.0196,0.4129
1993,0.576,0.0193,0.406
1994,0.596,0.02,0.4278
1995,0.6699,0.0224,0.5343
1996,0.7503,0.0251,0.68
1997,0.7905,0.0264,0.7562
1998,0.8586,0.0287,0.8551
1999,0.8512,0.0285,0.865
2000,0.7907,0.0265,0.7624
2001,0.6961,0.0234,0.596
2002,0.6293,0.0212,0.5162
2003,0.607,0.0205,0.4714
2004,0.6172,0.0207,0.4494
2005,0.6542,0.0218,0.5109
2006,0.6319,0.0211,0.4481
2007,0.5731,0.0192,0.3785
2008,0.5416,0.0181,0.3502
2009,0.6124,0.0204,0.4566
2010,0.7325,0.0243,0.655
2011,0.7167,0.0238,0.6032
2012,0.7035,0.0235,0.5959
2013,0.6911,0.0231,0.5706
2014,0.694,0.0232,0.5878
2015,0.6735,0.0225,0.5338
2016,0.6149,0.0205,0.4338
2017,0.5292,0.0176,0.3442
2018,0.5019,0.0167,0.2945
2019,0.5528,0.0183,0.3414
2020,0.6044,0.0201,0.4067
2021,0.6623,0.022,0.4802
2022,0.655,0.0217,0.479
2023,0.5195,0.0172,0.3195
2024,0.4324,0.0143,0.2185
2025,0.3916,0.013,0.1748
2026,0.3304,0.0109,0.1354
2027,0.3064,0.0101,0.1129
2028,0.3709,0.0123,0.1669
2029,0.3962,0.0132,0.1941
2030,0.3547,0.0118,0.1654
2031,0.3149,0.0105,0.1286
2032,0.3117,0.0104,0.1196
2033,0.2829,0.0094,0.0966
2034,0.2634,0.0087,0.0951
2035,0.3153,0.0104,0.1412
2036,0.4061,0.0135,0.1974
2037,0.3253,0.0108,0.1325
2038,0.3023,0.0101,0.1175
2039,0.3227,0.0108,0.1301
2040,0.4135,0.0138,0.2101
2041,0.4037,0.0135,0.2049
2042,0.3527,0.0118,0.164
2043,0.2929,0.0098,0.1182
2044,0.3988,0.0133,0.2007
2045,0.5433,0.0181,0.3516
2046,0.5775,0.0192,0.3829
2047,0.5035,0.0167,0.3082
2048,0.4398,0.0146,0.2485
2049,0.3809,0.0127,0.1866
2050,0.3407,0.0113,0.1576
2051,0.3588,0.0119,0.1553
2052,0.4258,0.0142,0.2059
2053,0.5694,0.019,0.3542
2054,0.5763,0.0192,0.3763
2055,0.4919,0.0164,0.2821
2056,0.403,0.0135,0.1936
2057,0.3344,0.0112,0.1454
2058,0.3214,0.0108,0.1416
2059,0.3794,0.0127,0.1978
2060,0.4327,0.0145,0.2508
2061,0.3726,0.0125,0.182
2062,0.367,0.0123,0.1733
2063,0.3493,0.0117,0.1591
2064,0.3284,0.011,0.1594
2065,0.3267,0.0109,0.1632
2066,0.3236,0.0108,0.1724
2067,0.2936,0.0098,0.1532
2068,0.2823,0.0093,0.1548
2069,0.3228,0.0107,0.1892
2070,0.3621,0.0119,0.2305
2071,0.2747,0.009,0.1591
2072,0.2157,0.0072,0.0733
2073,0.2048,0.0069,0.0615
2074,0.176,0.0059,0.0512
2075,0.1571,0.0053,0.0397
2076,0.132,0.0044,0.0288
2077,0.2014,0.0068,0.0553
2078,0.2167,0.0073,0.071
2079,0.2722,0.0092,0.1148
2080,0.295,0.01,0.1667
2081,0.3131,0.0106,0.1736
2082,0.2644,0.0089,0.1392
2083,0.2947,0.0099,0.1281
2084,0.2768,0.0093,0.1145
2085,0.2479,0.0083,0.0972
2086,0.2573,0.0086,0.0964
2087,0.2367,0.0079,0.086
2088,0.2025,0.0068,0.0594
2089,0.187,0.0063,0.0522
2090,0.2676,0.0091,0.1083
2091,0.4242,0.0144,0.2591
2092,0.603,0.0205,0.5477
2093,0.7581,0.0257,0.8131
2094,0.8332,0.0282,0.9713
2095,0.8302,0.028,0.9909
2096,0.7861,0.0265,0.8753
2097,0.5056,0.017,0.4041
2098,0.3738,0.0125,0.2616
2099,0.3416,0.0113,0.2843
2100,0.3873,0.0129,0.2801
2101,0.5007,0.0167,0.3128
2102,0.6059,0.0204,0.4095
2103,0.6408,0.0216,0.4656
2104,0.5931,0.0199,0.3982
2105,0.5467,0.0183,0.3419
2106,0.5704,0.0192,0.3817
2107,0.5755,0.0193,0.4123
2108,0.5351,0.0179,0.3786
2109,0.4341,0.0144,0.2742
2110,0.3704,0.0123,0.2072
2111,0.3567,0.0119,0.1848
2112,0.331,0.011,0.1611
2113,0.331,0.011,0.1563
2114,0.3272,0.0108,0.1763
2115,0.3645,0.0121,0.2212
2116,0.3941,0.0131,0.2459
2117,0.419,0.0139,0.278
2118,0.4788,0.0158,0.3557
2119,0.5174,0.0171,0.4167
2120,0.3941,0.0129,0.2616
2121,0.3488,0.0115,0.2045
2122,0.3937,0.0129,0.2623
2123,0.4641,0.0152,0.4029
2124,0.5524,0.0181,0.5517
2125,0.4719,0.0154,0.4376
2126,0.5241,0.0173,0.4029
2127,0.5565,0.0183,0.4777
2128,0.4372,0.0144,0.3094
2129,0.3695,0.0121,0.2593
2130,0.3957,0.013,0.2926
2131,0.4263,0.014,0.3522
2132,0.4729,0.0156,0.3871
2133,0.433,0.0143,0.3083
2134,0.3655,0.0121,0.2021
2135,0.3001,0.01,0.1297
2136,0.2902,0.0096,0.1226
2137,0.3063,0.0102,0.139
2138,0.2787,0.0092,0.1277
2139,0.264,0.0087,0.1285
2140,0.3183,0.0104,0.1755
2141,0.3791,0.0125,0.2182
2142,0.3793,0.0125,0.2156
2143,0.3115,0.0103,0.1385
2144,0.2716,0.0091,0.1009
2145,0.2351,0.0079,0.0827
2146,0.2282,0.0077,0.0765
2147,0.2184,0.0073,0.076
2148,0.2387,0.0079,0.094
2149,0.3007,0.01,0.1474
2150,0.492,0.0165,0.3307
2151,0.8148,0.0273,0.7872
2152,0.644,0.0216,0.4793
2153,0.388,0.0129,0.1896
2154,0.2861,0.0095,0.1134
2155,0.2888,0.0096,0.1183
2156,0.2957,0.0098,0.1183
2157,0.2561,0.0085,0.0888
2158,0.2212,0.0074,0.0727
2159,0.2414,0.0081,0.0821
